CREATE TABLE `configs` (
  `id` int(11) unsigned NOT NULL AUTO_INCREMENT,
  `key` varchar(50) NOT NULL,
  `value` text,
  `type` varchar(20) NOT NULL,
  `bucket` varchar(20) DEFAULT NULL,
  `notes` text,
  `updated_timestamp` timestamp NOT NULL DEFAULT CURRENT_TIMESTAMP ON UPDATE CURRENT_TIMESTAMP,
  PRIMARY KEY (`id`)
) ENGINE=InnoDB AUTO_INCREMENT=51 DEFAULT CHARSET=latin1;



CREATE TABLE `d_api_keys` (
  `id` int(11) unsigned NOT NULL AUTO_INCREMENT,
  `uid` varchar(36) NOT NULL,
  `keyValue` varchar(36) NOT NULL DEFAULT '',
  `secret` varchar(300) NOT NULL,
  `status` varchar(11) DEFAULT 'NONE',
  `notes` text,
  `created_timestamp` timestamp NOT NULL DEFAULT CURRENT_TIMESTAMP,
  `updated_timestamp` timestamp NOT NULL DEFAULT CURRENT_TIMESTAMP ON UPDATE CURRENT_TIMESTAMP,
  PRIMARY KEY (`id`)
) ENGINE=InnoDB AUTO_INCREMENT=22 DEFAULT CHARSET=latin1;


CREATE TABLE `d_hits` (
  `id` int(11) unsigned NOT NULL AUTO_INCREMENT,
  `projectId` varchar(36) NOT NULL,
  `data` text CHARACTER SET utf8,
  `extras` text,
  `status` varchar(50) NOT NULL DEFAULT 'notDone',
  `evaluation` varchar(50) DEFAULT 'NONE',
  `isGoldenHIT` tinyint(1) DEFAULT '0',
  `goldenHITResultId` int(11) unsigned DEFAULT '0',
  `notes` text,
  `created_timestamp` timestamp NOT NULL DEFAULT CURRENT_TIMESTAMP,
  `updated_timestamp` timestamp NOT NULL DEFAULT CURRENT_TIMESTAMP ON UPDATE CURRENT_TIMESTAMP,
  `isURL` tinyint(4) DEFAULT '0',
  PRIMARY KEY (`id`)
) ENGINE=InnoDB AUTO_INCREMENT=3561574 DEFAULT CHARSET=latin1;



CREATE TABLE `d_hits_result` (
  `id` int(11) unsigned NOT NULL AUTO_INCREMENT,
  `hitId` int(11) unsigned NOT NULL,
  `projectId` varchar(36) NOT NULL DEFAULT '',
  `result` text CHARACTER SET utf8,
  `userId` varchar(36) NOT NULL,
  `timeTakenToLabelInSec` int(11) unsigned DEFAULT '0',
  `notes` text,
  `created_timestamp` timestamp NOT NULL DEFAULT CURRENT_TIMESTAMP,
  `updated_timestamp` timestamp NOT NULL DEFAULT CURRENT_TIMESTAMP ON UPDATE CURRENT_TIMESTAMP,
  PRIMARY KEY (`id`)
) ENGINE=InnoDB AUTO_INCREMENT=948028 DEFAULT CHARSET=latin1;



CREATE TABLE `d_org_users` (
  `id` int(11) unsigned NOT NULL AUTO_INCREMENT,
  `orgId` varchar(36) NOT NULL,
  `userId` varchar(36) NOT NULL,
  `role` varchar(10) DEFAULT NULL,
  `notes` text,
  `created_timestamp` timestamp NOT NULL DEFAULT CURRENT_TIMESTAMP,
  `updated_timestamp` timestamp NOT NULL DEFAULT CURRENT_TIMESTAMP ON UPDATE CURRENT_TIMESTAMP,
  PRIMARY KEY (`id`)
) ENGINE=InnoDB AUTO_INCREMENT=26 DEFAULT CHARSET=latin1;



CREATE TABLE `d_orgs` (
  `id` varchar(36) NOT NULL,
  `name` varchar(36) NOT NULL,
  `subscriptionId` int(11) unsigned NOT NULL,
  `website` varchar(300) DEFAULT NULL,
  `contactName` varchar(50) CHARACTER SET utf8 DEFAULT NULL,
  `contactEmail` varchar(100) CHARACTER SET utf8 DEFAULT NULL,
  `contactPhone` varchar(20) DEFAULT NULL,
  `city` varchar(100) CHARACTER SET utf8 DEFAULT NULL,
  `country` varchar(100) CHARACTER SET utf8 DEFAULT NULL,
  `logoPic` varchar(300) CHARACTER SET utf8 DEFAULT NULL,
  `notes` text,
  `created_timestamp` timestamp NOT NULL DEFAULT CURRENT_TIMESTAMP,
  `updated_timestamp` timestamp NOT NULL DEFAULT CURRENT_TIMESTAMP ON UPDATE CURRENT_TIMESTAMP,
  PRIMARY KEY (`id`)
) ENGINE=InnoDB DEFAULT CHARSET=latin1;

CREATE TABLE `d_project_invites` (
  `id` int(11) unsigned NOT NULL AUTO_INCREMENT,
  `inviterId` varchar(36) NOT NULL,
  `projectId` varchar(36) NOT NULL,
  `email` varchar(100) CHARACTER SET utf8 DEFAULT NULL,
  `role` varchar(20) NOT NULL DEFAULT 'CONTRIBUTOR',
  `notes` text,
  `created_timestamp` timestamp NOT NULL DEFAULT CURRENT_TIMESTAMP,
  `updated_timestamp` timestamp NOT NULL DEFAULT CURRENT_TIMESTAMP ON UPDATE CURRENT_TIMESTAMP,
  PRIMARY KEY (`id`)
) ENGINE=InnoDB AUTO_INCREMENT=11 DEFAULT CHARSET=latin1;


CREATE TABLE `d_project_users` (
  `id` int(11) unsigned NOT NULL AUTO_INCREMENT,
  `projectId` varchar(36) NOT NULL,
  `userId` varchar(36) NOT NULL,
  `role` varchar(20) DEFAULT NULL,
  `notes` text,
  `created_timestamp` timestamp NOT NULL DEFAULT CURRENT_TIMESTAMP,
  `updated_timestamp` timestamp NOT NULL DEFAULT CURRENT_TIMESTAMP ON UPDATE CURRENT_TIMESTAMP,
  PRIMARY KEY (`id`)
) ENGINE=InnoDB AUTO_INCREMENT=47 DEFAULT CHARSET=latin1;

CREATE TABLE `d_projects` (
  `id` varchar(36) NOT NULL,
  `name` varchar(100) CHARACTER SET utf8 DEFAULT NULL,
  `orgId` varchar(36) NOT NULL,
  `accessType` varchar(50) DEFAULT NULL,
  `taskType` varchar(50) DEFAULT NULL,
  `taskRules` text CHARACTER SET utf8,
  `subtitle` varchar(100) DEFAULT NULL,
  `description` text CHARACTER SET utf8,
  `shortDescription` text CHARACTER SET utf8,
  `status` varchar(50) DEFAULT NULL,
  `totalStorageInMBs` int(11) DEFAULT '0',
  `labelsDone` int(11) NOT NULL DEFAULT '0',
  `validateWithGoldenHITs` tinyint(1) DEFAULT '0',
  `minGoldenHITs` int(11) DEFAULT '5',
  `HITRepeatCount` int(11) DEFAULT '2',
  `notes` text,
  `created_timestamp` timestamp NOT NULL DEFAULT CURRENT_TIMESTAMP,
  `updated_timestamp` timestamp NOT NULL DEFAULT CURRENT_TIMESTAMP ON UPDATE CURRENT_TIMESTAMP,
  PRIMARY KEY (`id`)
) ENGINE=InnoDB DEFAULT CHARSET=latin1;

CREATE TABLE `d_subscription_plans` (
  `id` int(11) unsigned NOT NULL AUTO_INCREMENT,
  `name` varchar(36) NOT NULL,
  `displayName` varchar(50) DEFAULT NULL,
  `paid` tinyint(1) NOT NULL DEFAULT '0',
  `amountPerMonth` double DEFAULT '0',
  `discountPercent` int(11) DEFAULT '0',
  `numProjects` int(11) DEFAULT '100',
  `numHITsPerProject` int(11) DEFAULT '1000000',
  `totalStorageInGBs` int(11) DEFAULT '10',
  `numUsers` int(11) DEFAULT '1',
  `config` text,
  `notes` text,
  `created_timestamp` timestamp NOT NULL DEFAULT CURRENT_TIMESTAMP,
  `updated_timestamp` timestamp NOT NULL DEFAULT CURRENT_TIMESTAMP ON UPDATE CURRENT_TIMESTAMP,
  PRIMARY KEY (`id`)
) ENGINE=InnoDB AUTO_INCREMENT=10 DEFAULT CHARSET=latin1;

CREATE TABLE `d_subscriptions` (
  `id` int(11) unsigned NOT NULL AUTO_INCREMENT,
  `orgId` varchar(36) NOT NULL,
  `planId` int(11) unsigned NOT NULL,
  `paymentMethodId` int(11) unsigned DEFAULT '0',
  `config` text,
  `labelsDone` int(11) NOT NULL DEFAULT '0',
  `validTill` timestamp NULL DEFAULT NULL,
  `notes` text,
  `created_timestamp` timestamp NOT NULL DEFAULT CURRENT_TIMESTAMP,
  `updated_timestamp` timestamp NOT NULL DEFAULT CURRENT_TIMESTAMP ON UPDATE CURRENT_TIMESTAMP,
  PRIMARY KEY (`id`)
) ENGINE=InnoDB AUTO_INCREMENT=23 DEFAULT CHARSET=latin1;

CREATE TABLE `d_users` (
  `id` varchar(36) NOT NULL,
  `oAuthId` varchar(48) NOT NULL,
  `oAuthType` varchar(20) DEFAULT NULL,
  `firstName` varchar(50) CHARACTER SET utf8 DEFAULT NULL,
  `secondName` varchar(50) CHARACTER SET utf8 DEFAULT NULL,
  `city` varchar(50) CHARACTER SET utf8 DEFAULT NULL,
  `phone` varchar(20) DEFAULT NULL,
  `email` varchar(100) CHARACTER SET utf8 DEFAULT NULL,
  `profileLink` varchar(300) CHARACTER SET utf8 DEFAULT NULL,
  `profilePic` varchar(300) CHARACTER SET utf8 DEFAULT NULL,
  `status` varchar(10) DEFAULT NULL,
  `notificationToken` text,
  `password` varchar(64) DEFAULT NULL,
  `notes` text,
  `created_timestamp` timestamp NOT NULL DEFAULT CURRENT_TIMESTAMP,
  `updated_timestamp` timestamp NOT NULL DEFAULT CURRENT_TIMESTAMP ON UPDATE CURRENT_TIMESTAMP,
  PRIMARY KEY (`id`),
  UNIQUE KEY `oAuthId` (`oAuthId`),
  UNIQUE KEY `email` (`email`)
) ENGINE=InnoDB DEFAULT CHARSET=latin1;

CREATE TABLE `keyValues` (
  `id` int(11) unsigned NOT NULL AUTO_INCREMENT,
  `keyName` varchar(100) DEFAULT NULL,
  `typeName` varchar(100) DEFAULT NULL,
  `fieldValue` text,
  `notes` text,
  `updated_timestamp` timestamp NOT NULL DEFAULT CURRENT_TIMESTAMP ON UPDATE CURRENT_TIMESTAMP,
  PRIMARY KEY (`id`)
) ENGINE=InnoDB AUTO_INCREMENT=997 DEFAULT CHARSET=utf8;


#key
INSERT INTO `configs` (`key`, `value`, `type`)
VALUES
  ( 'publicKey', '-----BEGIN PUBLIC KEY-----\nMIIBIjANBgkqhkiG9w0BAQEFAAOCAQ8AMIIBCgKCAQEArPjaCCZ51odBmCv45TnF\nf1fpjpY+vL7qy1XOsFlpY04RF7OFlK2zPnNJohbF5MDXNHVBGVqJ1vbUL9sCOxzX\nPOH4fvI0azam/8lFo33hO34Z+PBqaRhUJnE6HBVU0WHqIKgIUVIJtNcHPNsH741E\n8bs8xdfh0UtM/eYgqOyR95KAOtv4BELutVOiyq038lA2rVfpotHSJZYkG2z4Fijl\nfGtk1ryk8bB1vNWdnWmHMizu2bA5qryNQOYHOcDEUzJuZxcI3kPZYRgEMj2WOqw5\n4LnMxUAOhNFYbHKdmYEhwfSWBvDBkhTZv1jvs09NVIZi0dtmOvmh3JcjQh5jo2OA\nSQIDAQAB\n-----END PUBLIC KEY-----', 'string');


#configs.
INSERT INTO `d_subscription_plans` (`id`, `name`, `displayName`, `paid`, `amountPerMonth`, `discountPercent`, `numProjects`, `numHITsPerProject`, `totalStorageInGBs`, `numUsers`, `config`)
VALUES
  (2, 'Onprem users', 'Onprem users', 1, 0, 0, 100, 1000000, 10, 1, '{\n  \"maxStringLengthForTextTasks\": \"500000\",\n  \"fileUploadMaxSizeBytes\": \"2073741824\",\n \"maxHitsPerProject\": \"10000000\",\n        \"numLabelsAllowed\": \"2500000\"\n}');


INSERT INTO `configs` ( `key`, `value`, `type`)
VALUES
  ('isDataturksAuthTokenEnabled', 'true', 'boolean');

INSERT INTO `configs` (`key`, `value`, `type`)
VALUES
  ('internalLoginAllowed', 'true', 'boolean');

INSERT INTO `configs` (`key`, `value`, `type`)
VALUES
  ('dDripFlowsStatus', 'false', 'boolean');

INSERT INTO `configs` (`key`, `value`, `type`)
VALUES
  ('imageUploadAllowed', 'true', 'boolean');

INSERT INTO `configs` ( `key`, `value`, `type`)
VALUES
  ('dFreePlanId', '2', 'int');

INSERT INTO `configs` ( `key`, `value`, `type`)
VALUES
  ('dEmailSendingAllowed', 'false', 'boolean');

INSERT INTO `configs` (`key`, `value`, `type`)
VALUES
  ('fileUploadDir', '/tmp', 'string');

INSERT INTO `configs` (`key`, `value`, `type`)
VALUES
  ('fileDownloadDir', '/tmp', 'string');

INSERT INTO `configs` (`key`, `value`, `type`)
VALUES
  ('dUploadStoragePath', '/home/dataturks/bazaar/uploads', 'string');

INSERT INTO `configs` (`key`, `value`, `type`)
VALUES
  ('maxStringLengthForTextTasks', '9000000', 'int'),
  ('fileUploadMaxSizeBytes', '2147483600', 'int');






#Demo
INSERT INTO `d_users` (`id`, `oAuthId`, `oAuthType`, `firstName`, `secondName`, `city`, `phone`, `email`)
VALUES
  ('2c9fafb061a7cacd0161a7ce66a90000', '123', 'Google', 'Jane', 'doe', NULL, '00', 'publicproject@dataturks.com');


INSERT INTO `d_orgs` (`id`, `name`, `subscriptionId`, `website`, `contactName`, `contactEmail`, `contactPhone`, `city`, `country`, `logoPic`, `notes`, `created_timestamp`, `updated_timestamp`)
VALUES
  ('2c9fafb061fa00c70161ff4dab0b002d', 'Dataturks', 1, NULL, 'data', 'dataturksinfo@gmail.com', NULL, NULL, NULL, 'https://lh3.googleusercontent.com/-XdUIqdMkCWA/AAAAAAAAAAI/AAAAAAAAAAA/4252rscbv5M/photo.jpg', NULL, '2018-03-07 07:12:15', '2018-03-16 08:07:16');


INSERT INTO `d_subscriptions` (`id`, `orgId`, `planId`, `paymentMethodId`, `config`, `labelsDone`, `validTill`, `notes`, `created_timestamp`, `updated_timestamp`)
VALUES
  (1, '2c9fafb061fa00c70161ff4dab0b002d', 1, 0, NULL, 0, NULL, NULL, '2018-03-07 07:12:15', '2018-08-19 08:59:38');


INSERT INTO `d_subscription_plans` (`id`, `name`, `displayName`, `paid`, `amountPerMonth`, `discountPercent`, `numProjects`, `numHITsPerProject`, `totalStorageInGBs`, `numUsers`, `config`, `notes`, `created_timestamp`, `updated_timestamp`)
VALUES
  (1, 'Dataturks', 'Dataturks', 0, 0, 0, 100, 1000000, 10, 1, '{\n  \"maxStringLengthForTextTasks\": \"800000\",\n \"fileUploadMaxSizeBytes\": \"1073741824\",\n \"maxHitsPerProject\": \"2000000\",\n \"numLabelsAllowed\": \"150000000\"\n}', NULL, '2018-03-01 15:44:30', '2018-08-11 09:16:10');



INSERT INTO `d_projects` (`id`, `name`, `orgId`, `accessType`, `taskType`, `taskRules`, `subtitle`, `description`, `shortDescription`, `status`, `totalStorageInMBs`, `labelsDone`, `validateWithGoldenHITs`, `minGoldenHITs`, `HITRepeatCount`, `notes`, `created_timestamp`, `updated_timestamp`)
VALUES
  ('2c9fafb062282fd801622ddbac320024', 'Demo POS Tagging Project', '2c9fafb061fa00c70161ff4dab0b002d', 'RESTRICTED', 'POS_TAGGING', '{\"tags\":\"Brand, ModelName, Category, ScreenSize, RAM, Storage, Price\",\"instructions\":\"Click on a word to select it, then click on the tag.\"}', NULL, '<div style=\"width:80%\">\n          <h1>Best Buy Search Queries NER Dataset</h1>\n\n          <p>A dataset containing actual search queries on bestBuy.com manually labled by human experts.</p>\n          \n          <p>The search queries have phrases labeled into various important entities like Brand, Model name, Category Name etc.\n             This dataset can be used as a training or evaluation set to build your own product search query understanding NLP solution.\n          </p>\n          \n          <p>Phrases in the queries are labeled by one of the below labels:\n            <ul class=\"bulleted list\">\n              <li>Category</li>\n              <li>Brand</li>\n              <li>ModelName</li>\n              <li>ScreenSize</li>\n              <li>RAM</li>\n              <li>Storage</li>\n              <li>Price</li>\n            </ul>\n          </p>\n          \n          <div class=\"marginTop\">\n            <p>The dataset can be used to build a named entity recognition system for Ecommerce or improving/evaluating product search systems.</p>\n            \n            <p>Below is the distribution of results and labels:</p>\n            <div class=\"marginTop\">\n                  <img src=\"https://storage.googleapis.com/bonsai-b808c.appspot.com/dataturks/project_uploads/visualize1_small.png\" style=\"width:100%\"/>\n            </div>\n            <div class=\"marginTop\">\n                  <img src=\"https://storage.googleapis.com/bonsai-b808c.appspot.com/dataturks/project_uploads/visualize2_small.png\" style=\"width:100%\"/>\n            </div>\n          </div>\n\n          <p>Key Features</p>\n\n          <ul class=\"bulleted list\">\n            <li>~1700 labeled named entity pairs</li>\n            <li>~1000 queries</li>\n            <li>7 Categories</li>\n            <li>Human labeled dataset</li>\n            <li>Queries taken from public apis</li>\n          </ul>\n\n</div>\n', 'Search queries and entities for an electronics ecommerce retailer', 'NONE', 0, 1808, 0, 0, 0, NULL, '2018-03-16 08:09:53', '2018-05-20 12:19:06'),
  ('2c9fafb062282fd801622de773dc0027', 'Demo Text Classification Project', '2c9fafb061fa00c70161ff4dab0b002d', 'RESTRICTED', 'TEXT_CLASSIFICATION', '{\"tags\":\"NO_GENRE_LISTED, Action, Adventure, Animation, Children, Comedy, Crime, Documentary, Drama, Fantasy, Film-Noir, Horror, IMAX, Musical, Mystery, Romance, Sci-Fi, Thriller, War, Western\",\"instructions\":\"Classify movies as per their theme\"}', NULL, '\n<div>\n          <h1>Movie genre classification. </h1>\n\n          <p>Manually curated dataset of movie names to movie genre classification. Movie names harvested from IMDB.</p>\n\n          <p>The tasks involves human moderators to label movie names by the genre of the movie (Each movie can be labeled in multiple classes):\n               <p>Movie names are classified into one of the below 19 classes:\n                <ul class=\"bulleted list\">\n                  <li>Action</li>\n                  <li>Adventure</li>\n                  <li>Adventure</li>\n                  <li>Children</li>\n                  <li>Comedy</li>\n                  <li>Crime</li>\n                  <li>Documentary</li>\n                  <li>Drama</li>\n                  <li>Fantasy</li>\n                  <li>Film-Noir</li>\n                  <li>Horror</li>\n                  <li>IMAX</li>\n                  <li>Musical</li>\n                  <li>Mystery</li>\n                  <li>Romance</li>\n                  <li>Sci-Fi</li>\n                  <li>Thriller</li>\n                  <li>War</li>\n                  <li>Western</li>\n                </ul>\n              </p>\n\n                <div class=\"marginTop\">\n                  <img src=\"https://storage.googleapis.com/bonsai-b808c.appspot.com/dataturks/project_uploads/imdb_stats.png\" style=\"width:100%\"/>\n                </div>\n           </p>\n\n           <p>This dataset can be used as a golden set to build movie recommendation or clustering applications.  \n           \n           \n\n          <div class=\"marginTop\">\n            <p>Key Features</p>\n  \n            <ul class=\"bulleted list\">\n              <li>~1000 items</li>\n              <li>Human labeled dataset</li>\n              <li>19 classes</li>\n            </ul>\n          </div>\n\n</div>\n', 'IMDB Movie names classified into 19 genre.', 'NONE', 0, 471, 0, 0, 0, NULL, '2018-03-16 08:22:45', '2018-05-20 12:19:06'),
  ('2c9fafb062ca71c00162cdd45c8e0008', 'Demo Document Annotations', '2c9fafb061fa00c70161ff4dab0b002d', 'RESTRICTED', 'DOCUMENT_ANNOTATION', '{\"tags\":\"Name, Location, College, Skills, Education, Responsibility, Technology, Jobs, Companies, Roles, Others\",\"instructions\":\"Mark each phrase with the right label. When confusion between more than one label, mark the phrases with all the labels applicable.\",\"autoClose\":true}', 'Demo Document Annotations', '<div><h2>A document annotation dataset with 8 classes.</h2><p>The dataset has 526 items of which 76 items have been manually labeled.</p><p class=\"marginTop\"> The labels are divided into following 8 categories:<ul class=\"bulleted list\"><li>Skills</li><li> Education</li><li> Responsibility</li><li> Technology</li><li> Jobs</li><li> Companies</li><li> Roles</li><li> Others</li></ul></p><div class=\"marginTop\"><p>Key Features</p><ul class=\"bulleted list\"><li>526 items</li><li>8 categories</li><li>Human labeled dataset</li></ul></div></div>', 'A document annotation dataset with 8 classes for tagging documents/keywords from each of the categories and using it for multiple purposes like Resume summarization.', 'Manually', 0, 192, 0, 0, 0, NULL, '2018-04-16 09:41:09', '2018-07-04 06:10:13'),
  ('2c9fafb063a1ebf30163a7e3002b0035', 'Demo Image Classification Project', '2c9fafb061fa00c70161ff4dab0b002d', 'PUBLIC', 'IMAGE_CLASSIFICATION', '{\"tags\":\"Jeans, Jackets, Shirts, Skirts, Tops, Tshirts, Others\",\"instructions\":\"Mark the class of the garment.\",\"shortcuts\":{\"next\":{\"qualifier\":\"\",\"key\":\"right\"},\"previous\":{\"qualifier\":\"\",\"key\":\"left\"},\"Jeans\":{\"qualifier\":\"ctrl\",\"key\":\"j\"},\"Jackets\":{\"qualifier\":\"ctrl\",\"key\":\"a\"},\"Shirts\":{\"qualifier\":\"ctrl\",\"key\":\"s\"},\"Skirts\":{\"qualifier\":\"ctrl\",\"key\":\"k\"},\"Tops\":{\"qualifier\":\"ctrl\",\"key\":\"t\"},\"Tshirts\":{\"qualifier\":\"ctrl\",\"key\":\"r\"},\"Others\":{\"qualifier\":\"ctrl\",\"key\":\"o\"}}}', 'Image Classification for Ecommerce', '<div><h2>An image classification dataset with 7 classes.</h2><p>The dataset has 1933 items of which 412 items have been manually labeled.</p><p class=\"marginTop\"> The labels are divided into following 7 categories:<ul class=\"bulleted list\"><li>Jeans</li><li> Jackets</li><li> Shirts</li><li> Skirts</li><li> Tops</li><li> Tshirts</li><li> Others</li></ul></p><div class=\"marginTop\"><p>Key Features</p><ul class=\"bulleted list\"><li>1933 items</li><li>7 categories</li><li>Human labeled dataset</li></ul></div></div>', 'An Image classificaton dataset for Ecommerce Fashion category. The labels are divided into one of the 7 metioned categories.', 'Manually', 0, 72, 0, 0, 0, NULL, '2018-05-28 17:54:21', '2018-07-04 06:10:12'),
  ('2c9fafb0656f461b0165843201f200d2', 'Demo Image Bounding Box Project', '2c9fafb061fa00c70161ff4dab0b002d', 'RESTRICTED', 'IMAGE_POLYGON_BOUNDING_BOX_V2', '{\"tags\":\"face, car, airplane, person, tree, others\",\"instructions\":\"Click on a label on the right menu and then on the image click to mark left-top and right-bottom points to make a rectangle. \",\"defaultShape\":\"rectangle\"}', NULL, '<div><h2>An image bounding box dataset with 8 classes.</h2><p>The dataset has around 3000 items of which 100s of items have been manually labeled.</p><p class=\"marginTop\"> The labels are divided into following 4 categories:<ul class=\"bulleted list\"><li>Airplane</li><li> Face</li><li> Car</li><li> Others</li></ul></p><div class=\"marginTop\"><p>Key Features</p><ul class=\"bulleted list\"><li>3389 items</li><li>4 categories</li><li>Human labeled dataset</li></ul></div></div>', 'Images marked with bounding boxes as, Airplanes, Cars, Face etc.', 'Manually', 0, 744, 0, 0, 0, NULL, '2018-08-29 05:39:54', '2018-08-29 05:47:37'),
  ('2c9fafb0656f461b0165843c734c00d3', 'Demo Image Polygon Bounding Box', '2c9fafb061fa00c70161ff4dab0b002d', 'RESTRICTED', 'IMAGE_POLYGON_BOUNDING_BOX_V2', '{\"tags\":\"face, cars, person, airplane, person, tree, others\",\"instructions\":\"Click on a label on the right menu and then click on image to mark points of the polygon and finally click on the first point to close the Polygon.\",\"defaultShape\":\"polygon\"}', NULL, '<div><h2>An image polygon bounding box dataset with 5 classes.</h2><p>The dataset has around 3000 items of which 100s of items have been manually labeled.</p><p class=\"marginTop\"> The labels are divided into following 5 categories:<ul class=\"bulleted list\"><li>Airplane</li><li> Face</li><li> Person</li><li> Car</li><li> Others</li></ul></p><div class=\"marginTop\"><p>Key Features</p><ul class=\"bulleted list\"><li>1357 items</li><li>5 categories</li><li>Human labeled dataset</li></ul></div></div>', 'A dataset of polygons drawn on Airplanes, Faces, Cars, People etc.', 'Manually', 0, 73, 0, 0, 0, NULL, '2018-08-29 05:51:18', '2018-08-29 11:10:35'),
  ('2c9fafb0656f461b016589a1ccdf0125', 'Demo Video Classification', '2c9fafb061fa00c70161ff4dab0b002d', 'RESTRICTED', 'IMAGE_CLASSIFICATION', '{\"tags\":\"Street, Farm, Mountains, House, Car, Others\",\"instructions\":\"Look at the scene and select the class that applies.\"}', NULL, NULL, NULL, 'NONE', 0, 7, 0, 0, 0, NULL, '2018-08-30 07:00:07', '2018-10-05 06:10:10');



INSERT INTO `d_project_users` (`projectId`, `userId`, `role`, `notes`, `created_timestamp`, `updated_timestamp`)
VALUES
  ('2c9fafb062282fd801622ddbac320024', '123', 'OWNER', NULL, '2018-03-16 07:58:46', '2018-03-16 08:27:35');

INSERT INTO `d_project_users` (`projectId`, `userId`, `role`, `notes`, `created_timestamp`, `updated_timestamp`)
VALUES
  ('2c9fafb062282fd801622de773dc0027', '123', 'OWNER', NULL, '2018-03-16 07:58:46', '2018-03-16 08:27:35');

INSERT INTO `d_project_users` (`projectId`, `userId`, `role`, `notes`, `created_timestamp`, `updated_timestamp`)
VALUES
  ('2c9fafb062ca71c00162cdd45c8e0008', '123', 'OWNER', NULL, '2018-03-16 07:58:46', '2018-03-16 08:27:35');

INSERT INTO `d_project_users` (`projectId`, `userId`, `role`, `notes`, `created_timestamp`, `updated_timestamp`)
VALUES
  ('2c9fafb063a1ebf30163a7e3002b0035', '123', 'OWNER', NULL, '2018-03-16 07:58:46', '2018-03-16 08:27:35');

INSERT INTO `d_project_users` (`projectId`, `userId`, `role`, `notes`, `created_timestamp`, `updated_timestamp`)
VALUES
  ('2c9fafb0656f461b0165843201f200d2', '123', 'OWNER', NULL, '2018-03-16 07:58:46', '2018-03-16 08:27:35');

INSERT INTO `d_project_users` (`projectId`, `userId`, `role`, `notes`, `created_timestamp`, `updated_timestamp`)
VALUES
  ('2c9fafb0656f461b0165843c734c00d3', '123', 'OWNER', NULL, '2018-03-16 07:58:46', '2018-03-16 08:27:35');

INSERT INTO `d_project_users` (`projectId`, `userId`, `role`, `notes`, `created_timestamp`, `updated_timestamp`)
VALUES
  ('2c9fafb0656f461b016589a1ccdf0125', '123', 'OWNER', NULL, '2018-03-16 07:58:46', '2018-03-16 08:27:35');


INSERT INTO `configs` (`key`, `value`, `type`)
VALUES
  ('dtNewUserDefaultProjects', '[\"2c9fafb0656f461b0165843c734c00d3\", \"2c9fafb062ca71c00162cdd45c8e0008\", \"2c9fafb0656f461b0165843201f200d2\"]', 'list');




INSERT INTO `d_hits` (`id`, `projectId`, `data`, `extras`, `status`, `evaluation`, `isGoldenHIT`, `goldenHITResultId`, `notes`, `created_timestamp`, `updated_timestamp`, `isURL`)
VALUES
  (1122048, '2c9fafb062282fd801622ddbac320024', 't shirt\r', NULL, 'done', 'NONE', 0, 0, NULL, '2018-06-06 12:39:09', '2018-06-06 12:39:09', 0),
  (154624, '2c9fafb062282fd801622ddbac320024', 'hw-k850', NULL, 'done', 'NONE', 0, 0, NULL, '2018-03-16 08:10:24', '2018-03-16 08:10:24', 0),
  (154880, '2c9fafb062282fd801622ddbac320024', 'jitterbug flip phone', NULL, 'done', 'NONE', 0, 0, NULL, '2018-03-16 08:10:24', '2018-03-16 08:10:24', 0),
  (1121537, '2c9fafb062282fd801622ddbac320024', 'curve\r', NULL, 'done', 'NONE', 0, 0, NULL, '2018-06-06 12:39:09', '2018-06-06 12:39:09', 0),
  (154369, '2c9fafb062282fd801622ddbac320024', 'geek squad support', NULL, 'done', 'NONE', 0, 0, NULL, '2018-03-16 08:10:24', '2018-03-16 08:10:24', 0),
  (154625, '2c9fafb062282fd801622ddbac320024', 'hw-k950', NULL, 'done', 'NONE', 0, 0, NULL, '2018-03-16 08:10:24', '2018-03-16 08:10:24', 0),
  (154881, '2c9fafb062282fd801622ddbac320024', 'jitterbug phone', NULL, 'done', 'NONE', 0, 0, NULL, '2018-03-16 08:10:24', '2018-03-16 08:10:24', 0),
  (2617857, '2c9fafb062282fd801622ddbac320024', 'over ear headphones', NULL, 'done', 'NONE', 0, 0, NULL, '2018-08-16 17:35:11', '2018-08-16 17:35:11', 0),
  (1121538, '2c9fafb062282fd801622ddbac320024', 'curve collection\r', NULL, 'done', 'NONE', 0, 0, NULL, '2018-06-06 12:39:09', '2018-06-06 12:39:09', 0),
  (1121794, '2c9fafb062282fd801622ddbac320024', 'mens shorts\r', NULL, 'done', 'NONE', 0, 0, NULL, '2018-06-06 12:39:09', '2018-06-06 12:39:09', 0);



INSERT INTO `d_hits_result` (`id`, `hitId`, `projectId`, `result`, `userId`, `timeTakenToLabelInSec`, `notes`, `created_timestamp`, `updated_timestamp`)
VALUES
  (51322, 154369, '2c9fafb062282fd801622ddbac320024', 'geek____ModelName squad support____Price', '123', 7, NULL, '2018-04-25 09:02:30', '2018-04-25 09:02:30'),
  (33047, 154624, '2c9fafb062282fd801622ddbac320024', 'hw-k850____ModelName', '123', 9, NULL, '2018-03-17 02:41:43', '2018-03-17 02:41:43'),
  (92384, 154625, '2c9fafb062282fd801622ddbac320024', 'hw-k950____Storage', '123', 23, NULL, '2018-05-11 05:52:08', '2018-05-11 05:52:08'),
  (33233, 154880, '2c9fafb062282fd801622ddbac320024', 'jitterbug____Brand flip____Category phone____Category', '123', 11, NULL, '2018-03-26 05:29:53', '2018-03-26 05:29:53'),
  (118301, 154881, '2c9fafb062282fd801622ddbac320024', 'jitterbug____Brand phone____Category', '123', 17, NULL, '2018-05-16 21:17:50', '2018-05-16 21:17:50'),
  (419029, 1121537, '2c9fafb062282fd801622ddbac320024', 'curve\r____Brand', '123', 11, NULL, '2018-07-15 11:08:04', '2018-07-15 11:08:04'),
  (487810, 1121538, '2c9fafb062282fd801622ddbac320024', 'curve collection', '123', 29, NULL, '2018-07-31 10:53:35', '2018-07-31 10:53:35'),
  (304259, 1121794, '2c9fafb062282fd801622ddbac320024', 'mens____ModelName shorts\r____Category', '123', 22, NULL, '2018-06-13 00:27:00', '2018-06-13 00:27:00'),
  (304546, 1122048, '2c9fafb062282fd801622ddbac320024', 't____Category shirt\r____Category', '123', 11, NULL, '2018-06-13 05:46:24', '2018-06-13 05:46:24'),
  (785420, 2617857, '2c9fafb062282fd801622ddbac320024', 'over____Brand ear____ModelName headphones____Brand', '123', 41, NULL, '2018-09-08 10:48:51', '2018-09-08 10:48:51');


INSERT INTO `d_hits` (`id`, `projectId`, `data`, `extras`, `status`, `evaluation`, `isGoldenHIT`, `goldenHITResultId`, `notes`, `created_timestamp`, `updated_timestamp`, `isURL`)
VALUES
  (2616891, '2c9fafb062282fd801622ddbac320024', 'kitchenaid', NULL, 'notDone', 'NONE', 0, 0, NULL, '2018-08-16 17:35:09', '2018-08-16 17:35:09', 0),
  (2617147, '2c9fafb062282fd801622ddbac320024', 'lp player', NULL, 'notDone', 'NONE', 0, 0, NULL, '2018-08-16 17:35:10', '2018-08-16 17:35:10', 0),
  (2617403, '2c9fafb062282fd801622ddbac320024', 'mvwc565fw', NULL, 'notDone', 'NONE', 0, 0, NULL, '2018-08-16 17:35:10', '2018-08-16 17:35:10', 0),
  (2617659, '2c9fafb062282fd801622ddbac320024', 'oakley', NULL, 'notDone', 'NONE', 0, 0, NULL, '2018-08-16 17:35:11', '2018-08-16 17:35:11', 0),
  (2617915, '2c9fafb062282fd801622ddbac320024', 'pc power supply', NULL, 'notDone', 'NONE', 0, 0, NULL, '2018-08-16 17:35:11', '2018-08-16 17:35:11', 0),
  (2613564, '2c9fafb062282fd801622ddbac320024', 'headphones', NULL, 'notDone', 'NONE', 0, 0, NULL, '2018-08-16 17:35:05', '2018-08-16 17:35:05', 0),
  (2613820, '2c9fafb062282fd801622ddbac320024', 'age of empires game', NULL, 'notDone', 'NONE', 0, 0, NULL, '2018-08-16 17:35:05', '2018-08-16 17:35:05', 0),
  (2614076, '2c9fafb062282fd801622ddbac320024', 'brother lc103bk', NULL, 'notDone', 'NONE', 0, 0, NULL, '2018-08-16 17:35:05', '2018-08-16 17:35:05', 0),
  (2614332, '2c9fafb062282fd801622ddbac320024', 'crock pot', NULL, 'notDone', 'NONE', 0, 0, NULL, '2018-08-16 17:35:06', '2018-08-16 17:35:06', 0),
  (2614588, '2c9fafb062282fd801622ddbac320024', 'printers all one wireless', NULL, 'notDone', 'NONE', 0, 0, NULL, '2018-08-16 17:35:06', '2018-08-16 17:35:06', 0),
  (2614844, '2c9fafb062282fd801622ddbac320024', 'aquasana water filter', NULL, 'notDone', 'NONE', 0, 0, NULL, '2018-08-16 17:35:07', '2018-08-16 17:35:07', 0),
  (2615100, '2c9fafb062282fd801622ddbac320024', 'buying guide', NULL, 'notDone', 'NONE', 0, 0, NULL, '2018-08-16 17:35:07', '2018-08-16 17:35:07', 0),
  (2615356, '2c9fafb062282fd801622ddbac320024', 'kitchenaid kvwb606dbs', NULL, 'notDone', 'NONE', 0, 0, NULL, '2018-08-16 17:35:07', '2018-08-16 17:35:07', 0),
  (2615612, '2c9fafb062282fd801622ddbac320024', 'ef-s 10-18mm f4.5-5.6 is stm', NULL, 'notDone', 'NONE', 0, 0, NULL, '2018-08-16 17:35:08', '2018-08-16 17:35:08', 0),
  (2615868, '2c9fafb062282fd801622ddbac320024', 'fghs2355pf', NULL, 'notDone', 'NONE', 0, 0, NULL, '2018-08-16 17:35:08', '2018-08-16 17:35:08', 0),
  (2616124, '2c9fafb062282fd801622ddbac320024', 'ge gne29gmkes', NULL, 'notDone', 'NONE', 0, 0, NULL, '2018-08-16 17:35:08', '2018-08-16 17:35:08', 0),
  (2616380, '2c9fafb062282fd801622ddbac320024', 'canon sx720 hs', NULL, 'notDone', 'NONE', 0, 0, NULL, '2018-08-16 17:35:09', '2018-08-16 17:35:09', 0),
  (2616892, '2c9fafb062282fd801622ddbac320024', 'kids tablets', NULL, 'notDone', 'NONE', 0, 0, NULL, '2018-08-16 17:35:10', '2018-08-16 17:35:10', 0),
  (2617148, '2c9fafb062282fd801622ddbac320024', 'lp-e6 charger', NULL, 'notDone', 'NONE', 0, 0, NULL, '2018-08-16 17:35:10', '2018-08-16 17:35:10', 0),
  (2617404, '2c9fafb062282fd801622ddbac320024', 'mvwx655dw', NULL, 'notDone', 'NONE', 0, 0, NULL, '2018-08-16 17:35:10', '2018-08-16 17:35:10', 0),
  (2617660, '2c9fafb062282fd801622ddbac320024', 'oak tv stand', NULL, 'notDone', 'NONE', 0, 0, NULL, '2018-08-16 17:35:11', '2018-08-16 17:35:11', 0),
  (2617916, '2c9fafb062282fd801622ddbac320024', 'pc controller', NULL, 'notDone', 'NONE', 0, 0, NULL, '2018-08-16 17:35:11', '2018-08-16 17:35:11', 0),
  (1121597, '2c9fafb062282fd801622ddbac320024', 'emma hardie\r', NULL, 'notDone', 'NONE', 0, 0, NULL, '2018-06-06 12:39:09', '2018-06-06 12:39:09', 0),
  (2613565, '2c9fafb062282fd801622ddbac320024', 'hp laptop', NULL, 'notDone', 'NONE', 0, 0, NULL, '2018-08-16 17:35:05', '2018-08-16 17:35:05', 0),
  (2614333, '2c9fafb062282fd801622ddbac320024', 'cricket cell phones', NULL, 'notDone', 'NONE', 0, 0, NULL, '2018-08-16 17:35:06', '2018-08-16 17:35:06', 0),
  (2614589, '2c9fafb062282fd801622ddbac320024', 'ipad pro 10.5 inch', NULL, 'notDone', 'NONE', 0, 0, NULL, '2018-08-16 17:35:06', '2018-08-16 17:35:06', 0),
  (2614845, '2c9fafb062282fd801622ddbac320024', 'aqua teen hunger force', NULL, 'notDone', 'NONE', 0, 0, NULL, '2018-08-16 17:35:07', '2018-08-16 17:35:07', 0),
  (2615101, '2c9fafb062282fd801622ddbac320024', 'built-in microwave', NULL, 'notDone', 'NONE', 0, 0, NULL, '2018-08-16 17:35:07', '2018-08-16 17:35:07', 0),
  (2615357, '2c9fafb062282fd801622ddbac320024', 'dc universe 10th', NULL, 'notDone', 'NONE', 0, 0, NULL, '2018-08-16 17:35:07', '2018-08-16 17:35:07', 0),
  (2615613, '2c9fafb062282fd801622ddbac320024', 'ef lens', NULL, 'notDone', 'NONE', 0, 0, NULL, '2018-08-16 17:35:08', '2018-08-16 17:35:08', 0),
  (2615869, '2c9fafb062282fd801622ddbac320024', 'fgif3061nf', NULL, 'notDone', 'NONE', 0, 0, NULL, '2018-08-16 17:35:08', '2018-08-16 17:35:08', 0),
  (2616125, '2c9fafb062282fd801622ddbac320024', 'gopro', NULL, 'notDone', 'NONE', 0, 0, NULL, '2018-08-16 17:35:08', '2018-08-16 17:35:08', 0),
  (2616381, '2c9fafb062282fd801622ddbac320024', 'canon powershot sx60 hs', NULL, 'notDone', 'NONE', 0, 0, NULL, '2018-08-16 17:35:09', '2018-08-16 17:35:09', 0),
  (2616637, '2c9fafb062282fd801622ddbac320024', 'it\'s a wonderful life', NULL, 'notDone', 'NONE', 0, 0, NULL, '2018-08-16 17:35:09', '2018-08-16 17:35:09', 0),
  (2616893, '2c9fafb062282fd801622ddbac320024', 'kitchenaid refrigerator', NULL, 'notDone', 'NONE', 0, 0, NULL, '2018-08-16 17:35:10', '2018-08-16 17:35:10', 0),
  (2617149, '2c9fafb062282fd801622ddbac320024', 'lp-e10 battery', NULL, 'notDone', 'NONE', 0, 0, NULL, '2018-08-16 17:35:10', '2018-08-16 17:35:10', 0),
  (2617405, '2c9fafb062282fd801622ddbac320024', 'mvwb765fw', NULL, 'notDone', 'NONE', 0, 0, NULL, '2018-08-16 17:35:10', '2018-08-16 17:35:10', 0),
  (2617661, '2c9fafb062282fd801622ddbac320024', 'oakley backpack', NULL, 'notDone', 'NONE', 0, 0, NULL, '2018-08-16 17:35:11', '2018-08-16 17:35:11', 0),
  (2613566, '2c9fafb062282fd801622ddbac320024', 'horizon zero dawn', NULL, 'notDone', 'NONE', 0, 0, NULL, '2018-08-16 17:35:05', '2018-08-16 17:35:05', 0),
  (2613822, '2c9fafb062282fd801622ddbac320024', 'age of adaline', NULL, 'notDone', 'NONE', 0, 0, NULL, '2018-08-16 17:35:05', '2018-08-16 17:35:05', 0),
  (2614078, '2c9fafb062282fd801622ddbac320024', 'ns-cf26bk6', NULL, 'notDone', 'NONE', 0, 0, NULL, '2018-08-16 17:35:05', '2018-08-16 17:35:05', 0),
  (2614334, '2c9fafb062282fd801622ddbac320024', 'crash bandicoot', NULL, 'notDone', 'NONE', 0, 0, NULL, '2018-08-16 17:35:06', '2018-08-16 17:35:06', 0),
  (2614590, '2c9fafb062282fd801622ddbac320024', 'ps4 pro', NULL, 'notDone', 'NONE', 0, 0, NULL, '2018-08-16 17:35:06', '2018-08-16 17:35:06', 0),
  (2614846, '2c9fafb062282fd801622ddbac320024', 'aqua bose wireless headphones', NULL, 'notDone', 'NONE', 0, 0, NULL, '2018-08-16 17:35:07', '2018-08-16 17:35:07', 0),
  (2615102, '2c9fafb062282fd801622ddbac320024', 'bundle deals', NULL, 'notDone', 'NONE', 0, 0, NULL, '2018-08-16 17:35:07', '2018-08-16 17:35:07', 0),
  (2615358, '2c9fafb062282fd801622ddbac320024', 'dc 10th anniversary', NULL, 'notDone', 'NONE', 0, 0, NULL, '2018-08-16 17:35:07', '2018-08-16 17:35:07', 0),
  (2615614, '2c9fafb062282fd801622ddbac320024', 'ef-s 18-135mm is stm lens', NULL, 'notDone', 'NONE', 0, 0, NULL, '2018-08-16 17:35:08', '2018-08-16 17:35:08', 0),
  (2615870, '2c9fafb062282fd801622ddbac320024', 'frigidaire fgef3036td', NULL, 'notDone', 'NONE', 0, 0, NULL, '2018-08-16 17:35:08', '2018-08-16 17:35:08', 0),
  (2616126, '2c9fafb062282fd801622ddbac320024', 'gopro accessories', NULL, 'notDone', 'NONE', 0, 0, NULL, '2018-08-16 17:35:08', '2018-08-16 17:35:08', 0),
  (2616382, '2c9fafb062282fd801622ddbac320024', 'canon powershot sx620 hs', NULL, 'notDone', 'NONE', 0, 0, NULL, '2018-08-16 17:35:09', '2018-08-16 17:35:09', 0),
  (2616638, '2c9fafb062282fd801622ddbac320024', 'it steelbook', NULL, 'notDone', 'NONE', 0, 0, NULL, '2018-08-16 17:35:09', '2018-08-16 17:35:09', 0),
  (2616894, '2c9fafb062282fd801622ddbac320024', 'kindle paperwhite', NULL, 'notDone', 'NONE', 0, 0, NULL, '2018-08-16 17:35:10', '2018-08-16 17:35:10', 0),
  (2617150, '2c9fafb062282fd801622ddbac320024', 'lr 41 battery', NULL, 'notDone', 'NONE', 0, 0, NULL, '2018-08-16 17:35:10', '2018-08-16 17:35:10', 0),
  (2617406, '2c9fafb062282fd801622ddbac320024', 'shure mv88', NULL, 'notDone', 'NONE', 0, 0, NULL, '2018-08-16 17:35:10', '2018-08-16 17:35:10', 0),
  (2617662, '2c9fafb062282fd801622ddbac320024', 'kindle oasis', NULL, 'notDone', 'NONE', 0, 0, NULL, '2018-08-16 17:35:11', '2018-08-16 17:35:11', 0),
  (2613823, '2c9fafb062282fd801622ddbac320024', 'ahs roanoke', NULL, 'notDone', 'NONE', 0, 0, NULL, '2018-08-16 17:35:05', '2018-08-16 17:35:05', 0),
  (2614079, '2c9fafb062282fd801622ddbac320024', 'lc75bk', NULL, 'notDone', 'NONE', 0, 0, NULL, '2018-08-16 17:35:05', '2018-08-16 17:35:05', 0),
  (2614335, '2c9fafb062282fd801622ddbac320024', 'cricket sim card', NULL, 'notDone', 'NONE', 0, 0, NULL, '2018-08-16 17:35:06', '2018-08-16 17:35:06', 0),
  (2614591, '2c9fafb062282fd801622ddbac320024', 'qled 4k tv', NULL, 'notDone', 'NONE', 0, 0, NULL, '2018-08-16 17:35:06', '2018-08-16 17:35:06', 0),
  (2614847, '2c9fafb062282fd801622ddbac320024', 'aquaphonics', NULL, 'notDone', 'NONE', 0, 0, NULL, '2018-08-16 17:35:07', '2018-08-16 17:35:07', 0),
  (2615103, '2c9fafb062282fd801622ddbac320024', 'built in oven', NULL, 'notDone', 'NONE', 0, 0, NULL, '2018-08-16 17:35:07', '2018-08-16 17:35:07', 0),
  (2615359, '2c9fafb062282fd801622ddbac320024', 'dc to ac power inverter', NULL, 'notDone', 'NONE', 0, 0, NULL, '2018-08-16 17:35:07', '2018-08-16 17:35:07', 0),
  (2615615, '2c9fafb062282fd801622ddbac320024', 'ef-s 18-55mm is stm lens', NULL, 'notDone', 'NONE', 0, 0, NULL, '2018-08-16 17:35:08', '2018-08-16 17:35:08', 0),
  (2615871, '2c9fafb062282fd801622ddbac320024', 'frigidaire fgvu21f8qf', NULL, 'notDone', 'NONE', 0, 0, NULL, '2018-08-16 17:35:08', '2018-08-16 17:35:08', 0),
  (2616127, '2c9fafb062282fd801622ddbac320024', 'google home', NULL, 'notDone', 'NONE', 0, 0, NULL, '2018-08-16 17:35:08', '2018-08-16 17:35:08', 0),
  (2616383, '2c9fafb062282fd801622ddbac320024', 'canon sx 40 hs', NULL, 'notDone', 'NONE', 0, 0, NULL, '2018-08-16 17:35:09', '2018-08-16 17:35:09', 0),
  (2616639, '2c9fafb062282fd801622ddbac320024', 'it dvd', NULL, 'notDone', 'NONE', 0, 0, NULL, '2018-08-16 17:35:09', '2018-08-16 17:35:09', 0),
  (2616895, '2c9fafb062282fd801622ddbac320024', 'kindle', NULL, 'notDone', 'NONE', 0, 0, NULL, '2018-08-16 17:35:10', '2018-08-16 17:35:10', 0),
  (2617151, '2c9fafb062282fd801622ddbac320024', 'lre3061bd', NULL, 'notDone', 'NONE', 0, 0, NULL, '2018-08-16 17:35:10', '2018-08-16 17:35:10', 0),
  (2617663, '2c9fafb062282fd801622ddbac320024', 'oakley bathroom sink', NULL, 'notDone', 'NONE', 0, 0, NULL, '2018-08-16 17:35:11', '2018-08-16 17:35:11', 0),
  (2613568, '2c9fafb062282fd801622ddbac320024', 'hdmi cable', NULL, 'notDone', 'NONE', 0, 0, NULL, '2018-08-16 17:35:05', '2018-08-16 17:35:05', 0),
  (2613824, '2c9fafb062282fd801622ddbac320024', 'a-ha', NULL, 'notDone', 'NONE', 0, 0, NULL, '2018-08-16 17:35:05', '2018-08-16 17:35:05', 0),
  (2614080, '2c9fafb062282fd801622ddbac320024', 'black friday deals', NULL, 'notDone', 'NONE', 0, 0, NULL, '2018-08-16 17:35:05', '2018-08-16 17:35:05', 0),
  (2614336, '2c9fafb062282fd801622ddbac320024', 'cr 2032 battery', NULL, 'notDone', 'NONE', 0, 0, NULL, '2018-08-16 17:35:06', '2018-08-16 17:35:06', 0),
  (2614592, '2c9fafb062282fd801622ddbac320024', 'qi wireless charging', NULL, 'notDone', 'NONE', 0, 0, NULL, '2018-08-16 17:35:06', '2018-08-16 17:35:06', 0),
  (2614848, '2c9fafb062282fd801622ddbac320024', 'aquaman', NULL, 'notDone', 'NONE', 0, 0, NULL, '2018-08-16 17:35:07', '2018-08-16 17:35:07', 0),
  (2615104, '2c9fafb062282fd801622ddbac320024', 'built-in refrigerator', NULL, 'notDone', 'NONE', 0, 0, NULL, '2018-08-16 17:35:07', '2018-08-16 17:35:07', 0),
  (2615360, '2c9fafb062282fd801622ddbac320024', 'dc animated movies', NULL, 'notDone', 'NONE', 0, 0, NULL, '2018-08-16 17:35:07', '2018-08-16 17:35:07', 0),
  (2615616, '2c9fafb062282fd801622ddbac320024', 'ef 85mm f 1.8 usm', NULL, 'notDone', 'NONE', 0, 0, NULL, '2018-08-16 17:35:08', '2018-08-16 17:35:08', 0),
  (2615872, '2c9fafb062282fd801622ddbac320024', 'frigidaire fgef3035rf', NULL, 'notDone', 'NONE', 0, 0, NULL, '2018-08-16 17:35:08', '2018-08-16 17:35:08', 0),
  (2616128, '2c9fafb062282fd801622ddbac320024', 'gopro hero 6', NULL, 'notDone', 'NONE', 0, 0, NULL, '2018-08-16 17:35:08', '2018-08-16 17:35:08', 0),
  (2616384, '2c9fafb062282fd801622ddbac320024', 'canon powershot sx710 hs', NULL, 'notDone', 'NONE', 0, 0, NULL, '2018-08-16 17:35:09', '2018-08-16 17:35:09', 0),
  (2617152, '2c9fafb062282fd801622ddbac320024', 'lre3061st', NULL, 'notDone', 'NONE', 0, 0, NULL, '2018-08-16 17:35:10', '2018-08-16 17:35:10', 0),
  (2617408, '2c9fafb062282fd801622ddbac320024', 'mvci', NULL, 'notDone', 'NONE', 0, 0, NULL, '2018-08-16 17:35:10', '2018-08-16 17:35:10', 0),
  (2617664, '2c9fafb062282fd801622ddbac320024', 'kindle oasis e-reader', NULL, 'notDone', 'NONE', 0, 0, NULL, '2018-08-16 17:35:11', '2018-08-16 17:35:11', 0),
  (2613569, '2c9fafb062282fd801622ddbac320024', 'hp spectre x360', NULL, 'notDone', 'NONE', 0, 0, NULL, '2018-08-16 17:35:05', '2018-08-16 17:35:05', 0),
  (2613825, '2c9fafb062282fd801622ddbac320024', 'whirlpool wod93ec0ah', NULL, 'notDone', 'NONE', 0, 0, NULL, '2018-08-16 17:35:05', '2018-08-16 17:35:05', 0),
  (2614081, '2c9fafb062282fd801622ddbac320024', 'bluetooth speakers', NULL, 'notDone', 'NONE', 0, 0, NULL, '2018-08-16 17:35:05', '2018-08-16 17:35:05', 0),
  (2614337, '2c9fafb062282fd801622ddbac320024', 'cs go', NULL, 'notDone', 'NONE', 0, 0, NULL, '2018-08-16 17:35:06', '2018-08-16 17:35:06', 0),
  (2614593, '2c9fafb062282fd801622ddbac320024', 'qled samsung smart tv', NULL, 'notDone', 'NONE', 0, 0, NULL, '2018-08-16 17:35:06', '2018-08-16 17:35:06', 0),
  (2614849, '2c9fafb062282fd801622ddbac320024', 'aquarius', NULL, 'notDone', 'NONE', 0, 0, NULL, '2018-08-16 17:35:07', '2018-08-16 17:35:07', 0),
  (2615105, '2c9fafb062282fd801622ddbac320024', 'buy back program', NULL, 'notDone', 'NONE', 0, 0, NULL, '2018-08-16 17:35:07', '2018-08-16 17:35:07', 0),
  (2615361, '2c9fafb062282fd801622ddbac320024', 'dc power supply', NULL, 'notDone', 'NONE', 0, 0, NULL, '2018-08-16 17:35:07', '2018-08-16 17:35:07', 0),
  (2615873, '2c9fafb062282fd801622ddbac320024', 'fhd monitor', NULL, 'notDone', 'NONE', 0, 0, NULL, '2018-08-16 17:35:08', '2018-08-16 17:35:08', 0),
  (2616129, '2c9fafb062282fd801622ddbac320024', 'gopro hero5 black', NULL, 'notDone', 'NONE', 0, 0, NULL, '2018-08-16 17:35:08', '2018-08-16 17:35:08', 0),
  (2616385, '2c9fafb062282fd801622ddbac320024', 'canon sx730 hs', NULL, 'notDone', 'NONE', 0, 0, NULL, '2018-08-16 17:35:09', '2018-08-16 17:35:09', 0),
  (2616641, '2c9fafb062282fd801622ddbac320024', 'it 2017 steelbook', NULL, 'notDone', 'NONE', 0, 0, NULL, '2018-08-16 17:35:09', '2018-08-16 17:35:09', 0),
  (2616897, '2c9fafb062282fd801622ddbac320024', 'kindle oasis', NULL, 'notDone', 'NONE', 0, 0, NULL, '2018-08-16 17:35:10', '2018-08-16 17:35:10', 0),
  (2617153, '2c9fafb062282fd801622ddbac320024', 'lrg4115st', NULL, 'notDone', 'NONE', 0, 0, NULL, '2018-08-16 17:35:10', '2018-08-16 17:35:10', 0),
  (2617665, '2c9fafb062282fd801622ddbac320024', 'oak ridge boys christmas', NULL, 'notDone', 'NONE', 0, 0, NULL, '2018-08-16 17:35:11', '2018-08-16 17:35:11', 0),
  (2613570, '2c9fafb062282fd801622ddbac320024', 'home theater system', NULL, 'notDone', 'NONE', 0, 0, NULL, '2018-08-16 17:35:05', '2018-08-16 17:35:05', 0),
  (2613826, '2c9fafb062282fd801622ddbac320024', 'whirlpool wos92ec0ah', NULL, 'notDone', 'NONE', 0, 0, NULL, '2018-08-16 17:35:05', '2018-08-16 17:35:05', 0),
  (2614082, '2c9fafb062282fd801622ddbac320024', 'blu-ray', NULL, 'notDone', 'NONE', 0, 0, NULL, '2018-08-16 17:35:05', '2018-08-16 17:35:05', 0),
  (2614338, '2c9fafb062282fd801622ddbac320024', 'csi crime scene investigation', NULL, 'notDone', 'NONE', 0, 0, NULL, '2018-08-16 17:35:06', '2018-08-16 17:35:06', 0),
  (2614594, '2c9fafb062282fd801622ddbac320024', 'quickbooks', NULL, 'notDone', 'NONE', 0, 0, NULL, '2018-08-16 17:35:06', '2018-08-16 17:35:06', 0),
  (2614850, '2c9fafb062282fd801622ddbac320024', 'aquamarine', NULL, 'notDone', 'NONE', 0, 0, NULL, '2018-08-16 17:35:07', '2018-08-16 17:35:07', 0),
  (2615106, '2c9fafb062282fd801622ddbac320024', 'xbox one s 1tb bundle', NULL, 'notDone', 'NONE', 0, 0, NULL, '2018-08-16 17:35:07', '2018-08-16 17:35:07', 0),
  (2615362, '2c9fafb062282fd801622ddbac320024', 'dc adapter', NULL, 'notDone', 'NONE', 0, 0, NULL, '2018-08-16 17:35:07', '2018-08-16 17:35:07', 0),
  (2615618, '2c9fafb062282fd801622ddbac320024', 'ef-s 55-250mm is stm lens', NULL, 'notDone', 'NONE', 0, 0, NULL, '2018-08-16 17:35:08', '2018-08-16 17:35:08', 0),
  (2615874, '2c9fafb062282fd801622ddbac320024', 'fhd tv', NULL, 'notDone', 'NONE', 0, 0, NULL, '2018-08-16 17:35:08', '2018-08-16 17:35:08', 0),
  (2616130, '2c9fafb062282fd801622ddbac320024', 'google home mini', NULL, 'notDone', 'NONE', 0, 0, NULL, '2018-08-16 17:35:08', '2018-08-16 17:35:08', 0),
  (2616386, '2c9fafb062282fd801622ddbac320024', 'canon sx60 hs', NULL, 'notDone', 'NONE', 0, 0, NULL, '2018-08-16 17:35:09', '2018-08-16 17:35:09', 0),
  (2616642, '2c9fafb062282fd801622ddbac320024', 'itunes', NULL, 'notDone', 'NONE', 0, 0, NULL, '2018-08-16 17:35:09', '2018-08-16 17:35:09', 0),
  (2616898, '2c9fafb062282fd801622ddbac320024', 'kitchenaid dishwasher 24\"', NULL, 'notDone', 'NONE', 0, 0, NULL, '2018-08-16 17:35:10', '2018-08-16 17:35:10', 0),
  (2617154, '2c9fafb062282fd801622ddbac320024', 'lre3193st', NULL, 'notDone', 'NONE', 0, 0, NULL, '2018-08-16 17:35:10', '2018-08-16 17:35:10', 0),
  (2617410, '2c9fafb062282fd801622ddbac320024', 'pioneer mvh-av290bt', NULL, 'notDone', 'NONE', 0, 0, NULL, '2018-08-16 17:35:10', '2018-08-16 17:35:10', 0),
  (2617666, '2c9fafb062282fd801622ddbac320024', 'oakland raiders', NULL, 'notDone', 'NONE', 0, 0, NULL, '2018-08-16 17:35:11', '2018-08-16 17:35:11', 0),
  (2613827, '2c9fafb062282fd801622ddbac320024', 'asus vx24ah', NULL, 'notDone', 'NONE', 0, 0, NULL, '2018-08-16 17:35:05', '2018-08-16 17:35:05', 0),
  (2614083, '2c9fafb062282fd801622ddbac320024', 'bluetooth headphones', NULL, 'notDone', 'NONE', 0, 0, NULL, '2018-08-16 17:35:05', '2018-08-16 17:35:05', 0),
  (2614339, '2c9fafb062282fd801622ddbac320024', 'csi miami complete series', NULL, 'notDone', 'NONE', 0, 0, NULL, '2018-08-16 17:35:06', '2018-08-16 17:35:06', 0),
  (2614595, '2c9fafb062282fd801622ddbac320024', 'qi wireless charger', NULL, 'notDone', 'NONE', 0, 0, NULL, '2018-08-16 17:35:06', '2018-08-16 17:35:06', 0),
  (2614851, '2c9fafb062282fd801622ddbac320024', 'arlo pro', NULL, 'notDone', 'NONE', 0, 0, NULL, '2018-08-16 17:35:07', '2018-08-16 17:35:07', 0),
  (2615107, '2c9fafb062282fd801622ddbac320024', 'built in wine cooler', NULL, 'notDone', 'NONE', 0, 0, NULL, '2018-08-16 17:35:07', '2018-08-16 17:35:07', 0),
  (2615363, '2c9fafb062282fd801622ddbac320024', 'dc comics', NULL, 'notDone', 'NONE', 0, 0, NULL, '2018-08-16 17:35:07', '2018-08-16 17:35:07', 0),
  (2615619, '2c9fafb062282fd801622ddbac320024', 'egg cooker', NULL, 'notDone', 'NONE', 0, 0, NULL, '2018-08-16 17:35:08', '2018-08-16 17:35:08', 0),
  (2616131, '2c9fafb062282fd801622ddbac320024', 'google pixel 2', NULL, 'notDone', 'NONE', 0, 0, NULL, '2018-08-16 17:35:08', '2018-08-16 17:35:08', 0),
  (2616387, '2c9fafb062282fd801622ddbac320024', 'htc vive', NULL, 'notDone', 'NONE', 0, 0, NULL, '2018-08-16 17:35:09', '2018-08-16 17:35:09', 0),
  (2616899, '2c9fafb062282fd801622ddbac320024', 'cb5-132t-c9kk', NULL, 'notDone', 'NONE', 0, 0, NULL, '2018-08-16 17:35:10', '2018-08-16 17:35:10', 0),
  (2617155, '2c9fafb062282fd801622ddbac320024', 'lre3193bd', NULL, 'notDone', 'NONE', 0, 0, NULL, '2018-08-16 17:35:10', '2018-08-16 17:35:10', 0),
  (2617411, '2c9fafb062282fd801622ddbac320024', 'maytag mvwx655dw', NULL, 'notDone', 'NONE', 0, 0, NULL, '2018-08-16 17:35:10', '2018-08-16 17:35:10', 0),
  (2617667, '2c9fafb062282fd801622ddbac320024', 'oakland ca', NULL, 'notDone', 'NONE', 0, 0, NULL, '2018-08-16 17:35:11', '2018-08-16 17:35:11', 0),
  (1122116, '2c9fafb062282fd801622ddbac320024', 'watches\r', NULL, 'notDone', 'NONE', 0, 0, NULL, '2018-06-06 12:39:09', '2018-06-06 12:39:09', 0),
  (2613572, '2c9fafb062282fd801622ddbac320024', 'hoverboard', NULL, 'notDone', 'NONE', 0, 0, NULL, '2018-08-16 17:35:05', '2018-08-16 17:35:05', 0),
  (2613828, '2c9fafb062282fd801622ddbac320024', 'ahbbp-401', NULL, 'notDone', 'NONE', 0, 0, NULL, '2018-08-16 17:35:05', '2018-08-16 17:35:05', 0),
  (2614084, '2c9fafb062282fd801622ddbac320024', 'bluetooth headset', NULL, 'notDone', 'NONE', 0, 0, NULL, '2018-08-16 17:35:05', '2018-08-16 17:35:05', 0),
  (2614340, '2c9fafb062282fd801622ddbac320024', 'cs 9080', NULL, 'notDone', 'NONE', 0, 0, NULL, '2018-08-16 17:35:06', '2018-08-16 17:35:06', 0),
  (2614596, '2c9fafb062282fd801622ddbac320024', 'qled', NULL, 'notDone', 'NONE', 0, 0, NULL, '2018-08-16 17:35:06', '2018-08-16 17:35:06', 0),
  (2614852, '2c9fafb062282fd801622ddbac320024', 'arlo pro 2', NULL, 'notDone', 'NONE', 0, 0, NULL, '2018-08-16 17:35:07', '2018-08-16 17:35:07', 0),
  (2615108, '2c9fafb062282fd801622ddbac320024', 'bunn coffee makers', NULL, 'notDone', 'NONE', 0, 0, NULL, '2018-08-16 17:35:07', '2018-08-16 17:35:07', 0),
  (2615364, '2c9fafb062282fd801622ddbac320024', 'dc 5v charger', NULL, 'notDone', 'NONE', 0, 0, NULL, '2018-08-16 17:35:07', '2018-08-16 17:35:07', 0),
  (2615620, '2c9fafb062282fd801622ddbac320024', 'egg air purifier', NULL, 'notDone', 'NONE', 0, 0, NULL, '2018-08-16 17:35:08', '2018-08-16 17:35:08', 0),
  (2615876, '2c9fafb062282fd801622ddbac320024', 'hp 27\" ips led fhd monitor', NULL, 'notDone', 'NONE', 0, 0, NULL, '2018-08-16 17:35:08', '2018-08-16 17:35:08', 0),
  (2616132, '2c9fafb062282fd801622ddbac320024', 'gopro camera', NULL, 'notDone', 'NONE', 0, 0, NULL, '2018-08-16 17:35:08', '2018-08-16 17:35:08', 0),
  (2616388, '2c9fafb062282fd801622ddbac320024', 'htc u11', NULL, 'notDone', 'NONE', 0, 0, NULL, '2018-08-16 17:35:09', '2018-08-16 17:35:09', 0),
  (2616900, '2c9fafb062282fd801622ddbac320024', 'klipsch speakers', NULL, 'notDone', 'NONE', 0, 0, NULL, '2018-08-16 17:35:10', '2018-08-16 17:35:10', 0),
  (2617156, '2c9fafb062282fd801622ddbac320024', 'lre3083sw', NULL, 'notDone', 'NONE', 0, 0, NULL, '2018-08-16 17:35:10', '2018-08-16 17:35:10', 0),
  (2617412, '2c9fafb062282fd801622ddbac320024', 'mwf filter', NULL, 'notDone', 'NONE', 0, 0, NULL, '2018-08-16 17:35:10', '2018-08-16 17:35:10', 0),
  (2617668, '2c9fafb062282fd801622ddbac320024', 'obd ii', NULL, 'notDone', 'NONE', 0, 0, NULL, '2018-08-16 17:35:11', '2018-08-16 17:35:11', 0),
  (2613573, '2c9fafb062282fd801622ddbac320024', 'ipad', NULL, 'notDone', 'NONE', 0, 0, NULL, '2018-08-16 17:35:05', '2018-08-16 17:35:05', 0),
  (2613829, '2c9fafb062282fd801622ddbac320024', 'miles ahead', NULL, 'notDone', 'NONE', 0, 0, NULL, '2018-08-16 17:35:05', '2018-08-16 17:35:05', 0),
  (2614085, '2c9fafb062282fd801622ddbac320024', 'bluetooth earbuds', NULL, 'notDone', 'NONE', 0, 0, NULL, '2018-08-16 17:35:05', '2018-08-16 17:35:05', 0),
  (2614341, '2c9fafb062282fd801622ddbac320024', 'csr audio', NULL, 'notDone', 'NONE', 0, 0, NULL, '2018-08-16 17:35:06', '2018-08-16 17:35:06', 0),
  (2614597, '2c9fafb062282fd801622ddbac320024', 'quicken 2018', NULL, 'notDone', 'NONE', 0, 0, NULL, '2018-08-16 17:35:06', '2018-08-16 17:35:06', 0),
  (2615109, '2c9fafb062282fd801622ddbac320024', 'buy one get one free', NULL, 'notDone', 'NONE', 0, 0, NULL, '2018-08-16 17:35:07', '2018-08-16 17:35:07', 0),
  (2615621, '2c9fafb062282fd801622ddbac320024', 'egg poacher', NULL, 'notDone', 'NONE', 0, 0, NULL, '2018-08-16 17:35:08', '2018-08-16 17:35:08', 0),
  (2616133, '2c9fafb062282fd801622ddbac320024', 'google pixel 2 xl', NULL, 'notDone', 'NONE', 0, 0, NULL, '2018-08-16 17:35:08', '2018-08-16 17:35:08', 0),
  (2616389, '2c9fafb062282fd801622ddbac320024', 'htc cell phones', NULL, 'notDone', 'NONE', 0, 0, NULL, '2018-08-16 17:35:09', '2018-08-16 17:35:09', 0),
  (2616901, '2c9fafb062282fd801622ddbac320024', 'klipsch subwoofer', NULL, 'notDone', 'NONE', 0, 0, NULL, '2018-08-16 17:35:10', '2018-08-16 17:35:10', 0),
  (2617157, '2c9fafb062282fd801622ddbac320024', 'lg lrg3061bd', NULL, 'notDone', 'NONE', 0, 0, NULL, '2018-08-16 17:35:10', '2018-08-16 17:35:10', 0),
  (2617413, '2c9fafb062282fd801622ddbac320024', 'ge mwf water filter', NULL, 'notDone', 'NONE', 0, 0, NULL, '2018-08-16 17:35:10', '2018-08-16 17:35:10', 0),
  (2613574, '2c9fafb062282fd801622ddbac320024', 'iphone x', NULL, 'notDone', 'NONE', 0, 0, NULL, '2018-08-16 17:35:05', '2018-08-16 17:35:05', 0),
  (2614086, '2c9fafb062282fd801622ddbac320024', 'black friday 2017', NULL, 'notDone', 'NONE', 0, 0, NULL, '2018-08-16 17:35:05', '2018-08-16 17:35:05', 0),
  (2614342, '2c9fafb062282fd801622ddbac320024', 'csi miami', NULL, 'notDone', 'NONE', 0, 0, NULL, '2018-08-16 17:35:06', '2018-08-16 17:35:06', 0),
  (2614598, '2c9fafb062282fd801622ddbac320024', 'qled q7', NULL, 'notDone', 'NONE', 0, 0, NULL, '2018-08-16 17:35:06', '2018-08-16 17:35:06', 0),
  (2614854, '2c9fafb062282fd801622ddbac320024', 'arlo', NULL, 'notDone', 'NONE', 0, 0, NULL, '2018-08-16 17:35:07', '2018-08-16 17:35:07', 0),
  (2615110, '2c9fafb062282fd801622ddbac320024', 'bvmc-pstx91', NULL, 'notDone', 'NONE', 0, 0, NULL, '2018-08-16 17:35:07', '2018-08-16 17:35:07', 0),
  (2615366, '2c9fafb062282fd801622ddbac320024', 'dc 4k collection', NULL, 'notDone', 'NONE', 0, 0, NULL, '2018-08-16 17:35:07', '2018-08-16 17:35:07', 0),
  (2615622, '2c9fafb062282fd801622ddbac320024', 'e-gift card', NULL, 'notDone', 'NONE', 0, 0, NULL, '2018-08-16 17:35:08', '2018-08-16 17:35:08', 0),
  (2615878, '2c9fafb062282fd801622ddbac320024', 'hp 20.7\" led fhd monitor black', NULL, 'notDone', 'NONE', 0, 0, NULL, '2018-08-16 17:35:08', '2018-08-16 17:35:08', 0),
  (2616390, '2c9fafb062282fd801622ddbac320024', 'htc vive virtual reality system', NULL, 'notDone', 'NONE', 0, 0, NULL, '2018-08-16 17:35:09', '2018-08-16 17:35:09', 0),
  (2616646, '2c9fafb062282fd801622ddbac320024', '4k tv', NULL, 'notDone', 'NONE', 0, 0, NULL, '2018-08-16 17:35:09', '2018-08-16 17:35:09', 0),
  (2616902, '2c9fafb062282fd801622ddbac320024', 'klipsch', NULL, 'notDone', 'NONE', 0, 0, NULL, '2018-08-16 17:35:10', '2018-08-16 17:35:10', 0),
  (2617158, '2c9fafb062282fd801622ddbac320024', 'lg lrg3061st', NULL, 'notDone', 'NONE', 0, 0, NULL, '2018-08-16 17:35:10', '2018-08-16 17:35:10', 0),
  (2617414, '2c9fafb062282fd801622ddbac320024', 'refrigerators water filters ge mwf', NULL, 'notDone', 'NONE', 0, 0, NULL, '2018-08-16 17:35:10', '2018-08-16 17:35:10', 0),
  (1121863, '2c9fafb062282fd801622ddbac320024', 'olives\r', NULL, 'notDone', 'NONE', 0, 0, NULL, '2018-06-06 12:39:09', '2018-06-06 12:39:09', 0),
  (2613575, '2c9fafb062282fd801622ddbac320024', 'ipad pro 10.5 inch', NULL, 'notDone', 'NONE', 0, 0, NULL, '2018-08-16 17:35:05', '2018-08-16 17:35:05', 0),
  (2613831, '2c9fafb062282fd801622ddbac320024', 'airpods wireless', NULL, 'notDone', 'NONE', 0, 0, NULL, '2018-08-16 17:35:05', '2018-08-16 17:35:05', 0),
  (2614087, '2c9fafb062282fd801622ddbac320024', 'bluetooth adapter', NULL, 'notDone', 'NONE', 0, 0, NULL, '2018-08-16 17:35:05', '2018-08-16 17:35:05', 0),
  (2614343, '2c9fafb062282fd801622ddbac320024', 'csi complete series', NULL, 'notDone', 'NONE', 0, 0, NULL, '2018-08-16 17:35:06', '2018-08-16 17:35:06', 0),
  (2614599, '2c9fafb062282fd801622ddbac320024', 'quickbooks pro 2018', NULL, 'notDone', 'NONE', 0, 0, NULL, '2018-08-16 17:35:06', '2018-08-16 17:35:06', 0),
  (2615111, '2c9fafb062282fd801622ddbac320024', 'bw speakers', NULL, 'notDone', 'NONE', 0, 0, NULL, '2018-08-16 17:35:07', '2018-08-16 17:35:07', 0),
  (2615367, '2c9fafb062282fd801622ddbac320024', 'ddr4 memory', NULL, 'notDone', 'NONE', 0, 0, NULL, '2018-08-16 17:35:07', '2018-08-16 17:35:07', 0),
  (2615623, '2c9fafb062282fd801622ddbac320024', 'ego 2', NULL, 'notDone', 'NONE', 0, 0, NULL, '2018-08-16 17:35:08', '2018-08-16 17:35:08', 0),
  (2616135, '2c9fafb062282fd801622ddbac320024', 'gopro', NULL, 'notDone', 'NONE', 0, 0, NULL, '2018-08-16 17:35:08', '2018-08-16 17:35:08', 0),
  (2616391, '2c9fafb062282fd801622ddbac320024', 'htc 10', NULL, 'notDone', 'NONE', 0, 0, NULL, '2018-08-16 17:35:09', '2018-08-16 17:35:09', 0),
  (2616647, '2c9fafb062282fd801622ddbac320024', 'ipad mini 4', NULL, 'notDone', 'NONE', 0, 0, NULL, '2018-08-16 17:35:09', '2018-08-16 17:35:09', 0),
  (2616903, '2c9fafb062282fd801622ddbac320024', 'klipsch soundbar', NULL, 'notDone', 'NONE', 0, 0, NULL, '2018-08-16 17:35:10', '2018-08-16 17:35:10', 0),
  (2617159, '2c9fafb062282fd801622ddbac320024', 'lenovo 80tj00lrus', NULL, 'notDone', 'NONE', 0, 0, NULL, '2018-08-16 17:35:10', '2018-08-16 17:35:10', 0),
  (2617415, '2c9fafb062282fd801622ddbac320024', 'mx master', NULL, 'notDone', 'NONE', 0, 0, NULL, '2018-08-16 17:35:10', '2018-08-16 17:35:10', 0),
  (2617671, '2c9fafb062282fd801622ddbac320024', 'obi 200', NULL, 'notDone', 'NONE', 0, 0, NULL, '2018-08-16 17:35:11', '2018-08-16 17:35:11', 0),
  (2613832, '2c9fafb062282fd801622ddbac320024', 'air fryer', NULL, 'notDone', 'NONE', 0, 0, NULL, '2018-08-16 17:35:05', '2018-08-16 17:35:05', 0),
  (2614088, '2c9fafb062282fd801622ddbac320024', 'bluetooth transmitter', NULL, 'notDone', 'NONE', 0, 0, NULL, '2018-08-16 17:35:05', '2018-08-16 17:35:05', 0),
  (2614344, '2c9fafb062282fd801622ddbac320024', 'cs321ak', NULL, 'notDone', 'NONE', 0, 0, NULL, '2018-08-16 17:35:06', '2018-08-16 17:35:06', 0),
  (2614600, '2c9fafb062282fd801622ddbac320024', 'qc 35', NULL, 'notDone', 'NONE', 0, 0, NULL, '2018-08-16 17:35:06', '2018-08-16 17:35:06', 0),
  (2614856, '2c9fafb062282fd801622ddbac320024', 'arris cable modem router', NULL, 'notDone', 'NONE', 0, 0, NULL, '2018-08-16 17:35:07', '2018-08-16 17:35:07', 0),
  (2615112, '2c9fafb062282fd801622ddbac320024', 'b&w speakers', NULL, 'notDone', 'NONE', 0, 0, NULL, '2018-08-16 17:35:07', '2018-08-16 17:35:07', 0),
  (2615368, '2c9fafb062282fd801622ddbac320024', 'ddr3 ram', NULL, 'notDone', 'NONE', 0, 0, NULL, '2018-08-16 17:35:07', '2018-08-16 17:35:07', 0),
  (2615624, '2c9fafb062282fd801622ddbac320024', 'egyptian lover', NULL, 'notDone', 'NONE', 0, 0, NULL, '2018-08-16 17:35:08', '2018-08-16 17:35:08', 0),
  (2615880, '2c9fafb062282fd801622ddbac320024', 'asus 24\" led fhd monitor black', NULL, 'notDone', 'NONE', 0, 0, NULL, '2018-08-16 17:35:08', '2018-08-16 17:35:08', 0),
  (2616136, '2c9fafb062282fd801622ddbac320024', 'graphics card', NULL, 'notDone', 'NONE', 0, 0, NULL, '2018-08-16 17:35:08', '2018-08-16 17:35:08', 0),
  (2616392, '2c9fafb062282fd801622ddbac320024', 'htc one m9', NULL, 'notDone', 'NONE', 0, 0, NULL, '2018-08-16 17:35:09', '2018-08-16 17:35:09', 0),
  (2616648, '2c9fafb062282fd801622ddbac320024', 'surface pro 4', NULL, 'notDone', 'NONE', 0, 0, NULL, '2018-08-16 17:35:09', '2018-08-16 17:35:09', 0),
  (2616904, '2c9fafb062282fd801622ddbac320024', 'klipsch center channel', NULL, 'notDone', 'NONE', 0, 0, NULL, '2018-08-16 17:35:10', '2018-08-16 17:35:10', 0),
  (2617160, '2c9fafb062282fd801622ddbac320024', 'ls20', NULL, 'notDone', 'NONE', 0, 0, NULL, '2018-08-16 17:35:10', '2018-08-16 17:35:10', 0),
  (2617416, '2c9fafb062282fd801622ddbac320024', 'mx master 2s', NULL, 'notDone', 'NONE', 0, 0, NULL, '2018-08-16 17:35:10', '2018-08-16 17:35:10', 0),
  (2617672, '2c9fafb062282fd801622ddbac320024', 'obd bluetooth', NULL, 'notDone', 'NONE', 0, 0, NULL, '2018-08-16 17:35:11', '2018-08-16 17:35:11', 0),
  (2613577, '2c9fafb062282fd801622ddbac320024', 'ipad pro 12.9 inch', NULL, 'notDone', 'NONE', 0, 0, NULL, '2018-08-16 17:35:05', '2018-08-16 17:35:05', 0),
  (2613833, '2c9fafb062282fd801622ddbac320024', 'airpods', NULL, 'notDone', 'NONE', 0, 0, NULL, '2018-08-16 17:35:05', '2018-08-16 17:35:05', 0),
  (2614089, '2c9fafb062282fd801622ddbac320024', 'black friday', NULL, 'notDone', 'NONE', 0, 0, NULL, '2018-08-16 17:35:05', '2018-08-16 17:35:05', 0),
  (2614345, '2c9fafb062282fd801622ddbac320024', 'cs-9060', NULL, 'notDone', 'NONE', 0, 0, NULL, '2018-08-16 17:35:06', '2018-08-16 17:35:06', 0),
  (2614857, '2c9fafb062282fd801622ddbac320024', 'arlo q', NULL, 'notDone', 'NONE', 0, 0, NULL, '2018-08-16 17:35:07', '2018-08-16 17:35:07', 0),
  (2615113, '2c9fafb062282fd801622ddbac320024', 'b&w headphones', NULL, 'notDone', 'NONE', 0, 0, NULL, '2018-08-16 17:35:07', '2018-08-16 17:35:07', 0),
  (2615625, '2c9fafb062282fd801622ddbac320024', 'egg air', NULL, 'notDone', 'NONE', 0, 0, NULL, '2018-08-16 17:35:08', '2018-08-16 17:35:08', 0),
  (2615881, '2c9fafb062282fd801622ddbac320024', 'hp 24\" ips led fhd monitor', NULL, 'notDone', 'NONE', 0, 0, NULL, '2018-08-16 17:35:08', '2018-08-16 17:35:08', 0),
  (2616137, '2c9fafb062282fd801622ddbac320024', 'gps navigation', NULL, 'notDone', 'NONE', 0, 0, NULL, '2018-08-16 17:35:08', '2018-08-16 17:35:08', 0),
  (2616393, '2c9fafb062282fd801622ddbac320024', 'htc 10 cell phone', NULL, 'notDone', 'NONE', 0, 0, NULL, '2018-08-16 17:35:09', '2018-08-16 17:35:09', 0),
  (2616649, '2c9fafb062282fd801622ddbac320024', 'sony rx10 iv', NULL, 'notDone', 'NONE', 0, 0, NULL, '2018-08-16 17:35:09', '2018-08-16 17:35:09', 0),
  (2616905, '2c9fafb062282fd801622ddbac320024', 'klipsch headphones', NULL, 'notDone', 'NONE', 0, 0, NULL, '2018-08-16 17:35:10', '2018-08-16 17:35:10', 0),
  (2617161, '2c9fafb062282fd801622ddbac320024', 'ls30', NULL, 'notDone', 'NONE', 0, 0, NULL, '2018-08-16 17:35:10', '2018-08-16 17:35:10', 0),
  (2617417, '2c9fafb062282fd801622ddbac320024', 'mx anywhere 2s', NULL, 'notDone', 'NONE', 0, 0, NULL, '2018-08-16 17:35:10', '2018-08-16 17:35:10', 0),
  (2617673, '2c9fafb062282fd801622ddbac320024', 'oblivion xbox', NULL, 'notDone', 'NONE', 0, 0, NULL, '2018-08-16 17:35:11', '2018-08-16 17:35:11', 0),
  (1121866, '2c9fafb062282fd801622ddbac320024', 'onesies\r', NULL, 'notDone', 'NONE', 0, 0, NULL, '2018-06-06 12:39:09', '2018-06-06 12:39:09', 0),
  (2613578, '2c9fafb062282fd801622ddbac320024', 'iphone 8', NULL, 'notDone', 'NONE', 0, 0, NULL, '2018-08-16 17:35:05', '2018-08-16 17:35:05', 0),
  (2613834, '2c9fafb062282fd801622ddbac320024', 'air purifier', NULL, 'notDone', 'NONE', 0, 0, NULL, '2018-08-16 17:35:05', '2018-08-16 17:35:05', 0),
  (2614346, '2c9fafb062282fd801622ddbac320024', 'csi final season', NULL, 'notDone', 'NONE', 0, 0, NULL, '2018-08-16 17:35:06', '2018-08-16 17:35:06', 0),
  (2614602, '2c9fafb062282fd801622ddbac320024', 'ring video doorbell', NULL, 'notDone', 'NONE', 0, 0, NULL, '2018-08-16 17:35:06', '2018-08-16 17:35:06', 0),
  (2614858, '2c9fafb062282fd801622ddbac320024', 'arris surfboard sb6190', NULL, 'notDone', 'NONE', 0, 0, NULL, '2018-08-16 17:35:07', '2018-08-16 17:35:07', 0),
  (2615114, '2c9fafb062282fd801622ddbac320024', 'b&w 685 s2', NULL, 'notDone', 'NONE', 0, 0, NULL, '2018-08-16 17:35:07', '2018-08-16 17:35:07', 0),
  (2615370, '2c9fafb062282fd801622ddbac320024', 'ddr3 ram for laptop', NULL, 'notDone', 'NONE', 0, 0, NULL, '2018-08-16 17:35:07', '2018-08-16 17:35:07', 0),
  (2615626, '2c9fafb062282fd801622ddbac320024', 'gods of egypt', NULL, 'notDone', 'NONE', 0, 0, NULL, '2018-08-16 17:35:08', '2018-08-16 17:35:08', 0),
  (2615882, '2c9fafb062282fd801622ddbac320024', 'hp 23.8 inch fhd ips monitor', NULL, 'notDone', 'NONE', 0, 0, NULL, '2018-08-16 17:35:08', '2018-08-16 17:35:08', 0),
  (2616138, '2c9fafb062282fd801622ddbac320024', 'gps for cars', NULL, 'notDone', 'NONE', 0, 0, NULL, '2018-08-16 17:35:08', '2018-08-16 17:35:08', 0),
  (2616394, '2c9fafb062282fd801622ddbac320024', 'htc phones', NULL, 'notDone', 'NONE', 0, 0, NULL, '2018-08-16 17:35:09', '2018-08-16 17:35:09', 0),
  (2616650, '2c9fafb062282fd801622ddbac320024', 'sony 4k', NULL, 'notDone', 'NONE', 0, 0, NULL, '2018-08-16 17:35:09', '2018-08-16 17:35:09', 0),
  (2616906, '2c9fafb062282fd801622ddbac320024', 'klipsch computer speakers', NULL, 'notDone', 'NONE', 0, 0, NULL, '2018-08-16 17:35:10', '2018-08-16 17:35:10', 0),
  (2617162, '2c9fafb062282fd801622ddbac320024', 'lse4613st', NULL, 'notDone', 'NONE', 0, 0, NULL, '2018-08-16 17:35:10', '2018-08-16 17:35:10', 0),
  (2617418, '2c9fafb062282fd801622ddbac320024', 'mx anywhere 2', NULL, 'notDone', 'NONE', 0, 0, NULL, '2018-08-16 17:35:10', '2018-08-16 17:35:10', 0),
  (2617674, '2c9fafb062282fd801622ddbac320024', 'oblivion blu-ray', NULL, 'notDone', 'NONE', 0, 0, NULL, '2018-08-16 17:35:11', '2018-08-16 17:35:11', 0),
  (1121867, '2c9fafb062282fd801622ddbac320024', 'opaque tights\r', NULL, 'notDone', 'NONE', 0, 0, NULL, '2018-06-06 12:39:09', '2018-06-06 12:39:09', 0),
  (2613579, '2c9fafb062282fd801622ddbac320024', 'iphone 6', NULL, 'notDone', 'NONE', 0, 0, NULL, '2018-08-16 17:35:05', '2018-08-16 17:35:05', 0),
  (2613835, '2c9fafb062282fd801622ddbac320024', 'amiibo', NULL, 'notDone', 'NONE', 0, 0, NULL, '2018-08-16 17:35:05', '2018-08-16 17:35:05', 0),
  (2614091, '2c9fafb062282fd801622ddbac320024', 'bmw installation kit', NULL, 'notDone', 'NONE', 0, 0, NULL, '2018-08-16 17:35:05', '2018-08-16 17:35:05', 0),
  (2614347, '2c9fafb062282fd801622ddbac320024', 'type c-to-usb type c', NULL, 'notDone', 'NONE', 0, 0, NULL, '2018-08-16 17:35:06', '2018-08-16 17:35:06', 0),
  (2614603, '2c9fafb062282fd801622ddbac320024', 'roku', NULL, 'notDone', 'NONE', 0, 0, NULL, '2018-08-16 17:35:06', '2018-08-16 17:35:06', 0),
  (2614859, '2c9fafb062282fd801622ddbac320024', 'ark survival evolved ps4', NULL, 'notDone', 'NONE', 0, 0, NULL, '2018-08-16 17:35:07', '2018-08-16 17:35:07', 0),
  (2615115, '2c9fafb062282fd801622ddbac320024', 'b&w 702 s2', NULL, 'notDone', 'NONE', 0, 0, NULL, '2018-08-16 17:35:07', '2018-08-16 17:35:07', 0),
  (2615371, '2c9fafb062282fd801622ddbac320024', 'ddr3', NULL, 'notDone', 'NONE', 0, 0, NULL, '2018-08-16 17:35:07', '2018-08-16 17:35:07', 0),
  (2615627, '2c9fafb062282fd801622ddbac320024', 'gods of egypt blu-ray', NULL, 'notDone', 'NONE', 0, 0, NULL, '2018-08-16 17:35:08', '2018-08-16 17:35:08', 0),
  (2615883, '2c9fafb062282fd801622ddbac320024', 'fitbit', NULL, 'notDone', 'NONE', 0, 0, NULL, '2018-08-16 17:35:08', '2018-08-16 17:35:08', 0),
  (2616139, '2c9fafb062282fd801622ddbac320024', 'gps tracking devices', NULL, 'notDone', 'NONE', 0, 0, NULL, '2018-08-16 17:35:08', '2018-08-16 17:35:08', 0),
  (2616395, '2c9fafb062282fd801622ddbac320024', 'htc one m8', NULL, 'notDone', 'NONE', 0, 0, NULL, '2018-08-16 17:35:09', '2018-08-16 17:35:09', 0),
  (2616651, '2c9fafb062282fd801622ddbac320024', 'ps4 games', NULL, 'notDone', 'NONE', 0, 0, NULL, '2018-08-16 17:35:09', '2018-08-16 17:35:09', 0),
  (2616907, '2c9fafb062282fd801622ddbac320024', 'klipsch home theater', NULL, 'notDone', 'NONE', 0, 0, NULL, '2018-08-16 17:35:10', '2018-08-16 17:35:10', 0),
  (2617163, '2c9fafb062282fd801622ddbac320024', 'lsg4513st', NULL, 'notDone', 'NONE', 0, 0, NULL, '2018-08-16 17:35:10', '2018-08-16 17:35:10', 0),
  (2617419, '2c9fafb062282fd801622ddbac320024', 'mx ergo', NULL, 'notDone', 'NONE', 0, 0, NULL, '2018-08-16 17:35:10', '2018-08-16 17:35:10', 0),
  (2617675, '2c9fafb062282fd801622ddbac320024', 'obi voip phone adapter', NULL, 'notDone', 'NONE', 0, 0, NULL, '2018-08-16 17:35:11', '2018-08-16 17:35:11', 0),
  (2613580, '2c9fafb062282fd801622ddbac320024', 'ipad mini', NULL, 'notDone', 'NONE', 0, 0, NULL, '2018-08-16 17:35:05', '2018-08-16 17:35:05', 0),
  (2613836, '2c9fafb062282fd801622ddbac320024', 'air pods', NULL, 'notDone', 'NONE', 0, 0, NULL, '2018-08-16 17:35:05', '2018-08-16 17:35:05', 0),
  (2614092, '2c9fafb062282fd801622ddbac320024', 'bmi scale', NULL, 'notDone', 'NONE', 0, 0, NULL, '2018-08-16 17:35:05', '2018-08-16 17:35:05', 0),
  (2614348, '2c9fafb062282fd801622ddbac320024', 'usb type c-to-usb type c', NULL, 'notDone', 'NONE', 0, 0, NULL, '2018-08-16 17:35:06', '2018-08-16 17:35:06', 0),
  (2614604, '2c9fafb062282fd801622ddbac320024', 'remote car starter', NULL, 'notDone', 'NONE', 0, 0, NULL, '2018-08-16 17:35:06', '2018-08-16 17:35:06', 0),
  (2614860, '2c9fafb062282fd801622ddbac320024', 'arlo pro security camera', NULL, 'notDone', 'NONE', 0, 0, NULL, '2018-08-16 17:35:07', '2018-08-16 17:35:07', 0),
  (2615116, '2c9fafb062282fd801622ddbac320024', 'b&w subwoofer', NULL, 'notDone', 'NONE', 0, 0, NULL, '2018-08-16 17:35:07', '2018-08-16 17:35:07', 0),
  (2615372, '2c9fafb062282fd801622ddbac320024', 'ddr3 desktop ram', NULL, 'notDone', 'NONE', 0, 0, NULL, '2018-08-16 17:35:07', '2018-08-16 17:35:07', 0),
  (2615628, '2c9fafb062282fd801622ddbac320024', 'egypt', NULL, 'notDone', 'NONE', 0, 0, NULL, '2018-08-16 17:35:08', '2018-08-16 17:35:08', 0),
  (2615884, '2c9fafb062282fd801622ddbac320024', 'fire stick', NULL, 'notDone', 'NONE', 0, 0, NULL, '2018-08-16 17:35:08', '2018-08-16 17:35:08', 0),
  (2616140, '2c9fafb062282fd801622ddbac320024', 'gps tracker', NULL, 'notDone', 'NONE', 0, 0, NULL, '2018-08-16 17:35:08', '2018-08-16 17:35:08', 0),
  (2616396, '2c9fafb062282fd801622ddbac320024', 'htc desire 550', NULL, 'notDone', 'NONE', 0, 0, NULL, '2018-08-16 17:35:09', '2018-08-16 17:35:09', 0),
  (2616652, '2c9fafb062282fd801622ddbac320024', 'bose wave music system iv', NULL, 'notDone', 'NONE', 0, 0, NULL, '2018-08-16 17:35:09', '2018-08-16 17:35:09', 0),
  (2616908, '2c9fafb062282fd801622ddbac320024', 'klipsch floor speakers', NULL, 'notDone', 'NONE', 0, 0, NULL, '2018-08-16 17:35:10', '2018-08-16 17:35:10', 0),
  (2617164, '2c9fafb062282fd801622ddbac320024', 'lsfxc2476s', NULL, 'notDone', 'NONE', 0, 0, NULL, '2018-08-16 17:35:10', '2018-08-16 17:35:10', 0),
  (2617420, '2c9fafb062282fd801622ddbac320024', 'mx anywhere', NULL, 'notDone', 'NONE', 0, 0, NULL, '2018-08-16 17:35:10', '2018-08-16 17:35:10', 0),
  (2617676, '2c9fafb062282fd801622ddbac320024', 'obsessed', NULL, 'notDone', 'NONE', 0, 0, NULL, '2018-08-16 17:35:11', '2018-08-16 17:35:11', 0),
  (2613581, '2c9fafb062282fd801622ddbac320024', 'iphone 7 plus', NULL, 'notDone', 'NONE', 0, 0, NULL, '2018-08-16 17:35:05', '2018-08-16 17:35:05', 0),
  (2613837, '2c9fafb062282fd801622ddbac320024', 'air conditioners', NULL, 'notDone', 'NONE', 0, 0, NULL, '2018-08-16 17:35:05', '2018-08-16 17:35:05', 0),
  (2614093, '2c9fafb062282fd801622ddbac320024', 'bmw 3 series', NULL, 'notDone', 'NONE', 0, 0, NULL, '2018-08-16 17:35:05', '2018-08-16 17:35:05', 0),
  (2614349, '2c9fafb062282fd801622ddbac320024', 'ctrl', NULL, 'notDone', 'NONE', 0, 0, NULL, '2018-08-16 17:35:06', '2018-08-16 17:35:06', 0),
  (2614605, '2c9fafb062282fd801622ddbac320024', 'router', NULL, 'notDone', 'NONE', 0, 0, NULL, '2018-08-16 17:35:06', '2018-08-16 17:35:06', 0),
  (2614861, '2c9fafb062282fd801622ddbac320024', 'asus laptop', NULL, 'notDone', 'NONE', 0, 0, NULL, '2018-08-16 17:35:07', '2018-08-16 17:35:07', 0),
  (2615117, '2c9fafb062282fd801622ddbac320024', 'b&w 700 series', NULL, 'notDone', 'NONE', 0, 0, NULL, '2018-08-16 17:35:07', '2018-08-16 17:35:07', 0),
  (2615373, '2c9fafb062282fd801622ddbac320024', 'ddr4', NULL, 'notDone', 'NONE', 0, 0, NULL, '2018-08-16 17:35:07', '2018-08-16 17:35:07', 0),
  (2615629, '2c9fafb062282fd801622ddbac320024', 'ehang ghostdrone 2.0 vr drone', NULL, 'notDone', 'NONE', 0, 0, NULL, '2018-08-16 17:35:08', '2018-08-16 17:35:08', 0),
  (2615885, '2c9fafb062282fd801622ddbac320024', 'fingerlings', NULL, 'notDone', 'NONE', 0, 0, NULL, '2018-08-16 17:35:08', '2018-08-16 17:35:08', 0),
  (2616141, '2c9fafb062282fd801622ddbac320024', 'gps tracker for cars', NULL, 'notDone', 'NONE', 0, 0, NULL, '2018-08-16 17:35:08', '2018-08-16 17:35:08', 0),
  (2616653, '2c9fafb062282fd801622ddbac320024', 'apple watch', NULL, 'notDone', 'NONE', 0, 0, NULL, '2018-08-16 17:35:09', '2018-08-16 17:35:09', 0),
  (2616909, '2c9fafb062282fd801622ddbac320024', 'klipsch promedia 2.1', NULL, 'notDone', 'NONE', 0, 0, NULL, '2018-08-16 17:35:10', '2018-08-16 17:35:10', 0),
  (2617165, '2c9fafb062282fd801622ddbac320024', 'lsg4513bd', NULL, 'notDone', 'NONE', 0, 0, NULL, '2018-08-16 17:35:10', '2018-08-16 17:35:10', 0),
  (2617421, '2c9fafb062282fd801622ddbac320024', 'mx922 printer', NULL, 'notDone', 'NONE', 0, 0, NULL, '2018-08-16 17:35:10', '2018-08-16 17:35:10', 0),
  (2617677, '2c9fafb062282fd801622ddbac320024', 'obdii', NULL, 'notDone', 'NONE', 0, 0, NULL, '2018-08-16 17:35:11', '2018-08-16 17:35:11', 0),
  (2613838, '2c9fafb062282fd801622ddbac320024', 'macbook air', NULL, 'notDone', 'NONE', 0, 0, NULL, '2018-08-16 17:35:05', '2018-08-16 17:35:05', 0),
  (2614094, '2c9fafb062282fd801622ddbac320024', 'bmw radio replacement', NULL, 'notDone', 'NONE', 0, 0, NULL, '2018-08-16 17:35:05', '2018-08-16 17:35:05', 0),
  (2614350, '2c9fafb062282fd801622ddbac320024', 'usb type c-to-micro usb adapter', NULL, 'notDone', 'NONE', 0, 0, NULL, '2018-08-16 17:35:06', '2018-08-16 17:35:06', 0),
  (2614606, '2c9fafb062282fd801622ddbac320024', 'receiver', NULL, 'notDone', 'NONE', 0, 0, NULL, '2018-08-16 17:35:06', '2018-08-16 17:35:06', 0),
  (2614862, '2c9fafb062282fd801622ddbac320024', 'assassin\'s creed origins', NULL, 'notDone', 'NONE', 0, 0, NULL, '2018-08-16 17:35:07', '2018-08-16 17:35:07', 0),
  (2615118, '2c9fafb062282fd801622ddbac320024', 'b&w center speaker', NULL, 'notDone', 'NONE', 0, 0, NULL, '2018-08-16 17:35:07', '2018-08-16 17:35:07', 0),
  (2615374, '2c9fafb062282fd801622ddbac320024', 'ddr4 2400 ram', NULL, 'notDone', 'NONE', 0, 0, NULL, '2018-08-16 17:35:07', '2018-08-16 17:35:07', 0),
  (2615630, '2c9fafb062282fd801622ddbac320024', 'ehang', NULL, 'notDone', 'NONE', 0, 0, NULL, '2018-08-16 17:35:08', '2018-08-16 17:35:08', 0),
  (2615886, '2c9fafb062282fd801622ddbac320024', 'fingerlings baby monkeys', NULL, 'notDone', 'NONE', 0, 0, NULL, '2018-08-16 17:35:08', '2018-08-16 17:35:08', 0),
  (2616142, '2c9fafb062282fd801622ddbac320024', 'gps watch', NULL, 'notDone', 'NONE', 0, 0, NULL, '2018-08-16 17:35:08', '2018-08-16 17:35:08', 0),
  (2616398, '2c9fafb062282fd801622ddbac320024', 'huawei mate 9', NULL, 'notDone', 'NONE', 0, 0, NULL, '2018-08-16 17:35:09', '2018-08-16 17:35:09', 0),
  (2616654, '2c9fafb062282fd801622ddbac320024', 'apple watch series 3', NULL, 'notDone', 'NONE', 0, 0, NULL, '2018-08-16 17:35:09', '2018-08-16 17:35:09', 0),
  (2616910, '2c9fafb062282fd801622ddbac320024', 'kmfdm', NULL, 'notDone', 'NONE', 0, 0, NULL, '2018-08-16 17:35:10', '2018-08-16 17:35:10', 0),
  (2617166, '2c9fafb062282fd801622ddbac320024', 'lsmc3089bd', NULL, 'notDone', 'NONE', 0, 0, NULL, '2018-08-16 17:35:10', '2018-08-16 17:35:10', 0),
  (2617422, '2c9fafb062282fd801622ddbac320024', 'mx ergo plus', NULL, 'notDone', 'NONE', 0, 0, NULL, '2018-08-16 17:35:10', '2018-08-16 17:35:10', 0),
  (2617678, '2c9fafb062282fd801622ddbac320024', 'oculus rift', NULL, 'notDone', 'NONE', 0, 0, NULL, '2018-08-16 17:35:11', '2018-08-16 17:35:11', 0),
  (2613583, '2c9fafb062282fd801622ddbac320024', 'jbl bluetooth speaker', NULL, 'notDone', 'NONE', 0, 0, NULL, '2018-08-16 17:35:05', '2018-08-16 17:35:05', 0),
  (2614095, '2c9fafb062282fd801622ddbac320024', 'bmw dash kit', NULL, 'notDone', 'NONE', 0, 0, NULL, '2018-08-16 17:35:05', '2018-08-16 17:35:05', 0),
  (2614351, '2c9fafb062282fd801622ddbac320024', 'ctl490dw', NULL, 'notDone', 'NONE', 0, 0, NULL, '2018-08-16 17:35:06', '2018-08-16 17:35:06', 0),
  (2614607, '2c9fafb062282fd801622ddbac320024', 'remote start with installation', NULL, 'notDone', 'NONE', 0, 0, NULL, '2018-08-16 17:35:06', '2018-08-16 17:35:06', 0),
  (2614863, '2c9fafb062282fd801622ddbac320024', 'assassins creed origins', NULL, 'notDone', 'NONE', 0, 0, NULL, '2018-08-16 17:35:07', '2018-08-16 17:35:07', 0),
  (2615119, '2c9fafb062282fd801622ddbac320024', 'b&w px', NULL, 'notDone', 'NONE', 0, 0, NULL, '2018-08-16 17:35:07', '2018-08-16 17:35:07', 0),
  (2615375, '2c9fafb062282fd801622ddbac320024', 'ddr4 ram laptop', NULL, 'notDone', 'NONE', 0, 0, NULL, '2018-08-16 17:35:07', '2018-08-16 17:35:07', 0),
  (2615887, '2c9fafb062282fd801622ddbac320024', 'fitbit charge 2', NULL, 'notDone', 'NONE', 0, 0, NULL, '2018-08-16 17:35:08', '2018-08-16 17:35:08', 0),
  (2616143, '2c9fafb062282fd801622ddbac320024', 'gps navigation for car', NULL, 'notDone', 'NONE', 0, 0, NULL, '2018-08-16 17:35:08', '2018-08-16 17:35:08', 0),
  (2616399, '2c9fafb062282fd801622ddbac320024', 'hue lights', NULL, 'notDone', 'NONE', 0, 0, NULL, '2018-08-16 17:35:09', '2018-08-16 17:35:09', 0),
  (2616911, '2c9fafb062282fd801622ddbac320024', 'kmhs120ess', NULL, 'notDone', 'NONE', 0, 0, NULL, '2018-08-16 17:35:10', '2018-08-16 17:35:10', 0),
  (2617167, '2c9fafb062282fd801622ddbac320024', 'l-shaped desk', NULL, 'notDone', 'NONE', 0, 0, NULL, '2018-08-16 17:35:10', '2018-08-16 17:35:10', 0),
  (2617423, '2c9fafb062282fd801622ddbac320024', 'mx vs atv', NULL, 'notDone', 'NONE', 0, 0, NULL, '2018-08-16 17:35:10', '2018-08-16 17:35:10', 0),
  (2617679, '2c9fafb062282fd801622ddbac320024', 'oculus rift bundle', NULL, 'notDone', 'NONE', 0, 0, NULL, '2018-08-16 17:35:11', '2018-08-16 17:35:11', 0),
  (1121872, '2c9fafb062282fd801622ddbac320024', 'orange juice\r', NULL, 'notDone', 'NONE', 0, 0, NULL, '2018-06-06 12:39:09', '2018-06-06 12:39:09', 0),
  (2613584, '2c9fafb062282fd801622ddbac320024', 'jaybird', NULL, 'notDone', 'NONE', 0, 0, NULL, '2018-08-16 17:35:05', '2018-08-16 17:35:05', 0),
  (2613840, '2c9fafb062282fd801622ddbac320024', 'airpods accessories', NULL, 'notDone', 'NONE', 0, 0, NULL, '2018-08-16 17:35:05', '2018-08-16 17:35:05', 0),
  (2614096, '2c9fafb062282fd801622ddbac320024', 'bmw remote start', NULL, 'notDone', 'NONE', 0, 0, NULL, '2018-08-16 17:35:05', '2018-08-16 17:35:05', 0),
  (2614352, '2c9fafb062282fd801622ddbac320024', 'usb type c-to-usb type a', NULL, 'notDone', 'NONE', 0, 0, NULL, '2018-08-16 17:35:06', '2018-08-16 17:35:06', 0),
  (2614608, '2c9fafb062282fd801622ddbac320024', 'roku streaming stick', NULL, 'notDone', 'NONE', 0, 0, NULL, '2018-08-16 17:35:06', '2018-08-16 17:35:06', 0),
  (2615120, '2c9fafb062282fd801622ddbac320024', 'b&w m1', NULL, 'notDone', 'NONE', 0, 0, NULL, '2018-08-16 17:35:07', '2018-08-16 17:35:07', 0),
  (2615376, '2c9fafb062282fd801622ddbac320024', 'ddr3l laptop memory', NULL, 'notDone', 'NONE', 0, 0, NULL, '2018-08-16 17:35:07', '2018-08-16 17:35:07', 0),
  (2615632, '2c9fafb062282fd801622ddbac320024', 'either net cable', NULL, 'notDone', 'NONE', 0, 0, NULL, '2018-08-16 17:35:08', '2018-08-16 17:35:08', 0),
  (2615888, '2c9fafb062282fd801622ddbac320024', 'fitbit ionic', NULL, 'notDone', 'NONE', 0, 0, NULL, '2018-08-16 17:35:08', '2018-08-16 17:35:08', 0),
  (2616144, '2c9fafb062282fd801622ddbac320024', 'gps car tracking devices', NULL, 'notDone', 'NONE', 0, 0, NULL, '2018-08-16 17:35:08', '2018-08-16 17:35:08', 0),
  (2616400, '2c9fafb062282fd801622ddbac320024', 'huawei', NULL, 'notDone', 'NONE', 0, 0, NULL, '2018-08-16 17:35:09', '2018-08-16 17:35:09', 0),
  (2616656, '2c9fafb062282fd801622ddbac320024', 'apple watch series 3 42mm', NULL, 'notDone', 'NONE', 0, 0, NULL, '2018-08-16 17:35:09', '2018-08-16 17:35:09', 0),
  (2616912, '2c9fafb062282fd801622ddbac320024', 'kmhc319ess', NULL, 'notDone', 'NONE', 0, 0, NULL, '2018-08-16 17:35:10', '2018-08-16 17:35:10', 0),
  (2617168, '2c9fafb062282fd801622ddbac320024', 'l-shape desk', NULL, 'notDone', 'NONE', 0, 0, NULL, '2018-08-16 17:35:10', '2018-08-16 17:35:10', 0),
  (2617424, '2c9fafb062282fd801622ddbac320024', 'mx150 laptop', NULL, 'notDone', 'NONE', 0, 0, NULL, '2018-08-16 17:35:10', '2018-08-16 17:35:10', 0),
  (2617680, '2c9fafb062282fd801622ddbac320024', 'oculus', NULL, 'notDone', 'NONE', 0, 0, NULL, '2018-08-16 17:35:11', '2018-08-16 17:35:11', 0),
  (2613585, '2c9fafb062282fd801622ddbac320024', 'jaybird x3', NULL, 'notDone', 'NONE', 0, 0, NULL, '2018-08-16 17:35:05', '2018-08-16 17:35:05', 0),
  (2613841, '2c9fafb062282fd801622ddbac320024', 'a-jays', NULL, 'notDone', 'NONE', 0, 0, NULL, '2018-08-16 17:35:05', '2018-08-16 17:35:05', 0),
  (2614097, '2c9fafb062282fd801622ddbac320024', 'bmx bandits', NULL, 'notDone', 'NONE', 0, 0, NULL, '2018-08-16 17:35:05', '2018-08-16 17:35:05', 0),
  (2614353, '2c9fafb062282fd801622ddbac320024', 'usb type c-to-lightning', NULL, 'notDone', 'NONE', 0, 0, NULL, '2018-08-16 17:35:06', '2018-08-16 17:35:06', 0),
  (2614609, '2c9fafb062282fd801622ddbac320024', 'refrigerators with french doors', NULL, 'notDone', 'NONE', 0, 0, NULL, '2018-08-16 17:35:06', '2018-08-16 17:35:06', 0),
  (2614865, '2c9fafb062282fd801622ddbac320024', 'astro a40 headset', NULL, 'notDone', 'NONE', 0, 0, NULL, '2018-08-16 17:35:07', '2018-08-16 17:35:07', 0),
  (2615121, '2c9fafb062282fd801622ddbac320024', 'bxt1', NULL, 'notDone', 'NONE', 0, 0, NULL, '2018-08-16 17:35:07', '2018-08-16 17:35:07', 0),
  (2615377, '2c9fafb062282fd801622ddbac320024', 'desktop computers', NULL, 'notDone', 'NONE', 0, 0, NULL, '2018-08-16 17:35:07', '2018-08-16 17:35:07', 0),
  (2615889, '2c9fafb062282fd801622ddbac320024', 'fire tv stick', NULL, 'notDone', 'NONE', 0, 0, NULL, '2018-08-16 17:35:08', '2018-08-16 17:35:08', 0),
  (2616145, '2c9fafb062282fd801622ddbac320024', 'evga 750 gq 80+ gold 750w', NULL, 'notDone', 'NONE', 0, 0, NULL, '2018-08-16 17:35:08', '2018-08-16 17:35:08', 0),
  (2616401, '2c9fafb062282fd801622ddbac320024', 'huawei honor 6x', NULL, 'notDone', 'NONE', 0, 0, NULL, '2018-08-16 17:35:09', '2018-08-16 17:35:09', 0),
  (2616657, '2c9fafb062282fd801622ddbac320024', 'apple watch series 1', NULL, 'notDone', 'NONE', 0, 0, NULL, '2018-08-16 17:35:09', '2018-08-16 17:35:09', 0),
  (2616913, '2c9fafb062282fd801622ddbac320024', 'kmhs120ebs', NULL, 'notDone', 'NONE', 0, 0, NULL, '2018-08-16 17:35:10', '2018-08-16 17:35:10', 0),
  (2617425, '2c9fafb062282fd801622ddbac320024', 'my best buy rewards', NULL, 'notDone', 'NONE', 0, 0, NULL, '2018-08-16 17:35:10', '2018-08-16 17:35:10', 0),
  (2613842, '2c9fafb062282fd801622ddbac320024', 'steely dan aja', NULL, 'notDone', 'NONE', 0, 0, NULL, '2018-08-16 17:35:05', '2018-08-16 17:35:05', 0),
  (2614354, '2c9fafb062282fd801622ddbac320024', 'mg11h2020ct', NULL, 'notDone', 'NONE', 0, 0, NULL, '2018-08-16 17:35:06', '2018-08-16 17:35:06', 0),
  (2614610, '2c9fafb062282fd801622ddbac320024', 'roku tv', NULL, 'notDone', 'NONE', 0, 0, NULL, '2018-08-16 17:35:06', '2018-08-16 17:35:06', 0),
  (2614866, '2c9fafb062282fd801622ddbac320024', 'asus monitor', NULL, 'notDone', 'NONE', 0, 0, NULL, '2018-08-16 17:35:07', '2018-08-16 17:35:07', 0),
  (2615122, '2c9fafb062282fd801622ddbac320024', 'np-bx1 battery', NULL, 'notDone', 'NONE', 0, 0, NULL, '2018-08-16 17:35:07', '2018-08-16 17:35:07', 0),
  (2615378, '2c9fafb062282fd801622ddbac320024', 'dell laptop', NULL, 'notDone', 'NONE', 0, 0, NULL, '2018-08-16 17:35:07', '2018-08-16 17:35:07', 0),
  (2615634, '2c9fafb062282fd801622ddbac320024', 'samsung galaxy s8', NULL, 'notDone', 'NONE', 0, 0, NULL, '2018-08-16 17:35:08', '2018-08-16 17:35:08', 0),
  (2615890, '2c9fafb062282fd801622ddbac320024', 'fifa 18 ps4', NULL, 'notDone', 'NONE', 0, 0, NULL, '2018-08-16 17:35:08', '2018-08-16 17:35:08', 0),
  (2616146, '2c9fafb062282fd801622ddbac320024', 'graphics card', NULL, 'notDone', 'NONE', 0, 0, NULL, '2018-08-16 17:35:08', '2018-08-16 17:35:08', 0),
  (2616402, '2c9fafb062282fd801622ddbac320024', 'hue starter kit', NULL, 'notDone', 'NONE', 0, 0, NULL, '2018-08-16 17:35:09', '2018-08-16 17:35:09', 0),
  (2616658, '2c9fafb062282fd801622ddbac320024', 'apple watch series 3 38mm', NULL, 'notDone', 'NONE', 0, 0, NULL, '2018-08-16 17:35:09', '2018-08-16 17:35:09', 0),
  (2616914, '2c9fafb062282fd801622ddbac320024', 'kmbs104ess', NULL, 'notDone', 'NONE', 0, 0, NULL, '2018-08-16 17:35:10', '2018-08-16 17:35:10', 0),
  (2617170, '2c9fafb062282fd801622ddbac320024', '55 inch smart tv', NULL, 'notDone', 'NONE', 0, 0, NULL, '2018-08-16 17:35:10', '2018-08-16 17:35:10', 0),
  (2617426, '2c9fafb062282fd801622ddbac320024', 'my passport', NULL, 'notDone', 'NONE', 0, 0, NULL, '2018-08-16 17:35:10', '2018-08-16 17:35:10', 0),
  (2617682, '2c9fafb062282fd801622ddbac320024', 'oculus rift vr', NULL, 'notDone', 'NONE', 0, 0, NULL, '2018-08-16 17:35:11', '2018-08-16 17:35:11', 0),
  (2613843, '2c9fafb062282fd801622ddbac320024', 'akg headphones', NULL, 'notDone', 'NONE', 0, 0, NULL, '2018-08-16 17:35:05', '2018-08-16 17:35:05', 0),
  (2614099, '2c9fafb062282fd801622ddbac320024', 'bmw radio kit', NULL, 'notDone', 'NONE', 0, 0, NULL, '2018-08-16 17:35:05', '2018-08-16 17:35:05', 0),
  (2614355, '2c9fafb062282fd801622ddbac320024', 'usb type c-to-usb type b', NULL, 'notDone', 'NONE', 0, 0, NULL, '2018-08-16 17:35:06', '2018-08-16 17:35:06', 0),
  (2614611, '2c9fafb062282fd801622ddbac320024', 'laptop', NULL, 'notDone', 'NONE', 0, 0, NULL, '2018-08-16 17:35:06', '2018-08-16 17:35:06', 0),
  (2614867, '2c9fafb062282fd801622ddbac320024', 'astro a50 wireless', NULL, 'notDone', 'NONE', 0, 0, NULL, '2018-08-16 17:35:07', '2018-08-16 17:35:07', 0),
  (2615123, '2c9fafb062282fd801622ddbac320024', 'sony np-bx1', NULL, 'notDone', 'NONE', 0, 0, NULL, '2018-08-16 17:35:07', '2018-08-16 17:35:07', 0),
  (2615379, '2c9fafb062282fd801622ddbac320024', 'dell xps 13', NULL, 'notDone', 'NONE', 0, 0, NULL, '2018-08-16 17:35:07', '2018-08-16 17:35:07', 0),
  (2615635, '2c9fafb062282fd801622ddbac320024', 'iphone 8 plus', NULL, 'notDone', 'NONE', 0, 0, NULL, '2018-08-16 17:35:08', '2018-08-16 17:35:08', 0),
  (2615891, '2c9fafb062282fd801622ddbac320024', 'fifa 18', NULL, 'notDone', 'NONE', 0, 0, NULL, '2018-08-16 17:35:08', '2018-08-16 17:35:08', 0),
  (2616147, '2c9fafb062282fd801622ddbac320024', 'gran turismo sport', NULL, 'notDone', 'NONE', 0, 0, NULL, '2018-08-16 17:35:08', '2018-08-16 17:35:08', 0),
  (2616403, '2c9fafb062282fd801622ddbac320024', 'hue light strip', NULL, 'notDone', 'NONE', 0, 0, NULL, '2018-08-16 17:35:09', '2018-08-16 17:35:09', 0),
  (2616659, '2c9fafb062282fd801622ddbac320024', 'apple watch band', NULL, 'notDone', 'NONE', 0, 0, NULL, '2018-08-16 17:35:09', '2018-08-16 17:35:09', 0),
  (2616915, '2c9fafb062282fd801622ddbac320024', 'kmm-bt318u', NULL, 'notDone', 'NONE', 0, 0, NULL, '2018-08-16 17:35:10', '2018-08-16 17:35:10', 0),
  (2617171, '2c9fafb062282fd801622ddbac320024', 'tcl 55\" smart tv with roku', NULL, 'notDone', 'NONE', 0, 0, NULL, '2018-08-16 17:35:10', '2018-08-16 17:35:10', 0),
  (2617427, '2c9fafb062282fd801622ddbac320024', 'my cloud', NULL, 'notDone', 'NONE', 0, 0, NULL, '2018-08-16 17:35:10', '2018-08-16 17:35:10', 0),
  (2617683, '2c9fafb062282fd801622ddbac320024', 'oculus ready pc', NULL, 'notDone', 'NONE', 0, 0, NULL, '2018-08-16 17:35:11', '2018-08-16 17:35:11', 0),
  (2613588, '2c9fafb062282fd801622ddbac320024', 'jbl wireless headphones', NULL, 'notDone', 'NONE', 0, 0, NULL, '2018-08-16 17:35:05', '2018-08-16 17:35:05', 0),
  (2613844, '2c9fafb062282fd801622ddbac320024', 'akai', NULL, 'notDone', 'NONE', 0, 0, NULL, '2018-08-16 17:35:05', '2018-08-16 17:35:05', 0),
  (2614100, '2c9fafb062282fd801622ddbac320024', 'bnc cable', NULL, 'notDone', 'NONE', 0, 0, NULL, '2018-08-16 17:35:05', '2018-08-16 17:35:05', 0),
  (2614356, '2c9fafb062282fd801622ddbac320024', 'sza ctrl', NULL, 'notDone', 'NONE', 0, 0, NULL, '2018-08-16 17:35:06', '2018-08-16 17:35:06', 0),
  (2614612, '2c9fafb062282fd801622ddbac320024', 'samsung galaxy s8', NULL, 'notDone', 'NONE', 0, 0, NULL, '2018-08-16 17:35:06', '2018-08-16 17:35:06', 0),
  (2614868, '2c9fafb062282fd801622ddbac320024', 'assassin\'s creed', NULL, 'notDone', 'NONE', 0, 0, NULL, '2018-08-16 17:35:07', '2018-08-16 17:35:07', 0),
  (2615124, '2c9fafb062282fd801622ddbac320024', 'bxf130', NULL, 'notDone', 'NONE', 0, 0, NULL, '2018-08-16 17:35:07', '2018-08-16 17:35:07', 0),
  (2615380, '2c9fafb062282fd801622ddbac320024', 'dell inspiron', NULL, 'notDone', 'NONE', 0, 0, NULL, '2018-08-16 17:35:07', '2018-08-16 17:35:07', 0),
  (2615636, '2c9fafb062282fd801622ddbac320024', 'samsung galaxy s8 unlocked', NULL, 'notDone', 'NONE', 0, 0, NULL, '2018-08-16 17:35:08', '2018-08-16 17:35:08', 0),
  (2615892, '2c9fafb062282fd801622ddbac320024', 'xbox one x', NULL, 'notDone', 'NONE', 0, 0, NULL, '2018-08-16 17:35:08', '2018-08-16 17:35:08', 0),
  (2616148, '2c9fafb062282fd801622ddbac320024', 'grand theft auto five', NULL, 'notDone', 'NONE', 0, 0, NULL, '2018-08-16 17:35:08', '2018-08-16 17:35:08', 0),
  (2616404, '2c9fafb062282fd801622ddbac320024', 'huawei watch 2', NULL, 'notDone', 'NONE', 0, 0, NULL, '2018-08-16 17:35:09', '2018-08-16 17:35:09', 0),
  (2616660, '2c9fafb062282fd801622ddbac320024', 'apple watch band 42mm', NULL, 'notDone', 'NONE', 0, 0, NULL, '2018-08-16 17:35:09', '2018-08-16 17:35:09', 0),
  (2616916, '2c9fafb062282fd801622ddbac320024', 'kicker km speakers', NULL, 'notDone', 'NONE', 0, 0, NULL, '2018-08-16 17:35:10', '2018-08-16 17:35:10', 0),
  (2617172, '2c9fafb062282fd801622ddbac320024', 'lg oled 55', NULL, 'notDone', 'NONE', 0, 0, NULL, '2018-08-16 17:35:10', '2018-08-16 17:35:10', 0),
  (2617428, '2c9fafb062282fd801622ddbac320024', 'my neighbor totoro', NULL, 'notDone', 'NONE', 0, 0, NULL, '2018-08-16 17:35:10', '2018-08-16 17:35:10', 0),
  (2617684, '2c9fafb062282fd801622ddbac320024', 'octane seating', NULL, 'notDone', 'NONE', 0, 0, NULL, '2018-08-16 17:35:11', '2018-08-16 17:35:11', 0),
  (2613589, '2c9fafb062282fd801622ddbac320024', 'jaybird freedom f5', NULL, 'notDone', 'NONE', 0, 0, NULL, '2018-08-16 17:35:05', '2018-08-16 17:35:05', 0),
  (2613845, '2c9fafb062282fd801622ddbac320024', 'akracing', NULL, 'notDone', 'NONE', 0, 0, NULL, '2018-08-16 17:35:05', '2018-08-16 17:35:05', 0),
  (2614101, '2c9fafb062282fd801622ddbac320024', 'bnc adapter', NULL, 'notDone', 'NONE', 0, 0, NULL, '2018-08-16 17:35:05', '2018-08-16 17:35:05', 0),
  (2614357, '2c9fafb062282fd801622ddbac320024', 'curved tv', NULL, 'notDone', 'NONE', 0, 0, NULL, '2018-08-16 17:35:06', '2018-08-16 17:35:06', 0),
  (2614613, '2c9fafb062282fd801622ddbac320024', 'nintendo switch', NULL, 'notDone', 'NONE', 0, 0, NULL, '2018-08-16 17:35:06', '2018-08-16 17:35:06', 0),
  (2614869, '2c9fafb062282fd801622ddbac320024', 'asus zenbook', NULL, 'notDone', 'NONE', 0, 0, NULL, '2018-08-16 17:35:07', '2018-08-16 17:35:07', 0),
  (2615381, '2c9fafb062282fd801622ddbac320024', 'black friday deals', NULL, 'notDone', 'NONE', 0, 0, NULL, '2018-08-16 17:35:07', '2018-08-16 17:35:07', 0),
  (2615637, '2c9fafb062282fd801622ddbac320024', 'iphone 8 plus case', NULL, 'notDone', 'NONE', 0, 0, NULL, '2018-08-16 17:35:08', '2018-08-16 17:35:08', 0),
  (2615893, '2c9fafb062282fd801622ddbac320024', 'zowie fk2', NULL, 'notDone', 'NONE', 0, 0, NULL, '2018-08-16 17:35:08', '2018-08-16 17:35:08', 0),
  (2616149, '2c9fafb062282fd801622ddbac320024', 'greta van fleet', NULL, 'notDone', 'NONE', 0, 0, NULL, '2018-08-16 17:35:08', '2018-08-16 17:35:08', 0),
  (2616405, '2c9fafb062282fd801622ddbac320024', 'huawei honor 8', NULL, 'notDone', 'NONE', 0, 0, NULL, '2018-08-16 17:35:09', '2018-08-16 17:35:09', 0),
  (2616661, '2c9fafb062282fd801622ddbac320024', 'apple watch series 2 38mm', NULL, 'notDone', 'NONE', 0, 0, NULL, '2018-08-16 17:35:09', '2018-08-16 17:35:09', 0),
  (2617173, '2c9fafb062282fd801622ddbac320024', '55\" tv', NULL, 'notDone', 'NONE', 0, 0, NULL, '2018-08-16 17:35:10', '2018-08-16 17:35:10', 0),
  (2617429, '2c9fafb062282fd801622ddbac320024', 'my cloud home', NULL, 'notDone', 'NONE', 0, 0, NULL, '2018-08-16 17:35:10', '2018-08-16 17:35:10', 0),
  (2617685, '2c9fafb062282fd801622ddbac320024', 'oculus touch', NULL, 'notDone', 'NONE', 0, 0, NULL, '2018-08-16 17:35:11', '2018-08-16 17:35:11', 0),
  (2613590, '2c9fafb062282fd801622ddbac320024', 'jaybird freedom', NULL, 'notDone', 'NONE', 0, 0, NULL, '2018-08-16 17:35:05', '2018-08-16 17:35:05', 0),
  (2613846, '2c9fafb062282fd801622ddbac320024', 'akira blu-ray', NULL, 'notDone', 'NONE', 0, 0, NULL, '2018-08-16 17:35:05', '2018-08-16 17:35:05', 0),
  (2614358, '2c9fafb062282fd801622ddbac320024', 'curved monitor', NULL, 'notDone', 'NONE', 0, 0, NULL, '2018-08-16 17:35:06', '2018-08-16 17:35:06', 0),
  (2614614, '2c9fafb062282fd801622ddbac320024', 'soundbar', NULL, 'notDone', 'NONE', 0, 0, NULL, '2018-08-16 17:35:06', '2018-08-16 17:35:06', 0),
  (2614870, '2c9fafb062282fd801622ddbac320024', 'assassin\'s creed origins xbox one', NULL, 'notDone', 'NONE', 0, 0, NULL, '2018-08-16 17:35:07', '2018-08-16 17:35:07', 0),
  (2615126, '2c9fafb062282fd801622ddbac320024', 'refrigerator side-by-side', NULL, 'notDone', 'NONE', 0, 0, NULL, '2018-08-16 17:35:07', '2018-08-16 17:35:07', 0),
  (2615382, '2c9fafb062282fd801622ddbac320024', 'desktop computer tower', NULL, 'notDone', 'NONE', 0, 0, NULL, '2018-08-16 17:35:07', '2018-08-16 17:35:07', 0),
  (2615638, '2c9fafb062282fd801622ddbac320024', 'eight crazy nights', NULL, 'notDone', 'NONE', 0, 0, NULL, '2018-08-16 17:35:08', '2018-08-16 17:35:08', 0),
  (2615894, '2c9fafb062282fd801622ddbac320024', 'zowie fk1', NULL, 'notDone', 'NONE', 0, 0, NULL, '2018-08-16 17:35:08', '2018-08-16 17:35:08', 0),
  (2616150, '2c9fafb062282fd801622ddbac320024', 'gran turismo ps4', NULL, 'notDone', 'NONE', 0, 0, NULL, '2018-08-16 17:35:08', '2018-08-16 17:35:08', 0),
  (2616406, '2c9fafb062282fd801622ddbac320024', 'humidifier air purifier', NULL, 'notDone', 'NONE', 0, 0, NULL, '2018-08-16 17:35:09', '2018-08-16 17:35:09', 0),
  (2616918, '2c9fafb062282fd801622ddbac320024', 'ge pfe28kmkes', NULL, 'notDone', 'NONE', 0, 0, NULL, '2018-08-16 17:35:10', '2018-08-16 17:35:10', 0),
  (2617174, '2c9fafb062282fd801622ddbac320024', 'samsung 55\" 4k tv', NULL, 'notDone', 'NONE', 0, 0, NULL, '2018-08-16 17:35:10', '2018-08-16 17:35:10', 0),
  (2617430, '2c9fafb062282fd801622ddbac320024', 'my little pony the movie', NULL, 'notDone', 'NONE', 0, 0, NULL, '2018-08-16 17:35:10', '2018-08-16 17:35:10', 0),
  (2617686, '2c9fafb062282fd801622ddbac320024', 'oculus rift computer', NULL, 'notDone', 'NONE', 0, 0, NULL, '2018-08-16 17:35:11', '2018-08-16 17:35:11', 0),
  (1121623, '2c9fafb062282fd801622ddbac320024', 'fedora\r', NULL, 'notDone', 'NONE', 0, 0, NULL, '2018-06-06 12:39:09', '2018-06-06 12:39:09', 0),
  (2613591, '2c9fafb062282fd801622ddbac320024', 'just dance 2018', NULL, 'notDone', 'NONE', 0, 0, NULL, '2018-08-16 17:35:05', '2018-08-16 17:35:05', 0),
  (2613847, '2c9fafb062282fd801622ddbac320024', 'akg n60 nc', NULL, 'notDone', 'NONE', 0, 0, NULL, '2018-08-16 17:35:05', '2018-08-16 17:35:05', 0),
  (2614359, '2c9fafb062282fd801622ddbac320024', 'cuphead', NULL, 'notDone', 'NONE', 0, 0, NULL, '2018-08-16 17:35:06', '2018-08-16 17:35:06', 0),
  (2614871, '2c9fafb062282fd801622ddbac320024', 'at&t prepaid phones', NULL, 'notDone', 'NONE', 0, 0, NULL, '2018-08-16 17:35:07', '2018-08-16 17:35:07', 0),
  (2615127, '2c9fafb062282fd801622ddbac320024', 'side by side refrigerator', NULL, 'notDone', 'NONE', 0, 0, NULL, '2018-08-16 17:35:07', '2018-08-16 17:35:07', 0),
  (2615383, '2c9fafb062282fd801622ddbac320024', 'dehumidifier', NULL, 'notDone', 'NONE', 0, 0, NULL, '2018-08-16 17:35:07', '2018-08-16 17:35:07', 0),
  (2615895, '2c9fafb062282fd801622ddbac320024', 'zowie fk', NULL, 'notDone', 'NONE', 0, 0, NULL, '2018-08-16 17:35:08', '2018-08-16 17:35:08', 0),
  (2616151, '2c9fafb062282fd801622ddbac320024', 'graphics tablet', NULL, 'notDone', 'NONE', 0, 0, NULL, '2018-08-16 17:35:08', '2018-08-16 17:35:08', 0),
  (2616407, '2c9fafb062282fd801622ddbac320024', 'hvlf32m', NULL, 'notDone', 'NONE', 0, 0, NULL, '2018-08-16 17:35:09', '2018-08-16 17:35:09', 0),
  (2616663, '2c9fafb062282fd801622ddbac320024', 'ixpand flash drive', NULL, 'notDone', 'NONE', 0, 0, NULL, '2018-08-16 17:35:09', '2018-08-16 17:35:09', 0),
  (2616919, '2c9fafb062282fd801622ddbac320024', 'ge pwe23kmkes', NULL, 'notDone', 'NONE', 0, 0, NULL, '2018-08-16 17:35:10', '2018-08-16 17:35:10', 0),
  (2617175, '2c9fafb062282fd801622ddbac320024', '55 inch tv', NULL, 'notDone', 'NONE', 0, 0, NULL, '2018-08-16 17:35:10', '2018-08-16 17:35:10', 0),
  (2617431, '2c9fafb062282fd801622ddbac320024', 'my charge portable charger', NULL, 'notDone', 'NONE', 0, 0, NULL, '2018-08-16 17:35:10', '2018-08-16 17:35:10', 0),
  (2617687, '2c9fafb062282fd801622ddbac320024', 'ocarina of time', NULL, 'notDone', 'NONE', 0, 0, NULL, '2018-08-16 17:35:11', '2018-08-16 17:35:11', 0),
  (2613592, '2c9fafb062282fd801622ddbac320024', 'jbl flip 4 bluetooth speaker', NULL, 'notDone', 'NONE', 0, 0, NULL, '2018-08-16 17:35:05', '2018-08-16 17:35:05', 0),
  (2613848, '2c9fafb062282fd801622ddbac320024', 'akg wireless', NULL, 'notDone', 'NONE', 0, 0, NULL, '2018-08-16 17:35:05', '2018-08-16 17:35:05', 0),
  (2614104, '2c9fafb062282fd801622ddbac320024', 'bnc extension cable', NULL, 'notDone', 'NONE', 0, 0, NULL, '2018-08-16 17:35:05', '2018-08-16 17:35:05', 0),
  (2614360, '2c9fafb062282fd801622ddbac320024', 'curve tv', NULL, 'notDone', 'NONE', 0, 0, NULL, '2018-08-16 17:35:06', '2018-08-16 17:35:06', 0),
  (2614616, '2c9fafb062282fd801622ddbac320024', 'samsung tv', NULL, 'notDone', 'NONE', 0, 0, NULL, '2018-08-16 17:35:06', '2018-08-16 17:35:06', 0),
  (2614872, '2c9fafb062282fd801622ddbac320024', 'at&t', NULL, 'notDone', 'NONE', 0, 0, NULL, '2018-08-16 17:35:07', '2018-08-16 17:35:07', 0),
  (2615128, '2c9fafb062282fd801622ddbac320024', 'bypass module', NULL, 'notDone', 'NONE', 0, 0, NULL, '2018-08-16 17:35:07', '2018-08-16 17:35:07', 0),
  (2615384, '2c9fafb062282fd801622ddbac320024', 'dell xps 15', NULL, 'notDone', 'NONE', 0, 0, NULL, '2018-08-16 17:35:07', '2018-08-16 17:35:07', 0),
  (2615640, '2c9fafb062282fd801622ddbac320024', 'apple watch series 3 38mm', NULL, 'notDone', 'NONE', 0, 0, NULL, '2018-08-16 17:35:08', '2018-08-16 17:35:08', 0),
  (2615896, '2c9fafb062282fd801622ddbac320024', 'flash drive', NULL, 'notDone', 'NONE', 0, 0, NULL, '2018-08-16 17:35:08', '2018-08-16 17:35:08', 0),
  (2616152, '2c9fafb062282fd801622ddbac320024', 'grill', NULL, 'notDone', 'NONE', 0, 0, NULL, '2018-08-16 17:35:08', '2018-08-16 17:35:08', 0),
  (2616408, '2c9fafb062282fd801622ddbac320024', 'wm3770hva', NULL, 'notDone', 'NONE', 0, 0, NULL, '2018-08-16 17:35:09', '2018-08-16 17:35:09', 0),
  (2616920, '2c9fafb062282fd801622ddbac320024', 'knack 2', NULL, 'notDone', 'NONE', 0, 0, NULL, '2018-08-16 17:35:10', '2018-08-16 17:35:10', 0),
  (2617176, '2c9fafb062282fd801622ddbac320024', 'samsung 55\" smart tv', NULL, 'notDone', 'NONE', 0, 0, NULL, '2018-08-16 17:35:10', '2018-08-16 17:35:10', 0),
  (2617432, '2c9fafb062282fd801622ddbac320024', 'my passport for mac', NULL, 'notDone', 'NONE', 0, 0, NULL, '2018-08-16 17:35:10', '2018-08-16 17:35:10', 0),
  (2617688, '2c9fafb062282fd801622ddbac320024', 'odyssey', NULL, 'notDone', 'NONE', 0, 0, NULL, '2018-08-16 17:35:11', '2018-08-16 17:35:11', 0),
  (1122137, '2c9fafb062282fd801622ddbac320024', 'womens pull on trousers\r', NULL, 'notDone', 'NONE', 0, 0, NULL, '2018-06-06 12:39:09', '2018-06-06 12:39:09', 0),
  (2613593, '2c9fafb062282fd801622ddbac320024', 'kitchenaid stand mixer', NULL, 'notDone', 'NONE', 0, 0, NULL, '2018-08-16 17:35:05', '2018-08-16 17:35:05', 0),
  (2613849, '2c9fafb062282fd801622ddbac320024', 'akiba\'s beat', NULL, 'notDone', 'NONE', 0, 0, NULL, '2018-08-16 17:35:05', '2018-08-16 17:35:05', 0),
  (2614105, '2c9fafb062282fd801622ddbac320024', 'bnc camera cables', NULL, 'notDone', 'NONE', 0, 0, NULL, '2018-08-16 17:35:05', '2018-08-16 17:35:05', 0),
  (2614361, '2c9fafb062282fd801622ddbac320024', 'curved smart tv', NULL, 'notDone', 'NONE', 0, 0, NULL, '2018-08-16 17:35:06', '2018-08-16 17:35:06', 0),
  (2614617, '2c9fafb062282fd801622ddbac320024', 'samsung gear s3 smartwatch', NULL, 'notDone', 'NONE', 0, 0, NULL, '2018-08-16 17:35:06', '2018-08-16 17:35:06', 0),
  (2614873, '2c9fafb062282fd801622ddbac320024', 'at&t zte maven', NULL, 'notDone', 'NONE', 0, 0, NULL, '2018-08-16 17:35:07', '2018-08-16 17:35:07', 0),
  (2615129, '2c9fafb062282fd801622ddbac320024', 'beats by dr. dre studio 2', NULL, 'notDone', 'NONE', 0, 0, NULL, '2018-08-16 17:35:07', '2018-08-16 17:35:07', 0),
  (2615385, '2c9fafb062282fd801622ddbac320024', 'dell desktop computer', NULL, 'notDone', 'NONE', 0, 0, NULL, '2018-08-16 17:35:07', '2018-08-16 17:35:07', 0),
  (2615641, '2c9fafb062282fd801622ddbac320024', 'galaxy s8', NULL, 'notDone', 'NONE', 0, 0, NULL, '2018-08-16 17:35:08', '2018-08-16 17:35:08', 0),
  (2616409, '2c9fafb062282fd801622ddbac320024', 'lg wm9000hva', NULL, 'notDone', 'NONE', 0, 0, NULL, '2018-08-16 17:35:09', '2018-08-16 17:35:09', 0),
  (2616921, '2c9fafb062282fd801622ddbac320024', 'knife set', NULL, 'notDone', 'NONE', 0, 0, NULL, '2018-08-16 17:35:10', '2018-08-16 17:35:10', 0),
  (2617177, '2c9fafb062282fd801622ddbac320024', 'oled 55', NULL, 'notDone', 'NONE', 0, 0, NULL, '2018-08-16 17:35:10', '2018-08-16 17:35:10', 0),
  (2617433, '2c9fafb062282fd801622ddbac320024', 'my little pony', NULL, 'notDone', 'NONE', 0, 0, NULL, '2018-08-16 17:35:10', '2018-08-16 17:35:10', 0),
  (2617689, '2c9fafb062282fd801622ddbac320024', 'mario odyssey', NULL, 'notDone', 'NONE', 0, 0, NULL, '2018-08-16 17:35:11', '2018-08-16 17:35:11', 0),
  (2613594, '2c9fafb062282fd801622ddbac320024', 'keurig', NULL, 'notDone', 'NONE', 0, 0, NULL, '2018-08-16 17:35:05', '2018-08-16 17:35:05', 0),
  (2613850, '2c9fafb062282fd801622ddbac320024', 'akracing chair', NULL, 'notDone', 'NONE', 0, 0, NULL, '2018-08-16 17:35:05', '2018-08-16 17:35:05', 0),
  (2614106, '2c9fafb062282fd801622ddbac320024', 'bnc camera', NULL, 'notDone', 'NONE', 0, 0, NULL, '2018-08-16 17:35:05', '2018-08-16 17:35:05', 0),
  (2614362, '2c9fafb062282fd801622ddbac320024', 'cuphead xbox one', NULL, 'notDone', 'NONE', 0, 0, NULL, '2018-08-16 17:35:06', '2018-08-16 17:35:06', 0),
  (2614618, '2c9fafb062282fd801622ddbac320024', 'apple watch series 3', NULL, 'notDone', 'NONE', 0, 0, NULL, '2018-08-16 17:35:06', '2018-08-16 17:35:06', 0),
  (2614874, '2c9fafb062282fd801622ddbac320024', 'at&t gophone', NULL, 'notDone', 'NONE', 0, 0, NULL, '2018-08-16 17:35:07', '2018-08-16 17:35:07', 0),
  (2615130, '2c9fafb062282fd801622ddbac320024', 'bytten stacks', NULL, 'notDone', 'NONE', 0, 0, NULL, '2018-08-16 17:35:07', '2018-08-16 17:35:07', 0),
  (2615386, '2c9fafb062282fd801622ddbac320024', 'destiny 2', NULL, 'notDone', 'NONE', 0, 0, NULL, '2018-08-16 17:35:07', '2018-08-16 17:35:07', 0),
  (2615642, '2c9fafb062282fd801622ddbac320024', 'ej-ft820useguj', NULL, 'notDone', 'NONE', 0, 0, NULL, '2018-08-16 17:35:08', '2018-08-16 17:35:08', 0),
  (2615898, '2c9fafb062282fd801622ddbac320024', 'flat-screen tv', NULL, 'notDone', 'NONE', 0, 0, NULL, '2018-08-16 17:35:08', '2018-08-16 17:35:08', 0),
  (2616154, '2c9fafb062282fd801622ddbac320024', 'grand theft auto xbox one', NULL, 'notDone', 'NONE', 0, 0, NULL, '2018-08-16 17:35:08', '2018-08-16 17:35:08', 0),
  (2616410, '2c9fafb062282fd801622ddbac320024', 'wm3670hva', NULL, 'notDone', 'NONE', 0, 0, NULL, '2018-08-16 17:35:09', '2018-08-16 17:35:09', 0),
  (2616666, '2c9fafb062282fd801622ddbac320024', 'ixpand base', NULL, 'notDone', 'NONE', 0, 0, NULL, '2018-08-16 17:35:09', '2018-08-16 17:35:09', 0),
  (2617178, '2c9fafb062282fd801622ddbac320024', 'samsung tv 55', NULL, 'notDone', 'NONE', 0, 0, NULL, '2018-08-16 17:35:10', '2018-08-16 17:35:10', 0),
  (2617434, '2c9fafb062282fd801622ddbac320024', 'my book external hard drive', NULL, 'notDone', 'NONE', 0, 0, NULL, '2018-08-16 17:35:10', '2018-08-16 17:35:10', 0),
  (2617690, '2c9fafb062282fd801622ddbac320024', 'odyssey amiibo', NULL, 'notDone', 'NONE', 0, 0, NULL, '2018-08-16 17:35:11', '2018-08-16 17:35:11', 0),
  (2613595, '2c9fafb062282fd801622ddbac320024', 'kindle fire', NULL, 'notDone', 'NONE', 0, 0, NULL, '2018-08-16 17:35:05', '2018-08-16 17:35:05', 0),
  (2614363, '2c9fafb062282fd801622ddbac320024', 'customer service', NULL, 'notDone', 'NONE', 0, 0, NULL, '2018-08-16 17:35:06', '2018-08-16 17:35:06', 0),
  (2614619, '2c9fafb062282fd801622ddbac320024', 'apple watch series 2', NULL, 'notDone', 'NONE', 0, 0, NULL, '2018-08-16 17:35:06', '2018-08-16 17:35:06', 0),
  (2614875, '2c9fafb062282fd801622ddbac320024', 'atomic blonde', NULL, 'notDone', 'NONE', 0, 0, NULL, '2018-08-16 17:35:07', '2018-08-16 17:35:07', 0),
  (2615131, '2c9fafb062282fd801622ddbac320024', 'beats by dre beats x', NULL, 'notDone', 'NONE', 0, 0, NULL, '2018-08-16 17:35:07', '2018-08-16 17:35:07', 0),
  (2615387, '2c9fafb062282fd801622ddbac320024', 'jvm3160dfww', NULL, 'notDone', 'NONE', 0, 0, NULL, '2018-08-16 17:35:07', '2018-08-16 17:35:07', 0),
  (2615643, '2c9fafb062282fd801622ddbac320024', 'ge jvx5300ejes', NULL, 'notDone', 'NONE', 0, 0, NULL, '2018-08-16 17:35:08', '2018-08-16 17:35:08', 0),
  (2615899, '2c9fafb062282fd801622ddbac320024', 'flash drive 3.0', NULL, 'notDone', 'NONE', 0, 0, NULL, '2018-08-16 17:35:08', '2018-08-16 17:35:08', 0),
  (2616155, '2c9fafb062282fd801622ddbac320024', 'graphing calculator', NULL, 'notDone', 'NONE', 0, 0, NULL, '2018-08-16 17:35:08', '2018-08-16 17:35:08', 0),
  (2616411, '2c9fafb062282fd801622ddbac320024', 'wm9000hva', NULL, 'notDone', 'NONE', 0, 0, NULL, '2018-08-16 17:35:09', '2018-08-16 17:35:09', 0);



INSERT INTO `d_hits` (`id`, `projectId`, `data`, `extras`, `status`, `evaluation`, `isGoldenHIT`, `goldenHITResultId`, `notes`, `created_timestamp`, `updated_timestamp`, `isURL`)
VALUES
  (248363, '2c9fafb062ca71c00162cdd45c8e0008', 'Abhik Banerjee\n\n  222 Senator Place, Apt #49\nCincinnati, OH 45220 \n513-364-6591\nbanerjee.abhik@yahoo.co.in\nhttp://homepages.uc.edu/~banerjak/ \n\n\n  \nEDUCATION\n\n University of Cincinnati                                                                                                                         \nMaster of Science in  Computer Science                \n      Cincinnati,OH\n    2009 - present\n\n  \nMaintained a GPA of 4.0/4.0 throughout. \nSpecializing in Data Mining, Algorithms for finding associations in gene Network using Semantic Web techniques.\nResearch Interests: Data Mining, Algorithms, Graph Mining, Information Retrieval, MapReduce/Hadoop.\n(Publication):- \"Measuring the Degree Of Similarity Between Web Ontologies\" (Abhik Banerjee, Hareendra Munimadugu, Srinivasa Vedanarayanan and Dr. Lawrence J Mazlack) Proceedings of the 14th WSEAS International Conference on Computers, Corfu, July 23-25, 2010\n\n\n \nUTKAL UNIVERSITY (Now BPUT)\nBachelor of Engineering, Computer Science\n  \nOrissa, India\n2002-2006\n\n\n  Independently taught Computer Science course, to a freshmen class on C and Data Structure.\nHighest Aggregate score in the department for the class of 2006 (Branch Topper).\nCompleted two Web Development projects in J2EE and Oracle (build an Online bidding System and the other for an Insurance Firm.)\n\n \nEXPERIENCE\n\n  Cincinnati Childrens Hospital Medical Center BMI R &D\nStudent Researcher\n  Cincinnati,OH\n2010-Present\n\n  Used various technologies like JSP, JAVA, AJAX, JPA, JavaScript, Prototypejs, Apache Tomcat, Firebug, ORACLE 11i for the maintenance and development of additional features for the following website -\nhttp://gataca.cchmc.org/gataca/ and http://toppgene.cchmc.org\n Found hidden associations between gene ontologies and disease records using Ontologies, and then applying graph mining/Data Mining algorithms to find new associations. (These algorithms can be widely applied to any data which has been collected from various other social communities like Facebook, Twitter etc.)\n Parsed huge XML files from NCBI database for further processing and finding the associations between various genes, diseases and Pubmed Ids using XML, XSLT, XPath, XML Databases,. \n\n \nMcAfee India Center\nSoftware QA Engineer\n\n \nBangalore, India\n2008-2009\n\n   Worked as a Software QA Engineer testing the various products on a release basis, their installation, customizations, unisntallation, reinstallation, product expiry etc. \n Optimized the overall time of testing by configuring an ESXI Vmware server and ran automated scripts for testing the product builds.\n  Automated the procedure of validating the Digital Signature files using C#.Net, for each product release which was earlier out of scope and was a source of a large number of bugs.\n\n \nHCL Technologies Ltd\nSenior Test Engineer/ Software Developer\n\n  \nBangalore, India\n2006-2008\n\n Worked as a Software Developer / Senior Test Engineer developing/testing the application devised for Deutche Bank (DB) dealing in FOREX market, money market and derivative market \nTrained fellow teammates on ORACLE, and JAVA basics and advanced topics.\nOptimized the SQL and PL/SQL queries for the Development and Production Environment which reduced the delivery time by 25%.\n\n  \n  \n\n  \n\n  \n  \n\n  \n\n  \n  \n\n  \n\n  \n\n  PROFESSIONAL SKILLS\n\n Languages / Technologies:              Java, C, C++, C#.Net, Matlab\n Application Servers :                        IIS Application Server, Apache Tomcat, Java Development Server\n Web and Databases:                         XHTML, ORACLE 11i,  MySQL, ORACLE SQL Developer\n Operating Systems:             Windows , MACINTOSH OS X, UNIX/LINUX , SOLARIS\n WEB Development:            JSP, ASP.Net, HTML, XML, XHTML, PHP, Perl, JavaScript , AJAX\n Other Technology:                           Hadoop MapReduce, HDFS, Amazon AWS.\n Other Softwares:           MS Office , Eclipse , Netbeans', NULL, 'done', 'NONE', 0, 0, NULL, '2018-04-16 09:42:21', '2018-04-23 07:16:53', 0),
  (248365, '2c9fafb062ca71c00162cdd45c8e0008', 'Christof Meerwald\nKingston Road tel: +44 7757 188097\nLondon, SW19 e-mail: cmeerw@cmeerw.org\nUnited Kingdom web: http://cmeerw.org\n\nNationality: Austrian Languages: German, English\n\nProfile\n\nExperienced developer (and member of the ISO C++ Standards Committee) specialising in C++ development,\nbacked by a Masters degree in Computer Science. Versed in several programming languages (C/C++, Python and\nJava) on Unix and Win32 platforms with strong experience in language parsing and static code analysis.\n\nWork Experience\n\nSenior Software Developer Programming Research Ltd. since 3/2010\n Quickly became a key member of an elite C++ team by building on previous C++ compiler imple-\n\nmentation experience.\nkey technologies used: test-driven development\n\n Key developer responsible for extending the in-house C++ parser to support C++11 features: auto\ntype specifier, decltype, scoped and strongly typed enums, inline namespaces, explicitly defaulted\nand deleted functions, explicit conversion functions, rvalue references, variadic templates, noexcept,\nalias templates, user-defined literals, inheriting constructors, range-based for loops, lamda expressions\n(including init captures and generic lambdas), uniform initialization syntax, variable templates, nullptr\nand unicode character types. Ensuring quality of implementation by testing against the boost library\nand cross-checking test-cases with gcc, clang and Visual C++.\nkey technologies used: latest C++ standard working draft together with the C++ core working group\nissues list\n\n Static code analysis for C++: Implementing new static analysis checks, ongoing maintenance and\nbug-fixing.\n\n Contributed to the development of coding standards for AUTOSAR and RePhrase.\n\n Mentoring junior developers.\n\nSenior Software Engineer Emnico Technologies Ltd./Emnico Services Ltd. 1/2008  2/2010\n Network management application development  concentrating on SMI parser, SNMP/MIB and na-\n\ntive code integration for low-level network and OS access. Designed and implemented a versatile\nframework to access MIB data by auto-generating database data-access functions from MIB module\ndefinitions.\nkey technologies used: Java + JNI, XML + XSLT, SQL, Apache Derby, SNMP, MIB/SMI, low-level\nnetwork access\n\n Developed an asynchronous TCP/IP communication server.\nkey technologies used: C++, Boost\n\n Support and continuous development of an optical network management (SONET/SDH) system in a\nUnix environment (C++ on HP-UX and Linux).\nkey technologies used: C++, CMISE, OSI\n\n Linux embedded software development.\nkey technologies used: C/C++, SNMP, Linux, Python-based code generation\n\n\n\nSenior Software Engineer Alcatel-Lucent (formerly Lucent Technologies) 12/2005  12/2007\n Worked in a global development team on telecom network management software for optical net-\n\nworks (SONET/SDH) in a Unix environment (mostly C++ on HP-UX and Linux) with a Oracle based\ndatabase backend.\nkey technologies used: CMISE, OSI, SQL\n\n Low-level architectural work: porting of the low-level networking code from HP-UX to Linux; devel-\noped a debugging memory management library to facilitate detecting and tracking down of memory\nmanagement bugs.\nkey technologies used: low-level networking API on Linux (packet sockets), accessing a programs\ncall stack, reading ELF/SOM symbol table\n\nSoftware Engineer SBS Software Ges.m.b.H., Salzburg\nfull time: 11/2001  1/2003; 2/2004  11/2005\npart time: 10/1996  6/2000; 10/2000  10/2001; 4/2003  1/2004\nsummer internships: 7/1994  8/1994; 7/1995  8/1995; 7/1996  9/1996\n\n Developed several Java/JNI libraries to access Win32 specific APIs: i.a. CEN XFS, shared access to\nthe same RS-232 port by multiple processes.\nkey technologies used: Java + JNI, C++, script-based automated code generation, multi-threading,\nWin32\n\n Worked on a J2EE application for monitoring self-service banking terminals: SNMP integration,\ndatabase maintenance scripts.\nkey technologies used: Java + J2EE, WebSphere, SNMP, DB2 SQL\n\n Prototyped a custom firmware for the Linksys WRT54G to build a cost-efficient, custom security\nappliance (firewall and VPN).\nkey technologies used: Linux, gcc cross compiler, VPN\n\n Developed a replacement for the standard Windows shell (explorer) for self-service terminals that\ntakes care of starting and monitoring application processes and prevents unauthorized access to the\noperating system desktop.\nkey technologies used: C++ using STL and Boost libraries; Win32 API for starting and monitoring\nprocesses; COM Automation for inter-process communication and JNI for the Java integration\n\n Linux server and network administration: set up a centralised directory service, firewall and VPN\n(IPsec, OpenVPN) configuration.\nkey technologies used: Linux, LDAP, Samba\n\n Developed a highly scalable TCP/IP communication server for statement printers.\nkey technologies used: C++ using STL and Boost libraries; multithreaded design using Windows\nNTs I/O completion ports for high scalability\n\nCommunity Service Lebenshilfe Salzburg, Werksttte Hallein 2/2003  1/2004\n As an alternative to Austrias compulsory military service: working with people with mental or mul-\n\ntiple handicaps.\n\nSummer Internship AT&T Laboratories Cambridge 7/2000  9/2000\n Automated and improved the omniORB regression testing suite; developed a black-box CORBA\n\nserver testing tool in Python, based on annotations in the interface definition (IDL).\n\nLinux System Administrator HTBLA Salzburg part time: 9/1997  6/2000\n\n2\n\n\n\nEducation\n10/1996  10/2001: University of Salzburg, Department of Computer Science:\n\n5-year course in Applied Computer Sciences leading to a Masters degree (Dipl.-\nIng.)\nspecialised in distributed systems and wrote Masters thesis about distributed sim-\nulation: CORBA-based Conservative Distributed Discrete Event Simulation\n\n9/1991  6/1996: HTBLA Salzburg (secondary technical school for electronics/informatics):\nMatura (A-levels) with distinction\n\nIndependent Coursework\n\n Introduction to Databases - Coursera (Jennifer Widom, Stanford)\n Cryptography - Coursera (Dan Boneh, Stanford)\n Algorithms: Design and Analysis, Part 1 - Coursera (Tim Roughgarden, Stanford)\n Heterogeneous Parallel Programming - Coursera (Wen-mei W. Hwu, UIUC)\n Algorithms: Design and Analysis, Part 2 - Coursera (Tim Roughgarden, Stanford)\n Microeconomics Principles - Coursera (Jos Vzquez-Cognet, UIUC)\n Pattern-Oriented Software Architectures for Concurrent and Networked Software - Coursera (Douglas\n\nC. Schmidt, Vanderbilt)\n\nAdditional Skills\n ISO C++ Standards Committee Member\n\n Programming in C, C++ (including STL and some Boost libraries), Python and Java (incl. JNI) with\nthe ability to quickly understand an already existing, complex code-base.\n\n Development for Linux/POSIX platforms and Win32.\n\n Strong understanding of multithreaded development (i.e. concurrency, race-conditions, contention,\nthread-local storage)\n\n Contributor to StackOverflow for linux, sockets and multithreading tagged questions.\n\n Working on a socket abstraction library for C++ similar to Boost asio, but with better multithreading\nscalability.\n\n Developed and currently running JabRSS, an RSS (RDF Site Summary) headline notification service\nfor Jabber/XMPP.\n\n Significant contributions to LoquiIM, a multi-protocol instant messaging client written entirely in\nHTML5 and JavaScript. Implemented end-to-end encryption based on the Signal Protocol.\n\n Developed a HTML5-based map application for Firefox OS.\n\n Developed a lightweight SIP forwarding server (stateless SIP proxy) as well as a lightweight exim\ngreylisting server using a SQLite backend.\n\n Past contributor to the Open Watcom C++ compiler: major improvements to the C++ front-end (i.e.\npartial template specialization and partial ordering of class templates, template functions, namespace\nsupport and general C++ standard compliance).\n\n Contributed Linux-specific epoll connection handling code to the Open Source jabberd2 XMPP server\nto improve scalability for high number of concurrent connections.\n\n Open Source advocate familiar with many widely used Open Source licences (and with a good under-\nstanding of the implications of using Open Source software in a commercial environment).\n\n Organising and leading day trips for small groups.\n\nA hyperlinked version of this CV is also available at http://cv.cmeerw.org\n\n3', NULL, 'done', 'NONE', 0, 0, NULL, '2018-04-16 09:42:21', '2018-04-16 09:42:21', 0),
  (248367, '2c9fafb062ca71c00162cdd45c8e0008', 'Kurt Guntheroth\n1426 East Roy Street\nSeattle, Washington 98112\n(206) 669-9474 / k  urt@guntheroth.com \n\nStaff Software Engineer\nA career technologist with 30+ years of commercial software design experience covering many \nfull product life-cycles. Special expertise in C++ development, network protocols, optimization, \nnew product concept formation, requirements analysis, software development methodologies. I \nam a scientist, a craftsman, and a mentor.\n\nKnowledge Keywords\nSoftware Development Experience: Windows, UNIX/Linux, embedded, database, cross-platform\nand multi-target development. Event-driven, real-time, parallel, multi-threaded, multi-processor. \nLanguages: C++ (20+ years). C (10+ years), Java, Javascript, Perl, Python, shell scrips. \nDatabases: Sybase & Microsoft SQL, SAS. Markup Languages: HTML5, XML, JSON. \nDevelopment Methodologies: Scrum, Agile, traditional, ISO-9000, Test Driven Development, \nCRC cards, UML. \nNetworking: sockets, WireShark dissectors, ZeroMQ library, RTP and forward error correction, \nTCP, UDP and multicasting, ICMP raw packets, SNMP, ASN1, H.323, IEEE 488.\nKnowledge Domains: Win32, MFC, TAPI, COM, ODBC, boost, video processing, telecom, \nsecurity, ssl programming, VoIP, functional test (2 U.S. patents), compilers, PLD programming, \nIEEE-1149 & 1352.\nTechnology Development Experience: industry standards committees, defect tracking systems, \nsoftware metrics. Trained in innovation management methods; affinity analysis, idea \ngeneration, facilitating, Pareto and Ishikawa analysis, Quality Function Deployment (QFD), \nTotal Quality Management (TQM).\n\nEducation and Training\nMaster of Business Administration, Seattle University, Seattle WA: Program partially \ncompleted. Topics included marketing, statistics, operations analysis\nMaster of Science in Computer Science, University of Washington, Seattle WA:\nThesis topic was an object-oriented, distributed programming language largely anticipating Java.\nSpecial topics included languages, distributed systems, artificial intelligence, networks.\nBachelor of Science in Computer Science, University of Washington, Seattle WA: \nTopics included compilers, operating systems, algorithms, and statistics. Minor in Mathematics.\nContinuing Education: Quality Function Deployment, Total Quality Management, Innovation \nManagement, Universal Modeling Language, Software Design Patterns, CASE and Design \nMethodologies, Advanced Windows, C++, Software Test Methodologies, System Engineering, \nCadence Management Seminar, Experience-based Interviewing, ISO 9000 Internal Auditor \ntraining, C++ Template Metaprogramming, Algorithm Design, Java, Android Development, \nVideo and Audio Processing.\n\nKurt Guntheroth (kurt@guntheroth.com) page 1\n\nmailto:GuntherothK@acm.org\n\n\nEmployment History\n\nDeveloper, 2014-2015, iStreamPlanet, Redmond WA\nDeveloped video pipeline code in C++/Win32. Implemented an MPEG-2 Transport Stream RTP \nsender and RTP receiver with Forward Error Correction based on redundant data per SMTPE \n2022-1. Developed GPU-accelerated video processing pipeline code using Intel Media Library.\n\nIndependent Consultant, 2009-2014 (5 years)\nThe Great Recession was hard on senior people who were standing up when the music stopped. \nI took a number of brief 1099 and W2 positions for several clients. Here are some highlights.\n\n? C++/Win32 development for Google\'s Chrome browser under contract to Microsoft. \nAdded experimental CSS styles to Chrome, developed JavaScript/HTML5 test cases, \nworked with Google\'s ninja build system designed for the very large Chromium code \nbase.\n\n? C++/Win32 development for Pokki; a program launcher, app store, and advertising \nnetwork for Windows that also provided a Javascript programming environment. \nImproved Pokki\'s visual appearance under non-default screen settings. Measured \nperformance and improved execution times by a factor of 4x. Worked with Windows \nAssessment Toolkit to ensure compliance with OEM Windows certification standards.\n\n? Designed, implemented, and documented a proprietary wire protocol for a networked \nLED lighting product on contract to Micron Technologies of Boise; coded a Wireshark \nsniffer plugin in C for the protocol, developed a lighting network controller in \nC++/Win32/SDK that encapsulated the proprietary protocol over an asynchronous RS232\nlink, and also included a full network and lighting device emulator. \n\n? Programmed complex core network and database server components in C++/Linux for a \ndistributed database with a novel spatial indexing scheme; mentored teammates in C++, \noptimized nave C++ code, improving data ingestion rate 60%, developed and \ndocumented error handling system.\n\n? Complex network and server programming in C++ on Windows and Linux for a radio-\nover-IP product; developed Wireshark dissector plugin in C for two proprietary network \nprotocols, documented the protocols, made point-fixes to undocumented legacy code. \nWorked with RTP protocol with NAK/Resend-based Forward Error Correction.\n\n? Wrote content for a wiki on multi-threaded development; created sample applications for \nIntel\'s Atom Developers Program; developed test fixture control software in \nC/VxWidgets.\n\nDuring down time, taught myself Java and Android programming, and developed an efficient \nfixed-point math template for C++.\n\nStaff Software Engineer, 2008-2009 (6 months), Attachmate Corp., Seattle WA\nDeveloped features for a cross-platform security product based on openSSH and openSSL in C \nand C++ on Windows plus 20 UNIX and Linux variants on a variety of hardware. Analyzed \nsecurity protocols for potential weakness and recommended fixes. Laid off with my whole team \nwhen company suffered an unexpected 30% revenue shortfall going into the Great Recession.\nKurt Guntheroth (kurt@guntheroth.com) page 2\n\n\n\nStaff Software Engineer, 1999-2008 (9 years), Aubeta Networks, Seattle WA\nDeveloped server components of a distributed business management system and Computer-\nTelephony-Integration (CTI) system in C++ on Windows. Took servers from prototype to \nhighly-available production code. Developed a network monitor for Aubetas customer WAN. \nBrought professional software development methods, defect tracking, documentation, and \nrelease management to AuBetas software team. \n\n? Integrated knowledge from several sources to produce a stack traceback on Windows \nstructured exceptions to facilitate rapid debugging of infrequently recurring bugs.\n\n? Improved mean time-to-failure of server suite from 2 hours to >1000 hours through \ndebugging, refactoring, and high-availability coding techniques.\n\n? Scaled server apps over 1-2 orders of magnitude growth in transaction rate. \n\nStaff Software Engineer, 1992-1999 (7 years), Data I/O Corp., Redmond WA\nChief architect and lead on a 30 man-year software project with 10 developers. Estimated \nmanpower, schedules, development costs, and project budgets. Hired staff, did performance \nreviews. Specified software development tools. Maintained team focus on objectives. Mentored \nteam members in C++, OO design methods. Developed Win32 and embedded C++ code for two \nprojects, and maintained C code for another. Did user needs analysis and design for four projects.\n\n? Represented Data I/O on IEEE 1532 (Boundary Scan Device Programming) and EIA/JEDEC\nJESD-71 (STAPL) industry standards committees. \n\n? Developed schedule using consensus work estimates de-rated for estimated availability. \nOriginal schedule estimated code complete within two per cent.\n\n? Performed R&D for next-generation products. Developed product concepts. Made first \ncontact with customers to establish user needs. Used rapid development techniques to meet \nharsh calendar schedule. \n\n? Helped establish software development process standards for successful ISO-9001 \ncertification. ISO 9000 internal auditor.   \n\nSenior Software Engineer, 1981-1992 (11 years) Fluke Corp., Everett WA\nProgressive responsibility as software designer and lead. Developed soft real-time code in C over\nmany full product life cycles. \n\n? Designed a programming language for functional test, an object oriented editor, and an \ninstrument control program similar to HP VEE or National Instruments LabWindows. \n\n? Member of a tiger team that developed a $20M (annual revenue) business opportunity. \nReceived special innovation management training for this project. Flukes successful LAN \ntester and indoor air quality meter products were outgrowths of this work. \n\n? Developed and patented innovative methods for testing semiconductor RAM and ROM \ndevices. RAM test is 3x faster than competing algorithms and has better coverage.\n\n? Represented Fluke on SCPI instrument control standard committee. SCPI officer 2 years. \n? Personally talked the U.S. Army out of a destructive change to MIL-T-28800 COTS \n\nprocurement standard. Built consensus among industry players to oppose this change.\n? Revised and automated a build system, reducing build time from 7 days of human attention \n\nto one day. Revised build system again a year later to reduce build time to require less than \none hour of human attention.\n\n? Led a team to perform causal analysis of over 600 bugs from a large development project. \n\nKurt Guntheroth (kurt@guntheroth.com) page 3\n\n\n\nPatents and Publications\nOptimized C++, O\'Reilly, Fall 2015\nhttp://www.guntheroth.com, personal web page, 2005-present \nKurt Guntheroth\'s Old Hands Blog, http://oldhandsblog.blogspot.com, 2011-present\nFixed-Point Types for C++, in C/C++ Users Journal, 5/2005\nCustom Exception Types for C++, in C/C++ Users Journal, 2/2005\nAttacking the Causes of Software Defects, in Fluke Technical Review, 10(2), Autumn 1992\nTester-Assisted Built In Test, in Proceedings of Autotestcon, 1989\nAn Inexpensive Robot Prober, in Proceedings of ATE&I East, 1988\nTL/1: A Language for Testing and Troubleshooting, in Proceedings of ATE&I West, 1988\nRapid Prototyping Languages Considered Harmful, Fluke Technical Review 7(1), Spring 1986\nMethod of and Apparatus for Diagnosing Faults in Read-Only Memory Systems and the Like, \nU.S. Patent 4,876,684, issued 10/24/1989\nMethod of and System for Fast Functional Testing of Random Access Memories, Jacobson et. al.,\nU.S. Patent 4,715,034, issued 12/22/1987\n\nKurt Guntheroth (kurt@guntheroth.com) page 4\n\nhttp://oldhandsblog.blogspot.com/\nhttp://www.guntheroth.com/', NULL, 'done', 'NONE', 0, 0, NULL, '2018-04-16 09:42:21', '2018-04-23 07:16:40', 0),
  (248370, '2c9fafb062ca71c00162cdd45c8e0008', 'Curriculum Vitae\n\nPersonalia\n\nName Sander van der Burg\nHomepage http://www.st.ewi.tudelft.nl/sander\nDate of birth 24-05-1984\nNationality Dutch\n\nPlease contact me through my homepage for full contact details.\n\nProfile\n\nI am an enthusiastic and motivated person interested in software development, exploring, investigating and\napplying unconventional techniques, free and open-source software and collaborations between various software\ncommunities.\n\nWork Experience\n\n09-08 - present PhD candidate\nDelft University of Technology\nPhD candidate at the Software Engineering Research Group\n\n Working on a PhD dissertation titled: A Reference Architecture for Dis-\ntributed Software Deployment\n\n Publishing and presenting research at international software engineering con-\nferences\n\n Developing software tools related to software deployment and domain-specific\nlanguages: NixOS, Disnix, WebDSL\n\n Teaching assistant for the Concepts of programming languages lab course,\ncovering several programming language paradigms, such as Scala (functional\nprogramming), C (low-level) and JavaScript (prototype-based object orien-\ntation).\n\n06-09 - present Visiting researcher\nKoninklijke Philips Electronics N.V.\nVisiting researcher at Philips Healthcare\n\n Applying deployment research on medical software\n\n02-08 - 08-08 Intern Healthcare Systems Architecture\nKoninklijke Philips Electronics N.V.\nMSc thesis project at the Healthcare Systems Architecture department\n\n Development of Disnix  an automatic software deployment tool for service-\noriented systems.\n\n Applying deployment techniques on an experimental medical application.\n\nhttp://www.st.ewi.tudelft.nl/~sander\n\n\n05-02 - 02-08 IT specialist\nBosman Watermanagement B.V.\nApplication development and system administration\n\n Developing a web application framework based on PHP, Apache en MySQL\nand a number of applications.\n\n Developing a Java-based fat client application framework.\n Integration of applications with an ERP system.\n Supporting system administration tasks, such as workstation installations.\n Maintaining a number of servers, such as Linux, Novell Netware and Windows\n\n2000 machines.\n\n09-03 - 02-04 and Intern Hone/Link ADM\n02-05 - 06-05 IBM Nederland N.V.\n\nInternships at the Hone/Link ADM department\n\n Developing a system measuring the usage of Java EE applications in an IBM\nzSeries mainframe environment, which is used to tax costs to various internal\norganisation deparments.\n\nEducation\n\n2008-2012 PhD Software Engineering\nDelft University of Technology\n\n Dissertation title: A Reference Architecture for Distributed Software De-\nployment\n\n Followed courses: Scientific Writing in English, The Art of Presenting Sci-\nence, Philips Informatics Infrastructure Basic training\n\n Expected defense date: Januari 2013\n\n2005-2009 Master Computer Science\nDelft University of Technology\n\n Specialisation: Software Evolution, Model-driven Software Engineering\n Free elective courses: Computer graphics, Speech and language processing,\n\nMethodology and Ethics\n Thesis project at: Koninklijke Philips Electronics N.V., department of Health-\n\ncare Systems Architecture\n Obtained diploma in 2009\n\n2001-2005 HBO Computer Science\nRotterdam University of Applied Sciences\n\n Specialisation: Software Engineering\n Free elective courses: Linux assembly, Sailing license, Visual Basic, Astron-\n\nomy\n Thesis project at: IBM Nederland N.V. Hone/Link ADM department\n Obtained diploma in 2005\n\n1996-2001 HAVO\nRSG Hoeksche Waard\n\n Languages: Dutch, English, French 1 (speech and listening skills)\n Profile: Nature & Technology (Mathematics B 1+2, Physics 1+2, Chem-\n\nistry)\n Free elective courses: Economics 1, Computer Science\n Obtained diploma in 2001\n\n\n\nPublications (selection)\n\n Sander van der Burg, Eelco Dolstra, Disnix: A toolset for distributed deployment, In Science of\nComputer Programming (SCP), Elsevier, September 2012\n\n Sander van der Burg, Eelco Dolstra, A Self-Adaptive Deployment Framework for Service-Oriented\nSystems, In 6th International Symposium on Software Engineering for Adaptive and Self-Managing\nSystems (SEAMS). Waikiki, Honolulu, Hawaii, USA, ACM, May 2011\n\n Sander van der Burg, Eelco Dolstra, Automated Deployment of a Heterogeneous Service-Oriented\nSystem, In 36th EUROMICRO Conference on Software Engineering and Advanced Applications (SEAA).\nLille, France, IEEE Computer Society, September 2010\n\n Sander van der Burg, Eelco Dolstra, Merijn de Jonge, Eelco Visser, Software Deployment in a Dy-\nnamic Cloud: From Device to Service Orientation in a Hospital Environment, In First ICSE\n2009 Workshop on Software Engineering Challenges in Cloud Computing. Vancouver, British Columbia,\nCanada, IEEE Computer Society, May 2009\n\nSoftware (selection)\n\n Disnix (http://nixos.org/disnix). A tool which can be used to automatically deploy service-oriented\nsystems in networks of machines. Disnix uses Nix for local deployment and ensures that deployment\nprocesses are reliable, efficient and reproducible. Disnix is available as free and open-source software\nunder the LGPLv2 license.\n\n NixOS (http://nixos.org). Apart from developing Disnix, I contribute to other parts of the Nix project,\nsuch as NixOS  a Linux distribution which can be installed automatically from declarative specifications\nin a reliably, reproducible and efficient way.\n\n IFF libraries project (http://www.st.ewi.tudelft.nl/sander/index.php/software/iff). A project which\nconsists of libraries and tools capable of parsing and viewing file formats using the IFF container spec-\nification, such as images, animations and samples. All software packages are available as free and\nopen-source software, such as the MIT and zlib licenses.\n\n WebDSL (http://webdsl.org). A domain-specific language which can be used to specify properties of\nvarious aspects of web applications in a declarative way. From a WebDSL a Java web application can be\ngenerated. I maintain the deployment infrastructure for these kind of applications. WebDSL is available\nas free and open-source software under the LGPLv2 license.\n\nSkills\n\nComputer platforms\n Systems: PC, IBM System Z, Amiga, Commodore 64\n GNU/Linux: Slackware, Red Hat, SuSE, Debian, Ubuntu, Linux from Scratch, NixOS\n Microsoft: MS-DOS, Windows 3.x, 95, 98, 2000, NT, ME, XP, Vista, 7\n Other: AmigaOS, Novell Netware\n\nhttp://nixos.org/disnix\nhttp://nixos.org\nhttp://www.st.ewi.tudelft.nl/~sander/index.php/software/iff\nhttp://webdsl.org\n\n\nDevelopment\n Java (applications, servlets, applets, JSP, Java2D/3D, AWT/Swing)\n C and C++ (POSIX, ANSI, GNU)\n C# (ASP.NET, WCF, Mono)\n BASIC (Quick Basic, Commodore 64 Basic, AMOS Basic, Visual Basic, Visual Basic.NET)\n Assembly: x86 (Linux and MS-DOS), Commodore 64\n Scripting: bash, Perl, PHP, Python\n Other languages: Haskell, Prolog, Scala, LaTeX\n Web development: HTML, XHTML, XML, XSL, CSS, JavaScript, RSS, SOAP, HTML DOM\n\nOther\n Object-oriented analysis and design with UML\n Project methodologies: SDM, RUP, IAD, ITIL\n Databases: MySQL, PostgreSQL, IBM DB2, Sybase ASE\n Servers: Apache HTTP server, Samba, ProFTPD, Apache Tomcat, JBoss, IBM WebSphere\n\nOther information\n\nDriving license B\nHobbies Percussion and drums\n\n\n  Curriculum Vitae\n  Computer platforms\n  Development\n Other', NULL, 'done', 'NONE', 0, 0, NULL, '2018-04-16 09:42:21', '2018-04-23 07:16:48', 0),
  (452110, '2c9fafb062ca71c00162cdd45c8e0008', 'Afreen Jamadar\nActive member of IIIT Committee in Third year\n\nSangli, Maharashtra - Email me on Indeed: indeed.com/r/Afreen-Jamadar/8baf379b705e37c6\n\nI wish to use my knowledge, skills and conceptual understanding to create excellent team\nenvironments and work consistently achieving organization objectives believes in taking initiative\nand work to excellence in my work.\n\nWORK EXPERIENCE\n\nActive member of IIIT Committee in Third year\n\nCisco Networking -  Kanpur, Uttar Pradesh\n\norganized by Techkriti IIT Kanpur and Azure Skynet.\nPERSONALLITY TRAITS:\n Quick learning ability\n hard working\n\nEDUCATION\n\nPG-DAC\n\nCDAC ACTS\n\n2017\n\nBachelor of Engg in Information Technology\n\nShivaji University Kolhapur -  Kolhapur, Maharashtra\n\n2016\n\nSKILLS\n\nDatabase (Less than 1 year), HTML (Less than 1 year), Linux. (Less than 1 year), MICROSOFT\nACCESS (Less than 1 year), MICROSOFT WINDOWS (Less than 1 year)\n\nADDITIONAL INFORMATION\n\nTECHNICAL SKILLS:\n\n Programming Languages: C, C++, Java, .net, php.\n Web Designing: HTML, XML\n Operating Systems: Windows [] Windows Server 2003, Linux.\n Database: MS Access, MS SQL Server 2008, Oracle 10g, MySql.\n\nhttps://www.indeed.com/r/Afreen-Jamadar/8baf379b705e37c6?isid=rex-download&ikw=download-top&co=IN', NULL, 'done', 'NONE', 0, 0, NULL, '2018-05-10 10:05:01', '2018-05-10 10:05:01', 0),
  (452111, '2c9fafb062ca71c00162cdd45c8e0008', 'Akhil Yadav Polemaina\nHyderabad, Telangana - Email me on Indeed: indeed.com/r/Akhil-Yadav-Polemaina/\nf6931801c51c63b1\n\n? Senior System Engineer at Infosys with 3.2 years of experience in software development and\nMaintenance.\n? Maintained data processing using mainframe technology for multiple front end applications of\nWalmart Retail Link platform and ensured on-time deliverables.\n? Worked on automating the uses cases to reduce manual effort in solving repeating incidents\nusing Service Now orchestration.\n? Possess good analytical, logical ability and systematic approach to problem analysis, strong\ndebugging and troubleshooting skills.\n? Good exposure to Retail domain.\n\nWilling to relocate to: hyderbad, Telangana\n\nWORK EXPERIENCE\n\nSenior Systems Engineer\n\nInfosys Limited -  Hyderabad, Telangana -\n\nJanuary 2015 to Present\n\n? Working on all the Major and Minor Enhancement requests as part of Maintenance and Support\nactivities\n? Identifying and fixing all the major defects in the applications, perform root cause analysis for\nproduction issues\n? Being a subject matter expert, involved in multiple Knowledge transfer and knowledge sharing\nsessions with the client\n? Leading a peer group and taking end to end responsibilities for all the critical issues/\nenhancements.\n? Identifying the use cases which can be automated using Service Now Orchestration\n? Creating workflows to automate various tasks which involved manual intervention\n? Direct interaction with the client on various business impacting issues on a daily basis\n? Setting up Weekly Status Review meetings and Code Review meetings with the client\n\nSenior Systems Engineer\n\nInfosys Limited -  Hyderabad, Telangana -\n\nJanuary 2015 to Present\n\nTeam Size # 5\nProject Objective:\nProviding end to end Maintenance and Support activity for data processing of the most critical and\nimportant Web portal \'Retail Link\' along with over 40 applications used daily by all the Suppliers\nand Business users of Walmart, the largest retailer in the world. Retail link is a portal which hosts\n100\'s of applications developed across technologies for the suppliers which help them to carry\non day-to-day activities right from on boarding to tracking their sales. This involves supporting\n\nhttps://www.indeed.com/r/Akhil-Yadav-Polemaina/f6931801c51c63b1?isid=rex-download&ikw=download-top&co=IN\nhttps://www.indeed.com/r/Akhil-Yadav-Polemaina/f6931801c51c63b1?isid=rex-download&ikw=download-top&co=IN\n\n\nvarious Decision Support System reports which helps the higher management to take business\ncritical decisions.\n\nResponsibilities:\n? Working on all the Major and Minor Enhancement requests as part of Maintenance and Support\nactivities\n? Identifying and fixing all the major defects in the applications, perform root cause analysis for\nproduction issues\n? Being a subject matter expert, involved in multiple Knowledge transfer and knowledge sharing\nsessions with the client\n? Leading a peer group and taking end to end responsibilities for all the critical issues/\nenhancements.\n? Identifying the use cases which can be automated using Service Now Orchestration\n? Creating workflows to automate various tasks which involved manual intervention\n? Direct interaction with the client on various business impacting issues on a daily basis\n? Setting up Weekly Status Review meetings and Code Review meetings with the client\n\nEDUCATION\n\nElectrical and Electronics Engineering\n\nAnurag College of Engineering (Jntuh)\n\nSKILLS\n\nservicenow (1 year), Mainframe (3 years), cobol (3 years), Jcl (3 years), Teradata (3 years)\n\nADDITIONAL INFORMATION\n\nTechnical Skills\n Domain - Retail\n Technology - Mainframe (COBOL, JCL, DB2, Teradata), Service now.\n Operating System - Mainframe (z/OS)\n Database - DB2, SQL, Teradata.\n Utilities - FILE-AID, IDCAMS, DFSORT basics, LIBRARIAN, FTP/SFTP, CA-7 basics.\n Tools - Query Management Tool (QMF), SQL Assistant, Service now, Remedy.\n\nKey Strengths:\n? Effective Communication Skills and Zeal to learn.\n? Flexibility and Adaptability.\n? Good Leadership Qualities.\n? Analytical and Problem Solving Skills.\n\nAchievements:\n? Received STAR award for working on various system improvement and automation activities\n? Received multiple INSTA awards for my performance in the projects worked', NULL, 'done', 'NONE', 0, 0, NULL, '2018-05-10 10:05:01', '2018-05-10 10:05:01', 0),
  (452114, '2c9fafb062ca71c00162cdd45c8e0008', 'Anvitha Rao\nAutomation developer\n\n- Email me on Indeed: indeed.com/r/Anvitha-Rao/9d6acc68cc30c71c\n\nSeeking a software development internship position for Summer 2018 that utilizes my technical\nskills, education and passion for\nsolving interesting problems as a software professional.\n\nWilling to relocate: Anywhere\n\nWORK EXPERIENCE\n\nAutomation developer\n\nSAP Labs -  Bengaluru, Karnataka -\n\nAugust 2016 to August 2017\n\nWorked as an automation developer in the development of cloud based Human capital\nmanagement System and\nIntegration frameworks Dell Boomi and SAP HANA Cloud Platform Integration.\n? Development of automation framework using Java Selenium and RestFul API\'s for payroll\nprojects.\n? Collaborating with customers on migrating Payroll projects to SAP HANA Cloud Platform\nIntegration.\n? Involved in regression, unity, functionality, performance, sanity and acceptance test driven\ndevelopment process.\n\nIntern\n\nSAP Labs -  Bengaluru, Karnataka -\n\nFebruary 2016 to July 2016\n\nWorked on migrating Business intelligence tool, Universe Design Tool in Visual Studio using C++.\n? Automation of test cases for identifying operations supported by databases using Java.\n? Tools: Universe Design Tool, Information Design Tool, Webi and Perforce.\n\nProjects:\nGeoSpark Integrated with Apache Hadoop\n? Identifies top 50 pick up points in New York city based on distributed New York taxi data using\nApache Spark and Scala.\nIaas Implementation: Cloud application for Image Recognition\n? This project uses Amazon S3, SQS and EC2 instances to provide Image recognition service to\nusers by implementing load\nbalancing and web services.\nSpam Detection\n? Identifying spam messages using Natural Language processing techniques in python.\nAnalysis of Financial Data\n\nhttps://www.indeed.com/r/Anvitha-Rao/9d6acc68cc30c71c?isid=rex-download&ikw=download-top&co=IN\n\n\n? Exploratory data analysis of stock prices using various data visualization techniques in pandas\nand d3.js\nEffective prediction and prevention of air pollution caused due to automobiles using IoT and data\nanalytics techniques\n? Analyzes pollutants at different geographical locations and suggests a least polluted route on\nan android application.\n? Co-authored a paper --Ref link: http://www.ijrcct.org/index.php/ojs/article/view/1416\n\nEDUCATION\n\nMasters in Computer Science\n\nArizona State University -  Tempe, AZ\n\nSeptember 2019\n\nBachelor of Engineering in Computer Science\n\nM S Ramaiah Institute of Technology -  Bengaluru, Karnataka\n\nSeptember 2012 to June 2016\n\nSKILLS\n\nJAVA (1 year), C++ (Less than 1 year), Hadoop (Less than 1 year), HADOOP (Less than 1 year),\nCSS (Less than 1 year)\n\nLINKS\n\nhttps://www.linkedin.com/in/anvitha-d-rao-65a068a7\n\nADDITIONAL INFORMATION\n\nTechnical Skills:\nProgramming Languages: C, C++, HTML/CSS, Java, Python, Javascript\n\nTechnologies: IoT, MySQL, PostgreSQL, D3js, Hadoop and Spark, Gephi\n\nhttps://www.linkedin.com/in/anvitha-d-rao-65a068a7', NULL, 'done', 'NONE', 0, 0, NULL, '2018-05-10 10:05:01', '2018-05-10 10:05:01', 0),
  (452116, '2c9fafb062ca71c00162cdd45c8e0008', 'Arun Elumalai\nQA Tester\n\nChennai, Tamil Nadu - Email me on Indeed: indeed.com/r/Arun-Elumalai/26575d617d50ea04\n\n 15 Months of Experience as a QA Tester in Software Testing (Mainframe)\n\n Experience in Automation, Functional, UI testing and Regression Testing.\n\n Involvement in preparation of Test scenarios, Test cases and executing the same.\n\n Defect reporting and tracking via Rational Quality Manager.\n\n Preparation of test closure reports.\n\nWORK EXPERIENCE\n\nQA Tester\n\nAccenture -\n\nNovember 2016 to March 2018\n\n Associate Software Engineer | Accenture Services Pvt Ltd | Nov 2016 to Mar 2018\n Domain: Financial Services - Payments Domain\n Application: VisionPLUS\nPROJECT PROFILE\n\nClient - First Data Corporation\nRole - QA Tester\nApplication - VisionPLUS\n\nDescription and Responsibilities\n1. Have worked in functional releases and tested across clients in the EMEA region. Performed\nsystem integration testing for new clients that came into VisionPlus.\n2. Automated manual scripts in Regression Testing and Executing the same using Selenium Web\ndriver through Sauce Labs.\n3. Performed UI Testing in First Apply and First Online\n4. Tested various functionalities of credit card life cycle like account boarding, embossing,\naccount/card transfer, replacement and reissue of cards.\n5. Tested manual and auto enrollment of offers, cashback offers.\n\nPERFORMANCE ACHIEVEMENTS\n\n Won The Rising Star Award for the year 2017\n\nEDUCATION\n\nBachelor of Engineering in Automobile Engineering\n\nhttps://www.indeed.com/r/Arun-Elumalai/26575d617d50ea04?isid=rex-download&ikw=download-top&co=IN\n\n\nSri Venkateswara College Of Engineering -  Chennai, Tamil Nadu\n\n2012 to 2016\n\nSKILLS\n\nANSYS (Less than 1 year), CATIA (Less than 1 year), CREO (Less than 1 year), PARAMETRIC\n(Less than 1 year), PYTHON (Less than 1 year), Selenium, Selenium Webdriver, Testing,\nFunctional Testing, Automation Testing, Regression Testing, Quality Assurance\n\nADDITIONAL INFORMATION\n\nTECHNICAL SKILLS\n\n Languages - Python\n\n Software/Tools - Selenium, WAF, Sauce Labs, Jenkins, Creo parametric 2.0, Catia V6, Ansys', NULL, 'done', 'NONE', 0, 0, NULL, '2018-05-10 10:05:01', '2018-05-10 10:05:01', 0),
  (452117, '2c9fafb062ca71c00162cdd45c8e0008', 'Ashalata Bisoyi\nTransaction Processor - Oracle India Private Limited\n\nBengaluru, Karnataka - Email me on Indeed: indeed.com/r/Ashalata-Bisoyi/cf02125911cfb5df\n\nTo secure a position an esteem organization with good working culture that will help my career\nin the field of finance through my sincerity, hard works and skills.\n\nWORK EXPERIENCE\n\nTransaction Processor\n\nOracle India Private Limited -\n\nApril 2016 to Present\n\n2 Year of experience with Oracle India Private Limited in expense team. My work is auditing of\nexpense reports of employees of all the countries, handling queries through emails and calls also.\nJOB DESCRIPTION\n Auditing of expense reports of the employees for all the countries and working on service portal\n(Answering queries through email)\n Handling the team in absence of seniors.\n Working on Payment Rejections, export of expense reports to AP.\n Take care of running Backlog, Having knowledge about travel advance.\n\nEDUCATION\n\nMaster of Finance and Control in MFC\n\nKhallikote Autonomous college -  Brahmapur, Orissa\n\n2015\n\nBachelor in Commerce\n\nBerhampur university -  Brahmapur, Orissa\n\n2013\n\nAccounting\n\nScience College, Hinjilicut -  Brahmapur, Orissa\n\n2010\n\nEducation\n\nCouncil of Higher Secondary -  Orissa, IN\n\n2008\n\nGovernment girls High school -  Hinjilikatu, Orissa\n\nhttps://www.indeed.com/r/Ashalata-Bisoyi/cf02125911cfb5df?isid=rex-download&ikw=download-top&co=IN\n\n\nBoard of Secondary Education -  Orissa, IN\n\nADDITIONAL INFORMATION\n\n Good analytical skills and flexible in work atmosphere.\n Able to handle complex situation under process\n Willingness to learn\n Ability to meet deadlines\n Every time accept the new challenges\n\nOTHER QUALIFICATIONS\n DOEACC O LEVEL\n M.S. OFFICE', NULL, 'done', 'NONE', 0, 0, NULL, '2018-05-10 10:05:01', '2018-05-10 10:05:01', 0);

INSERT INTO `d_hits_result` (`id`, `hitId`, `projectId`, `result`, `userId`, `timeTakenToLabelInSec`, `notes`, `created_timestamp`, `updated_timestamp`)
VALUES
  (421764, 248363, '2c9fafb062ca71c00162cdd45c8e0008', '[{\"label\":[\"Technology\"],\"points\":[{\"start\":3514,\"end\":3560,\"text\":\"XHTML, ORACLE 11i,  MySQL, ORACLE SQL Developer\"}]},{\"label\":[\"Technology\"],\"points\":[{\"start\":3406,\"end\":3467,\"text\":\"IIS Application Server, Apache Tomcat, Java Development Server\"}]}]', '123', 46, NULL, '2018-07-18 04:53:31', '2018-07-18 04:53:31'),
  (43255, 248365, '2c9fafb062ca71c00162cdd45c8e0008', '[{\"label\":[\"Skills\"],\"points\":[{\"start\":2843,\"end\":2858,\"text\":\"Unix environment\"}]},{\"label\":[\"Skills\"],\"points\":[{\"start\":2439,\"end\":2454,\"text\":\"Unix environment\"}]},{\"label\":[\"Skills\",\"Roles\"],\"points\":[{\"start\":522,\"end\":546,\"text\":\"Senior Software Developer\"}]},{\"label\":[\"Location\"],\"points\":[{\"start\":144,\"end\":152,\"text\":\"Austrian \"}]},{\"label\":[\"Name\"],\"points\":[{\"start\":0,\"end\":16,\"text\":\"Christof Meerwald\"}]}]', '123', 0, NULL, '2018-04-17 11:10:16', '2018-10-09 08:56:56'),
  (51783, 248367, '2c9fafb062ca71c00162cdd45c8e0008', '[{\"label\":[\"Technology\"],\"points\":[{\"start\":9541,\"end\":9543,\"text\":\"C++\"}]},{\"label\":[\"Technology\"],\"points\":[{\"start\":9531,\"end\":9533,\"text\":\"C++\"}]},{\"label\":[\"Technology\"],\"points\":[{\"start\":9477,\"end\":9479,\"text\":\"C++\"}]},{\"label\":[\"Technology\"],\"points\":[{\"start\":9467,\"end\":9469,\"text\":\"C++\"}]},{\"label\":[\"Technology\"],\"points\":[{\"start\":9279,\"end\":9281,\"text\":\"C++\"}]},{\"label\":[\"Skills\"],\"points\":[{\"start\":9173,\"end\":9183,\"text\":\"development\"}]},{\"label\":[\"Technology\"],\"points\":[{\"start\":8196,\"end\":8202,\"text\":\"Windows\"}]},{\"label\":[\"Skills\"],\"points\":[{\"start\":7731,\"end\":7741,\"text\":\"development\"}]},{\"label\":[\"Skills\"],\"points\":[{\"start\":7722,\"end\":7741,\"text\":\"software development\"}]},{\"label\":[\"Skills\"],\"points\":[{\"start\":7644,\"end\":7654,\"text\":\"development\"}]},{\"label\":[\"Technology\"],\"points\":[{\"start\":7093,\"end\":7095,\"text\":\"C++\"}]},{\"label\":[\"Technology\"],\"points\":[{\"start\":7040,\"end\":7042,\"text\":\"C++\"}]},{\"label\":[\"Skills\"],\"points\":[{\"start\":6958,\"end\":6968,\"text\":\"development\"}]},{\"label\":[\"Skills\"],\"points\":[{\"start\":6949,\"end\":6968,\"text\":\"software development\"}]},{\"label\":[\"Skills\"],\"points\":[{\"start\":6860,\"end\":6870,\"text\":\"development\"}]},{\"label\":[\"Technology\"],\"points\":[{\"start\":6351,\"end\":6357,\"text\":\"Windows\"}]},{\"label\":[\"Skills\"],\"points\":[{\"start\":6169,\"end\":6179,\"text\":\"development\"}]},{\"label\":[\"Skills\"],\"points\":[{\"start\":6160,\"end\":6179,\"text\":\"software development\"}]},{\"label\":[\"Technology\"],\"points\":[{\"start\":6008,\"end\":6014,\"text\":\"Windows\"}]},{\"label\":[\"Technology\"],\"points\":[{\"start\":6001,\"end\":6003,\"text\":\"C++\"}]},{\"label\":[\"Technology\"],\"points\":[{\"start\":5495,\"end\":5501,\"text\":\"Windows\"}]},{\"label\":[\"Technology\"],\"points\":[{\"start\":5488,\"end\":5490,\"text\":\"C++\"}]},{\"label\":[\"Technology\"],\"points\":[{\"start\":5310,\"end\":5312,\"text\":\"C++\"}]},{\"label\":[\"Skills\"],\"points\":[{\"start\":5053,\"end\":5063,\"text\":\"development\"}]},{\"label\":[\"Technology\"],\"points\":[{\"start\":4731,\"end\":4737,\"text\":\"Windows\"}]},{\"label\":[\"Technology\"],\"points\":[{\"start\":4724,\"end\":4726,\"text\":\"C++\"}]},{\"label\":[\"Technology\"],\"points\":[{\"start\":4585,\"end\":4587,\"text\":\"C++\"}]},{\"label\":[\"Technology\"],\"points\":[{\"start\":4563,\"end\":4565,\"text\":\"C++\"}]},{\"label\":[\"Roles\"],\"points\":[{\"start\":4541,\"end\":4546,\"text\":\"mentor\"}]},{\"label\":[\"Technology\"],\"points\":[{\"start\":4465,\"end\":4467,\"text\":\"C++\"}]},{\"label\":[\"Technology\"],\"points\":[{\"start\":4242,\"end\":4244,\"text\":\"C++\"}]},{\"label\":[\"Technology\"],\"points\":[{\"start\":3956,\"end\":3962,\"text\":\"Windows\"}]},{\"label\":[\"Technology\"],\"points\":[{\"start\":3898,\"end\":3904,\"text\":\"Windows\"}]},{\"label\":[\"Technology\"],\"points\":[{\"start\":3680,\"end\":3686,\"text\":\"Windows\"}]},{\"label\":[\"Skills\"],\"points\":[{\"start\":3597,\"end\":3607,\"text\":\"development\"}]},{\"label\":[\"Technology\"],\"points\":[{\"start\":3587,\"end\":3589,\"text\":\"C++\"}]},{\"label\":[\"Skills\"],\"points\":[{\"start\":3344,\"end\":3354,\"text\":\"development\"}]},{\"label\":[\"Technology\"],\"points\":[{\"start\":3334,\"end\":3336,\"text\":\"C++\"}]},{\"label\":[\"Technology\"],\"points\":[{\"start\":2864,\"end\":2866,\"text\":\"C++\"}]},{\"label\":[\"Technology\"],\"points\":[{\"start\":2583,\"end\":2585,\"text\":\"C++\"}]},{\"label\":[\"Technology\"],\"points\":[{\"start\":2432,\"end\":2434,\"text\":\"C++\"}]},{\"label\":[\"Technology\"],\"points\":[{\"start\":2423,\"end\":2429,\"text\":\"Windows\"}]},{\"label\":[\"Technology\"],\"points\":[{\"start\":674,\"end\":676,\"text\":\"C++\"}]},{\"label\":[\"Skills\"],\"points\":[{\"start\":581,\"end\":591,\"text\":\"development\"}]},{\"label\":[\"Technology\"],\"points\":[{\"start\":508,\"end\":514,\"text\":\"Windows\"}]},{\"label\":[\"Roles\"],\"points\":[{\"start\":447,\"end\":452,\"text\":\"mentor\"}]},{\"label\":[\"Roles\"],\"points\":[{\"start\":430,\"end\":438,\"text\":\"craftsman\"}]},{\"label\":[\"Roles\"],\"points\":[{\"start\":417,\"end\":425,\"text\":\"scientist\"}]},{\"label\":[\"Skills\"],\"points\":[{\"start\":382,\"end\":392,\"text\":\"development\"}]},{\"label\":[\"Skills\"],\"points\":[{\"start\":373,\"end\":392,\"text\":\"software development\"}]},{\"label\":[\"Skills\"],\"points\":[{\"start\":350,\"end\":370,\"text\":\"requirements analysis\"}]},{\"label\":[\"Skills\"],\"points\":[{\"start\":339,\"end\":347,\"text\":\"formation\"}]},{\"label\":[\"Skills\"],\"points\":[{\"start\":304,\"end\":315,\"text\":\"optimization\"}]},{\"label\":[\"Skills\"],\"points\":[{\"start\":285,\"end\":301,\"text\":\"network protocols\"}]},{\"label\":[\"Skills\"],\"points\":[{\"start\":272,\"end\":282,\"text\":\"development\"}]},{\"label\":[\"Technology\"],\"points\":[{\"start\":268,\"end\":270,\"text\":\"C++\"}]}]', '123', 0, NULL, '2018-04-25 12:56:32', '2018-04-25 12:56:32'),
  (51332, 248370, '2c9fafb062ca71c00162cdd45c8e0008', '[{\"label\":[\"Education\"],\"points\":[{\"start\":7199,\"end\":7208,\"text\":\"Curriculum\"}]},{\"label\":[\"Others\"],\"points\":[{\"start\":254,\"end\":257,\"text\":\"pers\"}]},{\"label\":[\"Education\"],\"points\":[{\"start\":0,\"end\":9,\"text\":\"Curriculum\"}]}]', '123', 0, NULL, '2018-04-25 09:36:06', '2018-04-25 09:36:06'),
  (272650, 452110, '2c9fafb062ca71c00162cdd45c8e0008', '[{\"label\":[\"Technology\"],\"points\":[{\"start\":150,\"end\":371,\"text\":\"I wish to use my knowledge, skills and conceptual understanding to create excellent team\\nenvironments and work consistently achieving organization objectives believes in taking initiative\\nand work to excellence in my work.\"}]},{\"label\":[\"Skills\"],\"points\":[{\"start\":0,\"end\":13,\"text\":\"Afreen Jamadar\"}]}]', '123', 0, NULL, '2018-05-31 13:26:50', '2018-05-31 13:26:50'),
  (292456, 452111, '2c9fafb062ca71c00162cdd45c8e0008', '[]', '123', 22, NULL, '2018-06-05 17:13:07', '2018-06-05 17:13:07'),
  (137406, 452114, '2c9fafb062ca71c00162cdd45c8e0008', '[{\"label\":[\"Technology\"],\"points\":[{\"start\":1085,\"end\":1094,\"text\":\"Automation\"}]},{\"label\":[\"Technology\"],\"points\":[{\"start\":333,\"end\":342,\"text\":\"Automation\"}]},{\"label\":[\"Skills\"],\"points\":[{\"start\":130,\"end\":139,\"text\":\"internship\"}]},{\"label\":[\"Technology\"],\"points\":[{\"start\":12,\"end\":21,\"text\":\"Automation\"}]}]', '123', 0, NULL, '2018-05-19 11:40:01', '2018-05-19 11:40:01'),
  (169657, 452116, '2c9fafb062ca71c00162cdd45c8e0008', '[{\"label\":[\"Technology\"],\"points\":[{\"start\":2011,\"end\":2018,\"text\":\"Selenium\"}]},{\"label\":[\"Technology\"],\"points\":[{\"start\":1820,\"end\":1827,\"text\":\"Selenium\"}]},{\"label\":[\"Technology\"],\"points\":[{\"start\":1810,\"end\":1817,\"text\":\"Selenium\"}]},{\"label\":[\"Technology\"],\"points\":[{\"start\":1042,\"end\":1049,\"text\":\"Selenium\"}]}]', '123', 0, NULL, '2018-05-23 16:38:16', '2018-05-23 16:38:16'),
  (129108, 452117, '2c9fafb062ca71c00162cdd45c8e0008', '[{\"label\":[\"Others\"],\"points\":[{\"start\":1693,\"end\":1720,\"text\":\"DOEACC O LEVEL\\n M.S. OFFICE\"}]},{\"label\":[\"Others\"],\"points\":[{\"start\":1474,\"end\":1668,\"text\":\"Good analytical skills and flexible in work atmosphere.\\n Able to handle complex situation under process\\n Willingness to learn\\n Ability to meet deadlines\\n Every time accept the new challenges\\n\"}]},{\"label\":[\"Education\"],\"points\":[{\"start\":955,\"end\":1445,\"text\":\"Master of Finance and Control in MFC\\n\\nKhallikote Autonomous college -  Brahmapur, Orissa\\n\\n2015\\n\\nBachelor in Commerce\\n\\nBerhampur university -  Brahmapur, Orissa\\n\\n2013\\n\\nAccounting\\n\\nScience College, Hinjilicut -  Brahmapur, Orissa\\n\\n2010\\n\\nEducation\\n\\nCouncil of Higher Secondary -  Orissa, IN\\n\\n2008\\n\\nGovernment girls High school -  Hinjilikatu, Orissa\\n\\nhttps://www.indeed.com/r/Ashalata-Bisoyi/cf02125911cfb5df?isid=rex-download&ikw=download-top&co=IN\\n\\n\\nBoard of Secondary Education -  Orissa, IN\"}]},{\"label\":[\"Responsibility\"],\"points\":[{\"start\":632,\"end\":941,\"text\":\"Auditing of expense reports of the employees for all the countries and working on service portal\\n(Answering queries through email)\\n Handling the team in absence of seniors.\\n Working on Payment Rejections, export of expense reports to AP.\\n Take care of running Backlog, Having knowledge about travel advance.\"}]},{\"label\":[\"Companies\"],\"points\":[{\"start\":446,\"end\":473,\"text\":\"Oracle India Private Limited\"}]},{\"label\":[\"Skills\"],\"points\":[{\"start\":420,\"end\":612,\"text\":\"2 Year of experience with Oracle India Private Limited in expense team. My work is auditing of\\nexpense reports of employees of all the countries, handling queries through emails and calls also.\"}]},{\"label\":[\"Companies\"],\"points\":[{\"start\":365,\"end\":392,\"text\":\"Oracle India Private Limited\"}]},{\"label\":[\"Companies\"],\"points\":[{\"start\":40,\"end\":67,\"text\":\"Oracle India Private Limited\"}]}]', '123', 0, NULL, '2018-05-18 09:12:17', '2018-05-18 09:12:17');


INSERT INTO `d_hits` (`id`, `projectId`, `data`, `extras`, `status`, `evaluation`, `isGoldenHIT`, `goldenHITResultId`, `notes`, `created_timestamp`, `updated_timestamp`, `isURL`)
VALUES
  (3355456, '2c9fafb062ca71c00162cdd45c8e0008', 'Abhik Banerjee\n\n 222 Senator Place, Apt #49\nCincinnati, OH 45220 \n513-364-6591\nbanerjee.abhik@yahoo.co.in\nhttp://homepages.uc.edu/~banerjak/ \n\n\n  \nEDUCATION\n\n University of Cincinnati                                                                                                                         \nMaster of Science in  Computer Science                \n      Cincinnati,OH\n    2009 - present\n\n  \nMaintained a GPA of 4.0/4.0 throughout. \nSpecializing in Data Mining, Algorithms for finding associations in gene Network using Semantic Web techniques.\nResearch Interests: Data Mining, Algorithms, Graph Mining, Information Retrieval, MapReduce/Hadoop.\n(Publication):- \"Measuring the Degree Of Similarity Between Web Ontologies\" (Abhik Banerjee, Hareendra Munimadugu, Srinivasa Vedanarayanan and Dr. Lawrence J Mazlack) Proceedings of the 14th WSEAS International Conference on Computers, Corfu, July 23-25, 2010\n\n\n \nUTKAL UNIVERSITY (Now BPUT)\nBachelor of Engineering, Computer Science\n  \nOrissa, India\n2002-2006\n\n\n  Independently taught Computer Science course, to a freshmen class on C and Data Structure.\nHighest Aggregate score in the department for the class of 2006 (Branch Topper).\nCompleted two Web Development projects in J2EE and Oracle (build an Online bidding System and the other for an Insurance Firm.)\n\n \nEXPERIENCE\n\n  Cincinnati Childrens Hospital Medical Center BMI R &D\nStudent Researcher\n  Cincinnati,OH\n2010-Present\n\n  Used various technologies like JSP, JAVA, AJAX, JPA, JavaScript, Prototypejs, Apache Tomcat, Firebug, ORACLE 11i for the maintenance and development of additional features for the following website -\nhttp://gataca.cchmc.org/gataca/ and http://toppgene.cchmc.org\n Found hidden associations between gene ontologies and disease records using Ontologies, and then applying graph mining/Data Mining algorithms to find new associations. (These algorithms can be widely applied to any data which has been collected from various other social communities like Facebook, Twitter etc.)\n Parsed huge XML files from NCBI database for further processing and finding the associations between various genes, diseases and Pubmed Ids using XML, XSLT, XPath, XML Databases,. \n\n \nMcAfee India Center\nSoftware QA Engineer\n\n \nBangalore, India\n2008-2009\n\n   Worked as a Software QA Engineer testing the various products on a release basis, their installation, customizations, unisntallation, reinstallation, product expiry etc. \n Optimized the overall time of testing by configuring an ESXI Vmware server and ran automated scripts for testing the product builds.\n  Automated the procedure of validating the Digital Signature files using C#.Net, for each product release which was earlier out of scope and was a source of a large number of bugs.\n\n \nHCL Technologies Ltd\nSenior Test Engineer/ Software Developer\n\n  \nBangalore, India\n2006-2008\n\n Worked as a Software Developer / Senior Test Engineer developing/testing the application devised for Deutche Bank (DB) dealing in FOREX market, money market and derivative market \nTrained fellow teammates on ORACLE, and JAVA basics and advanced topics.\nOptimized the SQL and PL/SQL queries for the Development and Production Environment which reduced the delivery time by 25%.\n\n  \n  \n\n  \n\n  \n  \n\n  \n\n  \n  \n\n  \n\n  \n\n  PROFESSIONAL SKILLS\n\n Languages / Technologies:              Java, C, C++, C#.Net, Matlab\n Application Servers :                        IIS Application Server, Apache Tomcat, Java Development Server\n Web and Databases:                         XHTML, ORACLE 11i,  MySQL, ORACLE SQL Developer\n Operating Systems:             Windows , MACINTOSH OS X, UNIX/LINUX , SOLARIS\n WEB Development:            JSP, ASP.Net, HTML, XML, XHTML, PHP, Perl, JavaScript , AJAX\n Other Technology:                           Hadoop MapReduce, HDFS, Amazon AWS.\n Other Softwares:           MS Office , Eclipse , Netbeans', NULL, 'notDone', 'NONE', 0, 0, NULL, '2018-09-10 10:45:49', '2018-09-10 10:45:49', 0),
  (3355457, '2c9fafb062ca71c00162cdd45c8e0008', 'Christof Meerwald\nKingston Road tel: +44 7757 188097\nLondon, SW19 e-mail: cmeerw@cmeerw.org\nUnited Kingdom web: http://cmeerw.org\n\nNationality: Austrian Languages: German, English\n\nProfile\n\nExperienced developer (and member of the ISO C++ Standards Committee) specialising in C++ development,\nbacked by a Masters degree in Computer Science. Versed in several programming languages (C/C++, Python and\nJava) on Unix and Win32 platforms with strong experience in language parsing and static code analysis.\n\nWork Experience\n\nSenior Software Developer Programming Research Ltd. since 3/2010\n Quickly became a key member of an elite C++ team by building on previous C++ compiler imple-\n\nmentation experience.\nkey technologies used: test-driven development\n\n Key developer responsible for extending the in-house C++ parser to support C++11 features: auto\ntype specifier, decltype, scoped and strongly typed enums, inline namespaces, explicitly defaulted\nand deleted functions, explicit conversion functions, rvalue references, variadic templates, noexcept,\nalias templates, user-defined literals, inheriting constructors, range-based for loops, lamda expressions\n(including init captures and generic lambdas), uniform initialization syntax, variable templates, nullptr\nand unicode character types. Ensuring quality of implementation by testing against the boost library\nand cross-checking test-cases with gcc, clang and Visual C++.\nkey technologies used: latest C++ standard working draft together with the C++ core working group\nissues list\n\n Static code analysis for C++: Implementing new static analysis checks, ongoing maintenance and\nbug-fixing.\n\n Contributed to the development of coding standards for AUTOSAR and RePhrase.\n\n Mentoring junior developers.\n\nSenior Software Engineer Emnico Technologies Ltd./Emnico Services Ltd. 1/2008  2/2010\n Network management application development  concentrating on SMI parser, SNMP/MIB and na-\n\ntive code integration for low-level network and OS access. Designed and implemented a versatile\nframework to access MIB data by auto-generating database data-access functions from MIB module\ndefinitions.\nkey technologies used: Java + JNI, XML + XSLT, SQL, Apache Derby, SNMP, MIB/SMI, low-level\nnetwork access\n\n Developed an asynchronous TCP/IP communication server.\nkey technologies used: C++, Boost\n\n Support and continuous development of an optical network management (SONET/SDH) system in a\nUnix environment (C++ on HP-UX and Linux).\nkey technologies used: C++, CMISE, OSI\n\n Linux embedded software development.\nkey technologies used: C/C++, SNMP, Linux, Python-based code generation\n\n\n\nSenior Software Engineer Alcatel-Lucent (formerly Lucent Technologies) 12/2005  12/2007\n Worked in a global development team on telecom network management software for optical net-\n\nworks (SONET/SDH) in a Unix environment (mostly C++ on HP-UX and Linux) with a Oracle based\ndatabase backend.\nkey technologies used: CMISE, OSI, SQL\n\n Low-level architectural work: porting of the low-level networking code from HP-UX to Linux; devel-\noped a debugging memory management library to facilitate detecting and tracking down of memory\nmanagement bugs.\nkey technologies used: low-level networking API on Linux (packet sockets), accessing a programs\ncall stack, reading ELF/SOM symbol table\n\nSoftware Engineer SBS Software Ges.m.b.H., Salzburg\nfull time: 11/2001  1/2003; 2/2004  11/2005\npart time: 10/1996  6/2000; 10/2000  10/2001; 4/2003  1/2004\nsummer internships: 7/1994  8/1994; 7/1995  8/1995; 7/1996  9/1996\n\n Developed several Java/JNI libraries to access Win32 specific APIs: i.a. CEN XFS, shared access to\nthe same RS-232 port by multiple processes.\nkey technologies used: Java + JNI, C++, script-based automated code generation, multi-threading,\nWin32\n\n Worked on a J2EE application for monitoring self-service banking terminals: SNMP integration,\ndatabase maintenance scripts.\nkey technologies used: Java + J2EE, WebSphere, SNMP, DB2 SQL\n\n Prototyped a custom firmware for the Linksys WRT54G to build a cost-efficient, custom security\nappliance (firewall and VPN).\nkey technologies used: Linux, gcc cross compiler, VPN\n\n Developed a replacement for the standard Windows shell (explorer) for self-service terminals that\ntakes care of starting and monitoring application processes and prevents unauthorized access to the\noperating system desktop.\nkey technologies used: C++ using STL and Boost libraries; Win32 API for starting and monitoring\nprocesses; COM Automation for inter-process communication and JNI for the Java integration\n\n Linux server and network administration: set up a centralised directory service, firewall and VPN\n(IPsec, OpenVPN) configuration.\nkey technologies used: Linux, LDAP, Samba\n\n Developed a highly scalable TCP/IP communication server for statement printers.\nkey technologies used: C++ using STL and Boost libraries; multithreaded design using Windows\nNTs I/O completion ports for high scalability\n\nCommunity Service Lebenshilfe Salzburg, Werksttte Hallein 2/2003  1/2004\n As an alternative to Austrias compulsory military service: working with people with mental or mul-\n\ntiple handicaps.\n\nSummer Internship AT&T Laboratories Cambridge 7/2000  9/2000\n Automated and improved the omniORB regression testing suite; developed a black-box CORBA\n\nserver testing tool in Python, based on annotations in the interface definition (IDL).\n\nLinux System Administrator HTBLA Salzburg part time: 9/1997  6/2000\n\n2\n\n\n\nEducation\n10/1996  10/2001: University of Salzburg, Department of Computer Science:\n\n5-year course in Applied Computer Sciences leading to a Masters degree (Dipl.-\nIng.)\nspecialised in distributed systems and wrote Masters thesis about distributed sim-\nulation: CORBA-based Conservative Distributed Discrete Event Simulation\n\n9/1991  6/1996: HTBLA Salzburg (secondary technical school for electronics/informatics):\nMatura (A-levels) with distinction\n\nIndependent Coursework\n\n Introduction to Databases - Coursera (Jennifer Widom, Stanford)\n Cryptography - Coursera (Dan Boneh, Stanford)\n Algorithms: Design and Analysis, Part 1 - Coursera (Tim Roughgarden, Stanford)\n Heterogeneous Parallel Programming - Coursera (Wen-mei W. Hwu, UIUC)\n Algorithms: Design and Analysis, Part 2 - Coursera (Tim Roughgarden, Stanford)\n Microeconomics Principles - Coursera (Jos Vzquez-Cognet, UIUC)\n Pattern-Oriented Software Architectures for Concurrent and Networked Software - Coursera (Douglas\n\nC. Schmidt, Vanderbilt)\n\nAdditional Skills\n ISO C++ Standards Committee Member\n\n Programming in C, C++ (including STL and some Boost libraries), Python and Java (incl. JNI) with\nthe ability to quickly understand an already existing, complex code-base.\n\n Development for Linux/POSIX platforms and Win32.\n\n Strong understanding of multithreaded development (i.e. concurrency, race-conditions, contention,\nthread-local storage)\n\n Contributor to StackOverflow for linux, sockets and multithreading tagged questions.\n\n Working on a socket abstraction library for C++ similar to Boost asio, but with better multithreading\nscalability.\n\n Developed and currently running JabRSS, an RSS (RDF Site Summary) headline notification service\nfor Jabber/XMPP.\n\n Significant contributions to LoquiIM, a multi-protocol instant messaging client written entirely in\nHTML5 and JavaScript. Implemented end-to-end encryption based on the Signal Protocol.\n\n Developed a HTML5-based map application for Firefox OS.\n\n Developed a lightweight SIP forwarding server (stateless SIP proxy) as well as a lightweight exim\ngreylisting server using a SQLite backend.\n\n Past contributor to the Open Watcom C++ compiler: major improvements to the C++ front-end (i.e.\npartial template specialization and partial ordering of class templates, template functions, namespace\nsupport and general C++ standard compliance).\n\n Contributed Linux-specific epoll connection handling code to the Open Source jabberd2 XMPP server\nto improve scalability for high number of concurrent connections.\n\n Open Source advocate familiar with many widely used Open Source licences (and with a good under-\nstanding of the implications of using Open Source software in a commercial environment).\n\n Organising and leading day trips for small groups.\n\nA hyperlinked version of this CV is also available at http://cv.cmeerw.org\n\n3', NULL, 'notDone', 'NONE', 0, 0, NULL, '2018-09-10 10:45:49', '2018-09-10 10:45:49', 0),
  (3355458, '2c9fafb062ca71c00162cdd45c8e0008', 'Kurt Guntheroth\n1426 East Roy Street\nSeattle, Washington 98112\n(206) 669-9474 / k  urt@guntheroth.com \n\nStaff Software Engineer\nA career technologist with 30+ years of commercial software design experience covering many \nfull product life-cycles. Special expertise in C++ development, network protocols, optimization, \nnew product concept formation, requirements analysis, software development methodologies. I \nam a scientist, a craftsman, and a mentor.\n\nKnowledge Keywords\nSoftware Development Experience: Windows, UNIX/Linux, embedded, database, cross-platform\nand multi-target development. Event-driven, real-time, parallel, multi-threaded, multi-processor. \nLanguages: C++ (20+ years). C (10+ years), Java, Javascript, Perl, Python, shell scrips. \nDatabases: Sybase & Microsoft SQL, SAS. Markup Languages: HTML5, XML, JSON. \nDevelopment Methodologies: Scrum, Agile, traditional, ISO-9000, Test Driven Development, \nCRC cards, UML. \nNetworking: sockets, WireShark dissectors, ZeroMQ library, RTP and forward error correction, \nTCP, UDP and multicasting, ICMP raw packets, SNMP, ASN1, H.323, IEEE 488.\nKnowledge Domains: Win32, MFC, TAPI, COM, ODBC, boost, video processing, telecom, \nsecurity, ssl programming, VoIP, functional test (2 U.S. patents), compilers, PLD programming, \nIEEE-1149 & 1352.\nTechnology Development Experience: industry standards committees, defect tracking systems, \nsoftware metrics. Trained in innovation management methods; affinity analysis, idea \ngeneration, facilitating, Pareto and Ishikawa analysis, Quality Function Deployment (QFD), \nTotal Quality Management (TQM).\n\nEducation and Training\nMaster of Business Administration, Seattle University, Seattle WA: Program partially \ncompleted. Topics included marketing, statistics, operations analysis\nMaster of Science in Computer Science, University of Washington, Seattle WA:\nThesis topic was an object-oriented, distributed programming language largely anticipating Java.\nSpecial topics included languages, distributed systems, artificial intelligence, networks.\nBachelor of Science in Computer Science, University of Washington, Seattle WA: \nTopics included compilers, operating systems, algorithms, and statistics. Minor in Mathematics.\nContinuing Education: Quality Function Deployment, Total Quality Management, Innovation \nManagement, Universal Modeling Language, Software Design Patterns, CASE and Design \nMethodologies, Advanced Windows, C++, Software Test Methodologies, System Engineering, \nCadence Management Seminar, Experience-based Interviewing, ISO 9000 Internal Auditor \ntraining, C++ Template Metaprogramming, Algorithm Design, Java, Android Development, \nVideo and Audio Processing.\n\nKurt Guntheroth (kurt@guntheroth.com) page 1\n\nmailto:GuntherothK@acm.org\n\n\nEmployment History\n\nDeveloper, 2014-2015, iStreamPlanet, Redmond WA\nDeveloped video pipeline code in C++/Win32. Implemented an MPEG-2 Transport Stream RTP \nsender and RTP receiver with Forward Error Correction based on redundant data per SMTPE \n2022-1. Developed GPU-accelerated video processing pipeline code using Intel Media Library.\n\nIndependent Consultant, 2009-2014 (5 years)\nThe Great Recession was hard on senior people who were standing up when the music stopped. \nI took a number of brief 1099 and W2 positions for several clients. Here are some highlights.\n\n? C++/Win32 development for Google\'s Chrome browser under contract to Microsoft. \nAdded experimental CSS styles to Chrome, developed JavaScript/HTML5 test cases, \nworked with Google\'s ninja build system designed for the very large Chromium code \nbase.\n\n? C++/Win32 development for Pokki; a program launcher, app store, and advertising \nnetwork for Windows that also provided a Javascript programming environment. \nImproved Pokki\'s visual appearance under non-default screen settings. Measured \nperformance and improved execution times by a factor of 4x. Worked with Windows \nAssessment Toolkit to ensure compliance with OEM Windows certification standards.\n\n? Designed, implemented, and documented a proprietary wire protocol for a networked \nLED lighting product on contract to Micron Technologies of Boise; coded a Wireshark \nsniffer plugin in C for the protocol, developed a lighting network controller in \nC++/Win32/SDK that encapsulated the proprietary protocol over an asynchronous RS232\nlink, and also included a full network and lighting device emulator. \n\n? Programmed complex core network and database server components in C++/Linux for a \ndistributed database with a novel spatial indexing scheme; mentored teammates in C++, \noptimized nave C++ code, improving data ingestion rate 60%, developed and \ndocumented error handling system.\n\n? Complex network and server programming in C++ on Windows and Linux for a radio-\nover-IP product; developed Wireshark dissector plugin in C for two proprietary network \nprotocols, documented the protocols, made point-fixes to undocumented legacy code. \nWorked with RTP protocol with NAK/Resend-based Forward Error Correction.\n\n? Wrote content for a wiki on multi-threaded development; created sample applications for \nIntel\'s Atom Developers Program; developed test fixture control software in \nC/VxWidgets.\n\nDuring down time, taught myself Java and Android programming, and developed an efficient \nfixed-point math template for C++.\n\nStaff Software Engineer, 2008-2009 (6 months), Attachmate Corp., Seattle WA\nDeveloped features for a cross-platform security product based on openSSH and openSSL in C \nand C++ on Windows plus 20 UNIX and Linux variants on a variety of hardware. Analyzed \nsecurity protocols for potential weakness and recommended fixes. Laid off with my whole team \nwhen company suffered an unexpected 30% revenue shortfall going into the Great Recession.\nKurt Guntheroth (kurt@guntheroth.com) page 2\n\n\n\nStaff Software Engineer, 1999-2008 (9 years), Aubeta Networks, Seattle WA\nDeveloped server components of a distributed business management system and Computer-\nTelephony-Integration (CTI) system in C++ on Windows. Took servers from prototype to \nhighly-available production code. Developed a network monitor for Aubetas customer WAN. \nBrought professional software development methods, defect tracking, documentation, and \nrelease management to AuBetas software team. \n\n? Integrated knowledge from several sources to produce a stack traceback on Windows \nstructured exceptions to facilitate rapid debugging of infrequently recurring bugs.\n\n? Improved mean time-to-failure of server suite from 2 hours to >1000 hours through \ndebugging, refactoring, and high-availability coding techniques.\n\n? Scaled server apps over 1-2 orders of magnitude growth in transaction rate. \n\nStaff Software Engineer, 1992-1999 (7 years), Data I/O Corp., Redmond WA\nChief architect and lead on a 30 man-year software project with 10 developers. Estimated \nmanpower, schedules, development costs, and project budgets. Hired staff, did performance \nreviews. Specified software development tools. Maintained team focus on objectives. Mentored \nteam members in C++, OO design methods. Developed Win32 and embedded C++ code for two \nprojects, and maintained C code for another. Did user needs analysis and design for four projects.\n\n? Represented Data I/O on IEEE 1532 (Boundary Scan Device Programming) and EIA/JEDEC\nJESD-71 (STAPL) industry standards committees. \n\n? Developed schedule using consensus work estimates de-rated for estimated availability. \nOriginal schedule estimated code complete within two per cent.\n\n? Performed R&D for next-generation products. Developed product concepts. Made first \ncontact with customers to establish user needs. Used rapid development techniques to meet \nharsh calendar schedule. \n\n? Helped establish software development process standards for successful ISO-9001 \ncertification. ISO 9000 internal auditor.   \n\nSenior Software Engineer, 1981-1992 (11 years) Fluke Corp., Everett WA\nProgressive responsibility as software designer and lead. Developed soft real-time code in C over\nmany full product life cycles. \n\n? Designed a programming language for functional test, an object oriented editor, and an \ninstrument control program similar to HP VEE or National Instruments LabWindows. \n\n? Member of a tiger team that developed a $20M (annual revenue) business opportunity. \nReceived special innovation management training for this project. Flukes successful LAN \ntester and indoor air quality meter products were outgrowths of this work. \n\n? Developed and patented innovative methods for testing semiconductor RAM and ROM \ndevices. RAM test is 3x faster than competing algorithms and has better coverage.\n\n? Represented Fluke on SCPI instrument control standard committee. SCPI officer 2 years. \n? Personally talked the U.S. Army out of a destructive change to MIL-T-28800 COTS \n\nprocurement standard. Built consensus among industry players to oppose this change.\n? Revised and automated a build system, reducing build time from 7 days of human attention \n\nto one day. Revised build system again a year later to reduce build time to require less than \none hour of human attention.\n\n? Led a team to perform causal analysis of over 600 bugs from a large development project. \n\nKurt Guntheroth (kurt@guntheroth.com) page 3\n\n\n\nPatents and Publications\nOptimized C++, O\'Reilly, Fall 2015\nhttp://www.guntheroth.com, personal web page, 2005-present \nKurt Guntheroth\'s Old Hands Blog, http://oldhandsblog.blogspot.com, 2011-present\nFixed-Point Types for C++, in C/C++ Users Journal, 5/2005\nCustom Exception Types for C++, in C/C++ Users Journal, 2/2005\nAttacking the Causes of Software Defects, in Fluke Technical Review, 10(2), Autumn 1992\nTester-Assisted Built In Test, in Proceedings of Autotestcon, 1989\nAn Inexpensive Robot Prober, in Proceedings of ATE&I East, 1988\nTL/1: A Language for Testing and Troubleshooting, in Proceedings of ATE&I West, 1988\nRapid Prototyping Languages Considered Harmful, Fluke Technical Review 7(1), Spring 1986\nMethod of and Apparatus for Diagnosing Faults in Read-Only Memory Systems and the Like, \nU.S. Patent 4,876,684, issued 10/24/1989\nMethod of and System for Fast Functional Testing of Random Access Memories, Jacobson et. al.,\nU.S. Patent 4,715,034, issued 12/22/1987\n\nKurt Guntheroth (kurt@guntheroth.com) page 4\n\nhttp://oldhandsblog.blogspot.com/\nhttp://www.guntheroth.com/', NULL, 'notDone', 'NONE', 0, 0, NULL, '2018-09-10 10:45:49', '2018-09-10 10:45:49', 0),
  (3355459, '2c9fafb062ca71c00162cdd45c8e0008', 'Curriculum Vitae\n\nPersonalia\n\nName Sander van der Burg\nHomepage http://www.st.ewi.tudelft.nl/sander\nDate of birth 24-05-1984\nNationality Dutch\n\nPlease contact me through my homepage for full contact details.\n\nProfile\n\nI am an enthusiastic and motivated person interested in software development, exploring, investigating and\napplying unconventional techniques, free and open-source software and collaborations between various software\ncommunities.\n\nWork Experience\n\n09-08 - present PhD candidate\nDelft University of Technology\nPhD candidate at the Software Engineering Research Group\n\n Working on a PhD dissertation titled: A Reference Architecture for Dis-\ntributed Software Deployment\n\n Publishing and presenting research at international software engineering con-\nferences\n\n Developing software tools related to software deployment and domain-specific\nlanguages: NixOS, Disnix, WebDSL\n\n Teaching assistant for the Concepts of programming languages lab course,\ncovering several programming language paradigms, such as Scala (functional\nprogramming), C (low-level) and JavaScript (prototype-based object orien-\ntation).\n\n06-09 - present Visiting researcher\nKoninklijke Philips Electronics N.V.\nVisiting researcher at Philips Healthcare\n\n Applying deployment research on medical software\n\n02-08 - 08-08 Intern Healthcare Systems Architecture\nKoninklijke Philips Electronics N.V.\nMSc thesis project at the Healthcare Systems Architecture department\n\n Development of Disnix  an automatic software deployment tool for service-\noriented systems.\n\n Applying deployment techniques on an experimental medical application.\n\nhttp://www.st.ewi.tudelft.nl/~sander\n\n\n05-02 - 02-08 IT specialist\nBosman Watermanagement B.V.\nApplication development and system administration\n\n Developing a web application framework based on PHP, Apache en MySQL\nand a number of applications.\n\n Developing a Java-based fat client application framework.\n Integration of applications with an ERP system.\n Supporting system administration tasks, such as workstation installations.\n Maintaining a number of servers, such as Linux, Novell Netware and Windows\n\n2000 machines.\n\n09-03 - 02-04 and Intern Hone/Link ADM\n02-05 - 06-05 IBM Nederland N.V.\n\nInternships at the Hone/Link ADM department\n\n Developing a system measuring the usage of Java EE applications in an IBM\nzSeries mainframe environment, which is used to tax costs to various internal\norganisation deparments.\n\nEducation\n\n2008-2012 PhD Software Engineering\nDelft University of Technology\n\n Dissertation title: A Reference Architecture for Distributed Software De-\nployment\n\n Followed courses: Scientific Writing in English, The Art of Presenting Sci-\nence, Philips Informatics Infrastructure Basic training\n\n Expected defense date: Januari 2013\n\n2005-2009 Master Computer Science\nDelft University of Technology\n\n Specialisation: Software Evolution, Model-driven Software Engineering\n Free elective courses: Computer graphics, Speech and language processing,\n\nMethodology and Ethics\n Thesis project at: Koninklijke Philips Electronics N.V., department of Health-\n\ncare Systems Architecture\n Obtained diploma in 2009\n\n2001-2005 HBO Computer Science\nRotterdam University of Applied Sciences\n\n Specialisation: Software Engineering\n Free elective courses: Linux assembly, Sailing license, Visual Basic, Astron-\n\nomy\n Thesis project at: IBM Nederland N.V. Hone/Link ADM department\n Obtained diploma in 2005\n\n1996-2001 HAVO\nRSG Hoeksche Waard\n\n Languages: Dutch, English, French 1 (speech and listening skills)\n Profile: Nature & Technology (Mathematics B 1+2, Physics 1+2, Chem-\n\nistry)\n Free elective courses: Economics 1, Computer Science\n Obtained diploma in 2001\n\n\n\nPublications (selection)\n\n Sander van der Burg, Eelco Dolstra, Disnix: A toolset for distributed deployment, In Science of\nComputer Programming (SCP), Elsevier, September 2012\n\n Sander van der Burg, Eelco Dolstra, A Self-Adaptive Deployment Framework for Service-Oriented\nSystems, In 6th International Symposium on Software Engineering for Adaptive and Self-Managing\nSystems (SEAMS). Waikiki, Honolulu, Hawaii, USA, ACM, May 2011\n\n Sander van der Burg, Eelco Dolstra, Automated Deployment of a Heterogeneous Service-Oriented\nSystem, In 36th EUROMICRO Conference on Software Engineering and Advanced Applications (SEAA).\nLille, France, IEEE Computer Society, September 2010\n\n Sander van der Burg, Eelco Dolstra, Merijn de Jonge, Eelco Visser, Software Deployment in a Dy-\nnamic Cloud: From Device to Service Orientation in a Hospital Environment, In First ICSE\n2009 Workshop on Software Engineering Challenges in Cloud Computing. Vancouver, British Columbia,\nCanada, IEEE Computer Society, May 2009\n\nSoftware (selection)\n\n Disnix (http://nixos.org/disnix). A tool which can be used to automatically deploy service-oriented\nsystems in networks of machines. Disnix uses Nix for local deployment and ensures that deployment\nprocesses are reliable, efficient and reproducible. Disnix is available as free and open-source software\nunder the LGPLv2 license.\n\n NixOS (http://nixos.org). Apart from developing Disnix, I contribute to other parts of the Nix project,\nsuch as NixOS  a Linux distribution which can be installed automatically from declarative specifications\nin a reliably, reproducible and efficient way.\n\n IFF libraries project (http://www.st.ewi.tudelft.nl/sander/index.php/software/iff). A project which\nconsists of libraries and tools capable of parsing and viewing file formats using the IFF container spec-\nification, such as images, animations and samples. All software packages are available as free and\nopen-source software, such as the MIT and zlib licenses.\n\n WebDSL (http://webdsl.org). A domain-specific language which can be used to specify properties of\nvarious aspects of web applications in a declarative way. From a WebDSL a Java web application can be\ngenerated. I maintain the deployment infrastructure for these kind of applications. WebDSL is available\nas free and open-source software under the LGPLv2 license.\n\nSkills\n\nComputer platforms\n Systems: PC, IBM System Z, Amiga, Commodore 64\n GNU/Linux: Slackware, Red Hat, SuSE, Debian, Ubuntu, Linux from Scratch, NixOS\n Microsoft: MS-DOS, Windows 3.x, 95, 98, 2000, NT, ME, XP, Vista, 7\n Other: AmigaOS, Novell Netware\n\nhttp://nixos.org/disnix\nhttp://nixos.org\nhttp://www.st.ewi.tudelft.nl/~sander/index.php/software/iff\nhttp://webdsl.org\n\n\nDevelopment\n Java (applications, servlets, applets, JSP, Java2D/3D, AWT/Swing)\n C and C++ (POSIX, ANSI, GNU)\n C# (ASP.NET, WCF, Mono)\n BASIC (Quick Basic, Commodore 64 Basic, AMOS Basic, Visual Basic, Visual Basic.NET)\n Assembly: x86 (Linux and MS-DOS), Commodore 64\n Scripting: bash, Perl, PHP, Python\n Other languages: Haskell, Prolog, Scala, LaTeX\n Web development: HTML, XHTML, XML, XSL, CSS, JavaScript, RSS, SOAP, HTML DOM\n\nOther\n Object-oriented analysis and design with UML\n Project methodologies: SDM, RUP, IAD, ITIL\n Databases: MySQL, PostgreSQL, IBM DB2, Sybase ASE\n Servers: Apache HTTP server, Samba, ProFTPD, Apache Tomcat, JBoss, IBM WebSphere\n\nOther information\n\nDriving license B\nHobbies Percussion and drums\n\n\n Curriculum Vitae\n  Computer platforms\n  Development\n Other', NULL, 'notDone', 'NONE', 0, 0, NULL, '2018-09-10 10:45:49', '2018-09-10 10:45:49', 0),
  (3355460, '2c9fafb062ca71c00162cdd45c8e0008', 'Afreen Jamadar\nActive member of IIIT Committee in Third year\n\nSangli, Maharashtra - Email me on Indeed: indeed.com/r/Afreen-Jamadar/8baf379b705e37c6\n\nI wish to use my knowledge, skills and conceptual understanding to create excellent team\nenvironments and work consistently achieving organization objectives believes in taking initiative\nand work to excellence in my work.\n\nWORK EXPERIENCE\n\nActive member of IIIT Committee in Third year\n\nCisco Networking -  Kanpur, Uttar Pradesh\n\norganized by Techkriti IIT Kanpur and Azure Skynet.\nPERSONALLITY TRAITS:\n Quick learning ability\n hard working\n\nEDUCATION\n\nPG-DAC\n\nCDAC ACTS\n\n2017\n\nBachelor of Engg in Information Technology\n\nShivaji University Kolhapur -  Kolhapur, Maharashtra\n\n2016\n\nSKILLS\n\nDatabase (Less than 1 year), HTML (Less than 1 year), Linux. (Less than 1 year), MICROSOFT\nACCESS (Less than 1 year), MICROSOFT WINDOWS (Less than 1 year)\n\nADDITIONAL INFORMATION\n\nTECHNICAL SKILLS:\n\n Programming Languages: C, C++, Java, .net, php.\n Web Designing: HTML, XML\n Operating Systems: Windows [] Windows Server 2003, Linux.\n Database: MS Access, MS SQL Server 2008, Oracle 10g, MySql.\n\nhttps://www.indeed.com/r/Afreen-Jamadar/8baf379b705e37c6?isid=rex-download&ikw=download-top&co=IN', NULL, 'notDone', 'NONE', 0, 0, NULL, '2018-09-10 10:45:49', '2018-09-10 10:45:49', 0),
  (3355461, '2c9fafb062ca71c00162cdd45c8e0008', 'Akhil Yadav Polemaina\nHyderabad, Telangana - Email me on Indeed: indeed.com/r/Akhil-Yadav-Polemaina/\nf6931801c51c63b1\n\n? Senior System Engineer at Infosys with 3.2 years of experience in software development and\nMaintenance.\n? Maintained data processing using mainframe technology for multiple front end applications of\nWalmart Retail Link platform and ensured on-time deliverables.\n? Worked on automating the uses cases to reduce manual effort in solving repeating incidents\nusing Service Now orchestration.\n? Possess good analytical, logical ability and systematic approach to problem analysis, strong\ndebugging and troubleshooting skills.\n? Good exposure to Retail domain.\n\nWilling to relocate to: hyderbad, Telangana\n\nWORK EXPERIENCE\n\nSenior Systems Engineer\n\nInfosys Limited -  Hyderabad, Telangana -\n\nJanuary 2015 to Present\n\n? Working on all the Major and Minor Enhancement requests as part of Maintenance and Support\nactivities\n? Identifying and fixing all the major defects in the applications, perform root cause analysis for\nproduction issues\n? Being a subject matter expert, involved in multiple Knowledge transfer and knowledge sharing\nsessions with the client\n? Leading a peer group and taking end to end responsibilities for all the critical issues/\nenhancements.\n? Identifying the use cases which can be automated using Service Now Orchestration\n? Creating workflows to automate various tasks which involved manual intervention\n? Direct interaction with the client on various business impacting issues on a daily basis\n? Setting up Weekly Status Review meetings and Code Review meetings with the client\n\nSenior Systems Engineer\n\nInfosys Limited -  Hyderabad, Telangana -\n\nJanuary 2015 to Present\n\nTeam Size # 5\nProject Objective:\nProviding end to end Maintenance and Support activity for data processing of the most critical and\nimportant Web portal \'Retail Link\' along with over 40 applications used daily by all the Suppliers\nand Business users of Walmart, the largest retailer in the world. Retail link is a portal which hosts\n100\'s of applications developed across technologies for the suppliers which help them to carry\non day-to-day activities right from on boarding to tracking their sales. This involves supporting\n\nhttps://www.indeed.com/r/Akhil-Yadav-Polemaina/f6931801c51c63b1?isid=rex-download&ikw=download-top&co=IN\nhttps://www.indeed.com/r/Akhil-Yadav-Polemaina/f6931801c51c63b1?isid=rex-download&ikw=download-top&co=IN\n\n\nvarious Decision Support System reports which helps the higher management to take business\ncritical decisions.\n\nResponsibilities:\n? Working on all the Major and Minor Enhancement requests as part of Maintenance and Support\nactivities\n? Identifying and fixing all the major defects in the applications, perform root cause analysis for\nproduction issues\n? Being a subject matter expert, involved in multiple Knowledge transfer and knowledge sharing\nsessions with the client\n? Leading a peer group and taking end to end responsibilities for all the critical issues/\nenhancements.\n? Identifying the use cases which can be automated using Service Now Orchestration\n? Creating workflows to automate various tasks which involved manual intervention\n? Direct interaction with the client on various business impacting issues on a daily basis\n? Setting up Weekly Status Review meetings and Code Review meetings with the client\n\nEDUCATION\n\nElectrical and Electronics Engineering\n\nAnurag College of Engineering (Jntuh)\n\nSKILLS\n\nservicenow (1 year), Mainframe (3 years), cobol (3 years), Jcl (3 years), Teradata (3 years)\n\nADDITIONAL INFORMATION\n\nTechnical Skills\n Domain - Retail\n Technology - Mainframe (COBOL, JCL, DB2, Teradata), Service now.\n Operating System - Mainframe (z/OS)\n Database - DB2, SQL, Teradata.\n Utilities - FILE-AID, IDCAMS, DFSORT basics, LIBRARIAN, FTP/SFTP, CA-7 basics.\n Tools - Query Management Tool (QMF), SQL Assistant, Service now, Remedy.\n\nKey Strengths:\n? Effective Communication Skills and Zeal to learn.\n? Flexibility and Adaptability.\n? Good Leadership Qualities.\n? Analytical and Problem Solving Skills.\n\nAchievements:\n? Received STAR award for working on various system improvement and automation activities\n? Received multiple INSTA awards for my performance in the projects worked', NULL, 'notDone', 'NONE', 0, 0, NULL, '2018-09-10 10:45:49', '2018-09-10 10:45:49', 0),
  (3355463, '2c9fafb062ca71c00162cdd45c8e0008', 'Arun Elumalai\nQA Tester\n\nChennai, Tamil Nadu - Email me on Indeed: indeed.com/r/Arun-Elumalai/26575d617d50ea04\n\n 15 Months of Experience as a QA Tester in Software Testing (Mainframe)\n\n Experience in Automation, Functional, UI testing and Regression Testing.\n\n Involvement in preparation of Test scenarios, Test cases and executing the same.\n\n Defect reporting and tracking via Rational Quality Manager.\n\n Preparation of test closure reports.\n\nWORK EXPERIENCE\n\nQA Tester\n\nAccenture -\n\nNovember 2016 to March 2018\n\n Associate Software Engineer | Accenture Services Pvt Ltd | Nov 2016 to Mar 2018\n Domain: Financial Services - Payments Domain\n Application: VisionPLUS\nPROJECT PROFILE\n\nClient - First Data Corporation\nRole - QA Tester\nApplication - VisionPLUS\n\nDescription and Responsibilities\n1. Have worked in functional releases and tested across clients in the EMEA region. Performed\nsystem integration testing for new clients that came into VisionPlus.\n2. Automated manual scripts in Regression Testing and Executing the same using Selenium Web\ndriver through Sauce Labs.\n3. Performed UI Testing in First Apply and First Online\n4. Tested various functionalities of credit card life cycle like account boarding, embossing,\naccount/card transfer, replacement and reissue of cards.\n5. Tested manual and auto enrollment of offers, cashback offers.\n\nPERFORMANCE ACHIEVEMENTS\n\n Won The Rising Star Award for the year 2017\n\nEDUCATION\n\nBachelor of Engineering in Automobile Engineering\n\nhttps://www.indeed.com/r/Arun-Elumalai/26575d617d50ea04?isid=rex-download&ikw=download-top&co=IN\n\n\nSri Venkateswara College Of Engineering -  Chennai, Tamil Nadu\n\n2012 to 2016\n\nSKILLS\n\nANSYS (Less than 1 year), CATIA (Less than 1 year), CREO (Less than 1 year), PARAMETRIC\n(Less than 1 year), PYTHON (Less than 1 year), Selenium, Selenium Webdriver, Testing,\nFunctional Testing, Automation Testing, Regression Testing, Quality Assurance\n\nADDITIONAL INFORMATION\n\nTECHNICAL SKILLS\n\n Languages - Python\n\n Software/Tools - Selenium, WAF, Sauce Labs, Jenkins, Creo parametric 2.0, Catia V6, Ansys', NULL, 'notDone', 'NONE', 0, 0, NULL, '2018-09-10 10:45:49', '2018-09-10 10:45:49', 0),
  (3355464, '2c9fafb062ca71c00162cdd45c8e0008', 'Ashalata Bisoyi\nTransaction Processor - Oracle India Private Limited\n\nBengaluru, Karnataka - Email me on Indeed: indeed.com/r/Ashalata-Bisoyi/cf02125911cfb5df\n\nTo secure a position an esteem organization with good working culture that will help my career\nin the field of finance through my sincerity, hard works and skills.\n\nWORK EXPERIENCE\n\nTransaction Processor\n\nOracle India Private Limited -\n\nApril 2016 to Present\n\n2 Year of experience with Oracle India Private Limited in expense team. My work is auditing of\nexpense reports of employees of all the countries, handling queries through emails and calls also.\nJOB DESCRIPTION\n Auditing of expense reports of the employees for all the countries and working on service portal\n(Answering queries through email)\n Handling the team in absence of seniors.\n Working on Payment Rejections, export of expense reports to AP.\n Take care of running Backlog, Having knowledge about travel advance.\n\nEDUCATION\n\nMaster of Finance and Control in MFC\n\nKhallikote Autonomous college -  Brahmapur, Orissa\n\n2015\n\nBachelor in Commerce\n\nBerhampur university -  Brahmapur, Orissa\n\n2013\n\nAccounting\n\nScience College, Hinjilicut -  Brahmapur, Orissa\n\n2010\n\nEducation\n\nCouncil of Higher Secondary -  Orissa, IN\n\n2008\n\nGovernment girls High school -  Hinjilikatu, Orissa\n\nhttps://www.indeed.com/r/Ashalata-Bisoyi/cf02125911cfb5df?isid=rex-download&ikw=download-top&co=IN\n\n\nBoard of Secondary Education -  Orissa, IN\n\nADDITIONAL INFORMATION\n\n Good analytical skills and flexible in work atmosphere.\n Able to handle complex situation under process\n Willingness to learn\n Ability to meet deadlines\n Every time accept the new challenges\n\nOTHER QUALIFICATIONS\n DOEACC O LEVEL\n M.S. OFFICE', NULL, 'notDone', 'NONE', 0, 0, NULL, '2018-09-10 10:45:49', '2018-09-10 10:45:49', 0),
  (3355465, '2c9fafb062ca71c00162cdd45c8e0008', 'Ashok Kunam\nTeam Lead - Microsoft\n\n- Email me on Indeed: indeed.com/r/Ashok-Kunam/7aac8767aacf10a0\n\n Software Engineering professional with over 2.5 years of experience in development,\nenhancement, integration, implementation and maintenance of software applications using\nOracle\n Served some of the major clients such as Microsoft, Cisco, Oracle Eloqua, iTalent\n Knowledge of Operating Systems (OS) coding techniques, Internet Protocol (IP), interfaces and\nhardware subsystems, reading schematics and data sheets for components\n Expertise in Java, J2EE, hibernate, spring, PHP, Nifi, Angular JS, JavaScript, JQuery, REST Web\nservices, Jive, Lithium\n Successfully developed cloud based connectors using REST Web services and JIVE custom tiles\n& plugins\n Proficient in end-to-end implementation of various projects; including designing, development,\ncoding, debugging, analyzing the logs & implementation of software applications\n Proven skills of understanding business requirements and translating them into technical\nspecifications\n Possess interpersonal, analytical and negotiation skills with proven track record of utilizing a\nprocess-oriented approach towards the accomplishment of cost, profit, service & organizational\ngoals\n\nWORK EXPERIENCE\n\nTeam Lead\n\nMicrosoft -\n\nJuly 2017 to Present\n\n Environment: Java 1.8, Spring MVC, Hibernate, REST API Calls, Power BI desktop tool, Lithium\nBulk data API, SQL Server, Maven, Log 4j, Git, JIRA, Scrum\n Role: Team Lead\n Period: July \'17 - Till Date\n Description: Power BI deployed on Lithium Community, 7, 000 Power BI users can collaborate\nand transfer the knowledge among them. On an average 150 k activity per day in the community.\nCloud Connector is required to fetch the all the activities from the community and perform data\nmining and preserve into database as report generator format\n Highlights:\n? Provided support in the total software development life cycle of the project\n? Implemented cloud connector to read the Lithium bulk data API, parse the data and inserted\nit into SQL Server\n? Generated views as per requirements & prepared Power BI reports\n\n Organization: iTalent Corporation\n Title: MyiTalent\n Client: iTalent\n\nhttps://www.indeed.com/r/Ashok-Kunam/7aac8767aacf10a0?isid=rex-download&ikw=download-top&co=IN\n\n\n Environment: Java 1.8, PHP, REST API Calls, hibernate, Angular JS, CSS, MySQL, Maven, Log\n4j, Git, JIRA, Linux\n Role: Team Lead\n Period: July \'17 - Till Date\n Description: Instantly find and hire the right candidate for your job opening. With MyiTalent,\ncorporate human resource managers and hiring managers can now easily manage the hiring\nprocess with their recruiters. Review and select from pre-screened candidates that match your\nrequirements. Find and identify experts within your company. Browse project scope of work and\ndetails, including budget information. Collaborate with your own personal recruiter at all times.\nProvide feedback on candidates and projects\n Highlights:\n? Developed PHP Backend Services\n? Implemented ZOHO integration for jobs and candidates using REST web services\n? Created Cron Job to fetch candidates from ZOHO\n\n Organization: iTalent Corporation\n Title: CSC\n Client: Cisco\n Environment: Java 1.8, Spring MVC, Hibernate, REST API Calls, Lithium Bulk data API, MySQL,\nMaven, Log 4j, Git, JIRA, Scrum\n Role: Team Lead\n Period: July \'17 - Till Date\n Description: Migration from Drupal community to the Lithium Community which is enhanced\nwith custom cloud search using Attivio.\n Highlights:\n? Provided support in the total software development life cycle of the project\n? Implemented cloud connector to read the Lithium bulk data API, parse the data and inserted\nit into SQL Server\n? Generated views as per requirements & prepared Power BI reports\n\nEDUCATION\n\nBachelor of Technology in ECE\n\nJawaharlal Nehru Technology University -  Kakinada, Andhra Pradesh\n\n2014\n\nSKILLS\n\ndatabase (Less than 1 year), Git (Less than 1 year), Java (Less than 1 year), JIRA (Less than 1\nyear), life cycle (Less than 1 year)\n\nLINKS\n\nhttps://www.linkedin.com/in/ashok-kunam-85a845a8\n\nhttps://www.linkedin.com/in/ashok-kunam-85a845a8\n\n\nADDITIONAL INFORMATION\n\nTechnical Skills\n\n Programming Languages: Java & J2EE, PHP, Apache Nifi, SOAP Web Services, Rest Web Services,\nJackson-2\n Framework\'s: Spring, Hibernate, Junit, Mockito\n Database: MYSQL, SQL Server, Oracle\n App/Web Servers: Tomcat, Apache\n\n Operating Systems: Windows, Linux\n SKM: Lithium\n Tools: Git, JIRA, Eclipse, putty\n\nKnowledge Purview\n\n Methodologies and Principles:\n? Code Generation Tools\n? Documentation Generation\n? Inversion of Control\n? Iterative Development\n? Object Oriented Programming\n? Deployment\n? Agile\n\nProfessional Experience\n\nCore Competencies\n\n~ Requirement Gathering\n~ Deployment & Support\n~ Project Management\n~ Software Development Life Cycle\n~ Delivery Management\n~ Quality Assurance\n~ Application / Software Development\n~ Liaison & Coordination', NULL, 'notDone', 'NONE', 0, 0, NULL, '2018-09-10 10:45:49', '2018-09-10 10:45:49', 0),
  (3355466, '2c9fafb062ca71c00162cdd45c8e0008', 'Asish Ratha\nSubject matter Expert - Accenture\n\nChennai, Tamil Nadu - Email me on Indeed: indeed.com/r/Asish-Ratha/853988e0e0e236a3\n\nWORK EXPERIENCE\n\nSubject matter Expert\n\nAccenture -\n\nMarch 2012 to Present\n\nSubject matter expert\n\nEDUCATION\n\nBerhampur university, Khallikote autonomous college -  Brahmapur, Orissa\n\nSKILLS\n\nInvoice (5 years), posting. (5 years), TRAINING (4 years)\n\nADDITIONAL INFORMATION\n\nSKILLS\nInvoice processing, Team handling, new joiners training.sap posting,vendor call attend and\nresolve the issue,meet SLA tat,working with client tool.\n\nhttps://www.indeed.com/r/Asish-Ratha/853988e0e0e236a3?isid=rex-download&ikw=download-top&co=IN', NULL, 'notDone', 'NONE', 0, 0, NULL, '2018-09-10 10:45:49', '2018-09-10 10:45:49', 0),
  (3355467, '2c9fafb062ca71c00162cdd45c8e0008', 'Avin Sharma\nSenior Associate Consultant - Infosys Limited\n\nHyderabad, Telangana - Email me on Indeed: indeed.com/r/Avin-Sharma/3ad8a8b57a172613\n\nWORK EXPERIENCE\n\nSenior Associate Consultant\n\nInfosys Limited -\n\nJuly 2015 to Present\n\nWorked on Presales activities preparing Proposals, RFP\'s, preparing presentations, budgets/\nquotations based\non client requirements.\n Responsible for entire sales cycle from market research for prospective clients to final\nnegotiation & sales\nclosure.\n Worked on mapping commercials to increase the profits and resources planning/ utilization.\n Leading and coordinating a team of business analysts, developers and testers for execution\nof multiple projects.\n Developed strategies and generated business for the firm by building corporate relationships\nwith client.\n\nSenior System Engineer\n\nInfosys Limited -\n\nAugust 2008 to April 2013\n\nWorked as a quality analyst for client; performed system testing for their customer web portal\nhaving modules\nlike Dashboard, Billing, Shop, Payments, Login etc.\n Led a team of three system engineers; identified competency gap and conducted knowledge\nsharing sessions\nfor new team members.\n Communicated with the client team members on frequent basis for understanding their issues\nand bringing\naction items to closure.\n Independently handled the responsibility for designing manual test cases and executing them.\n Worked on client\'s merger Integration application as a Developer which involved migration from\nlower framework\nto higher framework.\n Responsible for migrating the part of application developed in dot net from lower version to\nhigher version.\n Developed the internal portals on Dot Net platform for Infosys team members.\n Completed the assigned tasks as per the timelines and ensured that the given tasks are\ncompleted with compliance to the benchmarks.\n\nhttps://www.indeed.com/r/Avin-Sharma/3ad8a8b57a172613?isid=rex-download&ikw=download-top&co=IN\n\n\n Received STAR Certification for showcasing outstanding Soft Skills on \'Business & interpersonal\ncommunication\nfor Client delight.\n\nGuru Nanak Dev University\n\nAmritsar, Punjab -\n\nJuly 2004 to June 2008\n\nEDUCATION\n\nGreat Lakes Institute of Management -  Chennai, Tamil Nadu\n\nApril 2014 to April 2015\n\nSKILLS\n\nRequirement Analysis (Less than 1 year), Sales support (Less than 1 year), Test Planning (Less\nthan 1 year)\n\nADDITIONAL INFORMATION\n\nSkills\nBid management, Sales support, Requirement Analysis, Test Planning and Test execution', NULL, 'notDone', 'NONE', 0, 0, NULL, '2018-09-10 10:45:49', '2018-09-10 10:45:49', 0),
  (3355468, '2c9fafb062ca71c00162cdd45c8e0008', 'Ayesha B\nTeam member - Oracle\n\nBangalore, Karnataka - Email me on Indeed: indeed.com/r/Ayesha-B/b2985be284dee3d6\n\nSeeking a position to utilise my skills and abilities in the industry that offers professional growth\nwhile being innovative, flexible and also to explore myself and utilise my potential to the growth\nof the company.\n\nWORK EXPERIENCE\n\nTeam member\n\nOracle -  Bangalore, Karnataka -\n\nAugust 2012 to Present\n\nNature of duties:\n\n Developed and deployed Oracle forms in FLEXCUBE CORPORATE.\n- I have developed Oracle Forms and deployed the same in application server, which is used as\nfront end by the bank users.\n Necessary coding changes of project are done in PL/SQL developer.\n- Necessary Procedures and Functions are defined as part of the project.\n Was part of Internal Unit Testing and Unit Testing.\n- I have prepared Test cases for forms and tested the same and was part of Internal Unit Testing.\n Documentation.\n- I have prepared Functional Specification, Desgin Specification and Project specification\ndocumentation.\n Installed and worked on FLEXML.\n Exported and Imported schemas.\n\nEDUCATION\n\nB.E. in CSE\n\nAtria Institute of Technology -  Bangalore, Karnataka\n\n2012\n\nPre University Education -  Bangalore, Karnataka\n\n2008\n\nC.B.S.E.\n\nSindhi High School -  Bangalore, Karnataka\n\n2006\n\nhttps://www.indeed.com/r/Ayesha-B/b2985be284dee3d6?isid=rex-download&ikw=download-top&co=IN\n\n\nADDITIONAL INFORMATION\n\nSOFT SKILLS\n\n* Sincere and Hardworking in nature\n* Highly Dedicated towards work\n\n* Efficient Individual and Team Player\n* Goal Oriented & Self Motivated\n\nIT Literacy', NULL, 'notDone', 'NONE', 0, 0, NULL, '2018-09-10 10:45:49', '2018-09-10 10:45:49', 0),
  (3355469, '2c9fafb062ca71c00162cdd45c8e0008', 'Ayushi Srivastava\nSenior Analyst - Cisco\n\nNew Delhi, Delhi - Email me on Indeed: indeed.com/r/Ayushi-Srivastava/2bf1c4b058984738\n\nIT Professional with an experience of 1year and 10 months (22 months) . I am looking forward to\nwork in a competitive environment and enhance my skills of networking and work towards the\ngrowth of the organization.\n\nWilling to relocate: Anywhere\n\nWORK EXPERIENCE\n\nSenior Analyst\n\nCisco -\n\n2016 to Present\n\nWorking in the network Voip team as a tier2 engineer.\nCCNA Certified.\nKnowledge of PBx, telephone issue troubleshooting.\nPerform troubleshooting on all endpoints and have direct interaction with customers\nManaging all the Cisco, Tandberg and Polycom telepresence endpoints.\nWorking on TMS (Telepresence Management Suit), VCS (Video communication Server) and CUCM\n(Cisco unified call manager)\nHaving knowledge about network protocols like SIP, SCCP and H.323.\nExperience of configuration and troubleshooting Cisco routers and switches.\nExperience of using RTMT tool for monitoring of CUCM and taking logs.\n\nEDUCATION\n\nB.Tech\n\nHMR Institute of Technology and Management in Electronics and Communication\n\n2012 to 2016\n\nSenior Secondary\n\n2012\n\nSumermal Jain Public School\n\n2010\n\nSKILLS\n\nCSS (Less than 1 year), DHCP (Less than 1 year), HSRP. (Less than 1 year), routing protocols.\n(Less than 1 year), Voip (2 years)\n\nhttps://www.indeed.com/r/Ayushi-Srivastava/2bf1c4b058984738?isid=rex-download&ikw=download-top&co=IN\n\n\nADDITIONAL INFORMATION\n\nTECHNICAL KNOWLEDGE\n Have knowledge of configuration of routers, switches, routing protocols.\n Knowledge of cucm including Call Search Space (CSS), Partitions and device registration.\n Knowledge of VLAN, port-securities, STP, ACL and protocols including HSRP.\n Knowledge of Subnetting, VLAN Tagging, DHCP\n\nAREA OF INTEREST\n Work in the networks team and explore more in VoIP domain.\n Gaining more knowledge about CUCM, routers and switching.\n Gain more experience on managing the gateways.\n\nKEY STRENGTHS\n Adaptive towards location changes.\n Determination to work hard and learn new technologies.\n Open to work in any shift.', NULL, 'notDone', 'NONE', 0, 0, NULL, '2018-09-10 10:45:49', '2018-09-10 10:45:49', 0),
  (3355470, '2c9fafb062ca71c00162cdd45c8e0008', 'Darshan G.\nFinancial Analyst - Oracle\n\nBengaluru, Karnataka - Email me on Indeed: indeed.com/r/Darshan-G/025a61a82c6a8c5a\n\nHard worker, Patience and Good commitment.\n\nI here by declare that the above-furnished details are true up to my knowledge.\n\nPlace: Bangalore (Darshan M G)\nDate: Signature\n\nWORK EXPERIENCE\n\nFinancial Analyst\n\nOracle -\n\nJune 2015 to Present\n\nRoles and responsibilities:\n\n Auditing. (As per T & E claims)\n Catalogues (Export & import activity)\n Payment validation.\n Fall back audits.\n Manual expenses (Inactive employees)\n Handing queries. (E-mails)\n Invoice processing\n Handing payment queries.\n Fringe benefit tax.\n\nCarrier Achievements;\n Received Numerous Monthly and Quarterly awards for completing assigned task on time.\n Received numerous appreciation emails from Vendors for making On Time Payment.\n Received appreciations emails from Supervisor for knowing End-to-End process and first point\nof contact person for any escalation.\n Submitted Innovative ideas to improve the process efficiency and nominated for Internal Award.\n\nProcess associate\n\nAccenture -\n\nFebruary 2014 to May 2015\n\nRoles & Responsibility;\n Invoice backlog.\n Overall hold summary.\n Payment rejections.\n Requiting backlog report.\n\nhttps://www.indeed.com/r/Darshan-G/025a61a82c6a8c5a?isid=rex-download&ikw=download-top&co=IN\n\n\n PO stuck.\n Expense hold.\n Bank details invalid.\n Schedule payment hold.\n Work flow.\n Daily report status.\n Dash board update\n\nEDUCATION\n\nMBA in Finance\n\nAdhichunchanagiri Institute Of Technology -  Chikmagalur, Karnataka\n\n2013\n\nB B M in Education\n\nI D S G GOVT. College -  Chikmagalur, Karnataka\n\n2010\n\nUniversity / Board\n\nSKILLS\n\nExcel (Less than 1 year), MS Excel (Less than 1 year), Tally (Less than 1 year)\n\nADDITIONAL INFORMATION\n\nTechnical Skills: Oracle application (Rx11) & Cloud application.\n\nComputer skills: MS Excel, Tally\n\nProject:\n\nProject Title: Education loan scheme in credited system.\nCompany name: Corporation bank, Bangalore\nTeam size: 1', NULL, 'notDone', 'NONE', 0, 0, NULL, '2018-09-10 10:45:49', '2018-09-10 10:45:49', 0),
  (3355471, '2c9fafb062ca71c00162cdd45c8e0008', 'Dhanushkodi Raj\nTechnology Analyst - Infosys Limited\n\nChennai, Tamil Nadu - Email me on Indeed: indeed.com/r/Dhanushkodi-Raj/cf31bbac6c5a5d29\n\nA highly competent and results oriented Senior Automation Test Analyst with 9+ years of\nexperience in Software Testing, Selenium Automation, Development, JAVA web projects, Team\nleading & training, Client facing. Proven ability in Selenium WebDriver Automated testing &\nFrameworks, Page Objects & Hybrid Frameworks, TDD, Gherkin language (BDD), Web testing,\nFunctional testing, Performance & Load testing. Excellent experience in each phase of Test\nLife Cycle, Test strategies & Test plans, UAT. Solid experience of Software Development Life\nCycles, Selenium WebDriver, Cucumber, JAVA, JUnit, Web Applications, JIRA, Maven, SQL, AGILE\nMethodologies, Scrum, LoadRunner, E-commerce/Financial domains, Automation & Testing tools.\n\n Excellent experience in automation of Web-based, Highly transactional and large Client/Server/\nMulti-tier applications\n Proven ability in writing Selenium Webdriver using JAVA, TestNG, JUnit, and Leading JAVA projects\nautomation\n Expertise on Manual testing of the applications\n Solid experience on Selenium using Cucumber automation\n Solid experience of AGILE Methodologies, AGILE Manifesto and Scrum processes\n Solid experience of Defect/Test Management tools like JIRA, QualityCenter.\n Proven skills in SQL, RDBMS and UNIX variant like LINUX\n Expertise in writing SQL Queries, SQL Scripts and performing Database testing\n Proven skills in Leading and training teams, Test Management and Meeting the deadlines\n Strong communication & interaction with Clients, Developers, Business Analysts, Management\n Strong experience of E-commerce, Financial, Banking, Insurance, Trading and Telecom domains\n Proven ability in Windows/UNIX Commands, Scripts and testing on Windows/UNIX platforms\n Proven ability in Working individually or as a part of team, Problem solving, Process\nimprovement activities, Analytical skills, Reporting and Assisting to Manager\n\nWORK EXPERIENCE\n\nTechnology Analyst\n\nInfosys Limited -\n\nJune 2015 to Present\n\nProject: Video Banking testing and Web Application testing for Barclays Bank\nBarclays Bank is one of the leading banks in the UK. Video Banking feature Barclays Video Banking\nlets you have a secure, confidential conversation with us. It\'s a convenient alternative to visiting\na branch. Talk about account services; Ask mortgage-related questions; Have appointments with\nyour Relationship Manager.\nAchievements:\n Won Barclays Best Agile award for the year 2016\n Saved 30% time and cost of testing by automation using Selenium WebDriver, JAVA, Cucumber\n Increased productivity by 20% by effectively training, leading and managing the AGILE\nautomation team\n\nhttps://www.indeed.com/r/Dhanushkodi-Raj/cf31bbac6c5a5d29?isid=rex-download&ikw=download-top&co=IN\n\n\n Achieved customer satisfaction and high quality by effective Automation testing, AGILE\nProcesses\nResponsibilities:\n Implemented automation using Selenium WebDriver, JAVA, Cucumber, Maven.\n Extensively automated regression and functional test suites by developing over 237 test cases,\n6 test suites using Selenium WebDriver, JAVA, JUnit.\n Implemented Page Objects framework, Hybrid framework and 21 Page classes from scratch to\nrepresent web pages.\n Developed Data Driven frameworks to retrieve test actions, test data from Excel files and SQL\nDatabases.\n Configured Maven for JAVA automation projects and developed Maven project object model\n(POM)\n Developed BDD tests using Cucumber by writing behaviours and step definitions. Developed\nrequired Selenium support code in JAVA for Cucumber.\n Wrote SQL queries extensively, queried database and generated test reports. Performed\nPurchase Orders Database testing by developing 14 SQL scripts.\n Performed Defect Tracking & Management in JIRA. Generated automated daily reports using\nJIRA API.\n Worked in a highly dynamic AGILE environment and participated in scrum and sprint meetings\n Assisted Manager by providing automation strategies, Selenium/Cucumber Automation and\nJIRA reports.\n Identified weaknesses in QA Processes, Web testing, Selenium Automation. Suggested &\nimplemented improvements.\n\nTools/Environments: Selenium WebDriver, Maven, JAVA, TestNG, JIRA, HP QualityCenter,\nConfluence page, SQL, Oracle\n\nTechnology Analyst\n\nInfosys Limited -  Chennai, Tamil Nadu -\n\nJanuary 2013 to June 2015\n\nProject: Automation on Web Application for PGE project\nWith the implementation of the new platform we did not see the uplift in call containment that\nwas expected. Over the course of the year following deployment, several changes were made\nin an attempt to improve the containment rate. Based on the analysis done during this time we\ndetermined that moving away from the natural language speech platform and back to a directed\ndialog menu structure would get us back on\nAchievements:\n Saved 20% of testing budget by automating Regression/Functional tests using Selenium\nWebDriver & Java\nResponsibilities:\n Automated System testing for trading transactions, exchange operations and payment methods\nusing Selenium WebDriver, Java.\n Developed, executed and maintained over 182 Selenium automation scripts for trading web\napplication.\n Developed Hybrid automation framework Java by using Page Objects framework, Data Driven\nframeworks. Automated running smoke tests and build report generator for daily builds.\n Developed 7 Java class libraries, 16 JUnit test scripts to test XML build data files.\n\n\n\n Performed Load and Stress testing by developing LoadRunner scripts to find out effective Web/\nApp server configurations for best performance levels.\n Extensively performed Database testing using Selenium. Generated Production DB reports\nusing SQL queries.\n Provided different build reports, Selenium automation reports, Performance testing reports to\nSenior Management.\n Worked effectively with Developers, AGILE Team, Project Management to achieve Selenium\nautomation, high quality, release deadlines and QA processes improvements.\n\nTools/Environments: Selenium WebDriver, JAVA, Junit, Maven, JIRA, HP QualityCenter, MySQL\n\nSoftware QA Engineer\n\nInfosys Limited -  Chennai, Tamil Nadu -\n\nJune 2012 to December 2012\n\nProject: Corporate e-banking system is a comprehensive corporate and small business banking\nsolution providing a single unified view of the corporate banking relationships across asset and\nliability products, limits, trade finance and cash management. Corporate customers of the bank\ngain the flexibility to view details of each account, capability to make Inter-bank and Intra-bank\npayments, access to trade finance information and transactions, and the ability to perform cash\nmanagement activities. This also supports comprehensive authorization workflow, Transaction\nLimits, Electronic Invoice Presentment and Payment (EIPP) and Corporate Administration.\n\nIt is also highly secure and provides support for different authentication mechanisms\nResponsibilities:\n Involved in Automation Test Plan Preparation.\n Test Design Based on the Use Case Specifications.\n Generating Test Scenarios, Test case documentation and test data collection.\n Involved in Tests Execution and Reporting Defects Using Sun-Tracker.\n Responsible for GUI, Functional and System Testing.\n Involved in Compatibility Testing.\n Performed Database Testing using SQL in order to check the Data Validation and Data Integrity.\n Involved Peer reviews (Test Design)\n Clear look on updating concepts and finding defects, sending it with suggestions.\n\nTools/Environments: Java, Jboss, Oracle and Win2008, SunTracker\n\nSoftware QA Engineer\n\nInfosys Limited -  Chennai, Tamil Nadu -\n\nOctober 2010 to May 2012\n\nProject: Alert messaging is the process of reliably and securely circulating messages associated\nwith an event to interested users. Due to the growth of Information Technology (IT) and\ntelecommunications sectors in the recent past, the dissemination of alert messages has become\nprompt and easier.\nSince the existing business environment faces the challenge of reaching increasingly segmented\nmarkets, the design, delivery, and analysis of business communications needs to be tightly\n\n\n\nintegrated across multiple alert notification channels. Telecommunication channels through\nwhich subscribers can receive alert messages may include email, fax, text messaging, instant\nmessaging, broadband network and the like. Due to myriad software applications implemented by\nbusinesses and the vast demographics of customers, it may become necessary to segment alert\nmessages so that the messages can be sent through channels based on business needs as well\nas customer preferences. Further, in order to maintain strong customer relationships, businesses\nneed to time the messages precisely. This brief illustrates how Alert Notification System (IANS)\ncan help organization leverage existing infrastructure to better service their customers.\n\nAchievements:\n Won a performance certificates and given a bonus for outstanding performance\n Received Onsite opportunity for supporting the production and DR environment at Saudi Arabia\n\nResponsibilities:\n Manual testing of the application, Single Point of contact for two of the clients.\n Understood and prepared functional testcases for SMS Inbound with the provided requirements.\n Completed the testbed setup and Functional Testing of the Inbound SMS.\n Written two Jsps and two servlets for storing and retrieving the data from DB. Implemented the\nstoring and retrieving of Data from DB in Struts concept\n Successfully completed the testbed setup for all the Virtual machines allocated for the project.\nHelped the team for functional and performance testing.\n Involved in Performance testing with 3 Virtual Machines setup using Jmeter (Distributed testing)\n Developed the ANS Management console using Grails and Groovy.\n Worked effectively in the development of 6 modules using Grails and Groovy.\n\nTools/Environments: Java, Servlets, Jsps, Grails and Groovy, Manual Testing using Soap UI, Jmeter,\nPerformance testing.\n\nSoftware Test Analyst\n\nInfosys Limited -  Chennai, Tamil Nadu -\n\nJanuary 2009 to October 2010\n\nProject: PoPs (Purchase order processing System) facilitates the function of buying materials /\ncomponents / products / raw materials at economical cost in a timely manner. This will have\nbroad functionalities of request handling, obtaining quotations including comparison, placing\npurchase orders and follow-up of purchase orders for timely deliveries, supplier information,\nvendor wise supply analysis, and purchase payments. This covers all type of Enquiry, Quotations,\nComparisons, and Approval of Purchase order. Sending PO to Supplier, maintaining Bills.\nResponsibilities:\n Understanding the Business Requirement Specifications.\n Designing Test Cases, Execution of the test cases and reporting the bugs.\n Conducted Functional testing with Valid and Invalid inputs for positive and negative testing.\n Communicates with Functional Analyst on any issue clarifications.\n Preparing Defect report as per severity and priority Active participation in Bug triage meetings.\n Modifying the Tests and Conducting Regression Testing.\n Participation in Test Closure activities.\n\nTools/Environments: VB.NET, SQL Server and Windows2008, Bugzilla\n\n\n\nEDUCATION\n\nBachelor\'s in Computer Science\n\nSri Venkateshwara College of Engineering -  Chennai, Tamil Nadu\n\n2004 to 2008\n\nSKILLS\n\nTESTING (9 years), JAVA (3 years), JUNIT (2 years), ORACLE (2 years), API (1 year)\n\nLINKS\n\nhttps://www.linkedin.com/in/dhanushkodi-raj-a190a0155\n\nADDITIONAL INFORMATION\n\nTECHNICAL SKILLS\nAutomation Testing Tools: Selenium WebDriver, Cucumber, Maven, Jenkins, Cyara\nLanguages/Frameworks: JAVA, Data Driven, Hybrid, Page Object model, SOAP UI, JUnit, TestNG\n(TDD), Gherkin language (BDD), Cucumber, Log 4j\nDefect Tracking Tools: JIRA, HP ALM\nAPI Webservices Automation Skills: SOAP, REST, HttpClient, SOAP UI, XML, Jmeter, Postman\nTest Management Tools: HP ALM, Confluence page\nRDBMS: MySQL, Oracle, Mongo DB\nSource Control Management: SVN, GIT\nOperating Systems: Windows\nDomain Knowledge: E-commerce, Financial, Banking, Telecom, Billing\n\nhttps://www.linkedin.com/in/dhanushkodi-raj-a190a0155', NULL, 'notDone', 'NONE', 0, 0, NULL, '2018-09-10 10:45:49', '2018-09-10 10:45:49', 0),
  (3355472, '2c9fafb062ca71c00162cdd45c8e0008', 'Govardhana K\nSenior Software Engineer\n\nBengaluru, Karnataka, Karnataka - Email me on Indeed: indeed.com/r/Govardhana-K/\nb2de315d95905b68\n\nTotal IT experience 5 Years 6 Months\nCloud Lending Solutions INC 4 Month  Salesforce Developer\nOracle 5 Years 2 Month  Core Java Developer\nLanguages Core Java, Go Lang\nOracle PL-SQL programming,\nSales Force Developer with APEX.\n\nDesignations & Promotions\n\nWilling to relocate: Anywhere\n\nWORK EXPERIENCE\n\nSenior Software Engineer\n\nCloud Lending Solutions -  Bangalore, Karnataka -\n\nJanuary 2018 to Present\n\nPresent\n\nSenior Consultant\n\nOracle -  Bangalore, Karnataka -\n\nNovember 2016 to December 2017\n\nStaff Consultant\n\nOracle -  Bangalore, Karnataka -\n\nJanuary 2014 to October 2016\n\nAssociate Consultant\n\nOracle -  Bangalore, Karnataka -\n\nNovember 2012 to December 2013\n\nEDUCATION\n\nB.E in Computer Science Engineering\n\nAdithya Institute of Technology -  Tamil Nadu\n\nSeptember 2008 to June 2012\n\nhttps://www.indeed.com/r/Govardhana-K/b2de315d95905b68?isid=rex-download&ikw=download-top&co=IN\nhttps://www.indeed.com/r/Govardhana-K/b2de315d95905b68?isid=rex-download&ikw=download-top&co=IN\n\n\nSKILLS\n\nAPEX. (Less than 1 year), Data Structures (3 years), FLEXCUBE (5 years), Oracle (5 years),\nAlgorithms (3 years)\n\nLINKS\n\nhttps://www.linkedin.com/in/govardhana-k-61024944/\n\nADDITIONAL INFORMATION\n\nTechnical Proficiency:\n\nLanguages: Core Java, Go Lang, Data Structures & Algorithms, Oracle\nPL-SQL programming, Sales Force with APEX.\nTools: RADTool, Jdeveloper, NetBeans, Eclipse, SQL developer,\nPL/SQL Developer, WinSCP, Putty\nWeb Technologies: JavaScript, XML, HTML, Webservice\n\nOperating Systems: Linux, Windows\nVersion control system SVN & Git-Hub\nDatabases: Oracle\nMiddleware: Web logic, OC4J\nProduct FLEXCUBE: Oracle FLEXCUBE Versions 10.x, 11.x and 12.x\n\nhttps://www.linkedin.com/in/govardhana-k-61024944/', NULL, 'notDone', 'NONE', 0, 0, NULL, '2018-09-10 10:45:49', '2018-09-10 10:45:49', 0),
  (3355473, '2c9fafb062ca71c00162cdd45c8e0008', 'Hartej Kathuria\nData Analyst Intern - Oracle Retail\n\nBengaluru, Karnataka - Email me on Indeed: indeed.com/r/Hartej-Kathuria/04181c5962a4af19\n\nWilling to relocate to: Delhi - Bangalore, Karnataka - Gurgaon, Haryana\n\nWORK EXPERIENCE\n\nData Analyst Intern\n\nOracle Retail -  Bengaluru, Karnataka -\n\nJune 2017 to Present\n\nJob Responsibilities:\no As an intern part of the Global Retail Insights team at Oracle Retail,\nwork involved creating a data oriented buisness case based using high\nlevel trends for various retailers using Excel and SQL.\no Forecasting Sales with use of various statistical Modelling Methods\nusing SQL and R\no Market Basket Analysis using transactional data of retailers using SQL and R\n\nEDUCATION\n\nStatistics and Probability\n\nManipal University\n\nMay 2018\n\nB. Tech in Electrical and Electronics in Embedded Systems\n\nMIT, Manipal University\n\nMay 2016\n\nSKILLS\n\nPython (2 years), SQL. (1 year), NOSQL (1 year), R (2 years), Machine Learning (2 years)\n\nPUBLICATIONS\n\nPost-operative life expectancy in lung cancer patients\n\nThe objective of the project was to build an efficient predictive model based\non a predefined dataset to predict whether the patient survives or dies within one year of the\noperation. The dataset given has 17 variables: 12 nominal, 2 ordinal and 3 numerical. The target\nvariable has value true if the patient dies within one year of the operation else false if he survives.\nTool used: R\n\nhttps://www.indeed.com/r/Hartej-Kathuria/04181c5962a4af19?isid=rex-download&ikw=download-top&co=IN\n\n\nPredict the Happiness (Sentimental Analysis)\n\nThe objective of this project was to build a binary classifcation model for the data provided by\nTripAdvisor consisiting of a sample of hotel reviews provided by customers.The model built can\nbe used by them to understand the hotels\nlisted by them.Tool Used: R\n\nPredict Network attacks\n\nThe objective of this project was to build a multi-class classification model to predict the type of\nattack for an internet network company in Japan which has\nbeen facing huge losses due to malicious server attacks.The train dataset has\n18 numerical features and 23 categorical features.The target variable has\nthree classes.Tool Used: Python\n\nADDITIONAL INFORMATION\n\nTECHNICAL SKILLSET\n\n Languages & Technologies: Python, R, SQL, NoSQL, Predictive Modelling,\nMarket Basket Analysis, Sentimental Analysis, Clustering, Bash\nScripting (Preliminary), Socket Programming, Java (Preliminary)\n\n Tools: R Studio, Jupyter, GIT, Sublime, MATLAB, Linux, KVM, Virtual Box,\nOpen VZ, Oracle SQL Developer, MySQL, MongoDB, Excel', NULL, 'notDone', 'NONE', 0, 0, NULL, '2018-09-10 10:45:49', '2018-09-10 10:45:49', 0),
  (3355474, '2c9fafb062ca71c00162cdd45c8e0008', 'Jyotirbindu Patnaik\nAssociate consultant@SAP labs , Bangalore Karnataka\n\nBengaluru, Karnataka - Email me on Indeed: indeed.com/r/Jyotirbindu-\nPatnaik/77e3ceda47fbb7e4\n\n-\nExperienced incident and change coordinator and strongly skilled and dedicated ITIL Expert with\na superior work ethic and management satisfaction record. Widely and deeply knowledgeable\nin all aspects of ITIL management and coordination. Adept multitasker able to deal a very high\npriority complex situations with accuracy and professionalism.\n\nWilling to relocate to: Bangalore, Karnataka\n\nWORK EXPERIENCE\n\nAssociate consultant\n\nSap labs\n\nIncident and change management coordinator,\ndealing with the escalation process of company products.\nNotifying the customer as well as stake holders regarding the on going issue as well as helping\nproblem management team to provide RCA.\n\nAssociate consultant\n\nSap labs\n\n-\nJoining date from: January 25, 2017\nDesignation: Associate Consultant\nCompany: SAP on the payroll of Bristlecone India LTD.\n\nRoles and responsibilities: -\nIncident Coordinator:\n1. Following the escalation process and handling the high priority incidents by initiating the\ntroubleshooting call and driving the entire call till the issue gets resolve.\n2. Capturing the entire chronological order to provide the RCA for the unplanned downtimes.\n3. As an incident coordinator, I was informing the internal stakeholders regarding the unplanned\ndowntimes/high priority issue by sending the notifications periodically.\n4. Post handling the issue we were updating the MTTR and monthly outage tracker to have a\nclear records of unplanned downtimes.\n5. Monitoring the tools like Catchpoint, Pingdom, CSS for quick find of availability alerts and trying\nto troubleshoot by initial analysis ASAP.\n6. Preparing the documents for all the new process and update it as per its new changes.\n7. Providing the reports (KPI/Availability/IRT-MPT) on weekly and monthly basis to the\nmanagement to minimize the number incidents.\n8. I was analyzing regarding the number of incidents and alerts received, and providing the entire\ncaptured details to management for further process to reduce the incidents and alerts.\n\nhttps://www.indeed.com/r/Jyotirbindu-Patnaik/77e3ceda47fbb7e4?isid=rex-download&ikw=download-top&co=IN\nhttps://www.indeed.com/r/Jyotirbindu-Patnaik/77e3ceda47fbb7e4?isid=rex-download&ikw=download-top&co=IN\n\n\nChange Coordinator:\n9. As a change, Coordinator was handling the Entire change management process and validating\nthe Change requests to get the CAB approvals.\n10. Providing the KPI report for the change process.\n11. Driving the CAB meeting and KPI meeting.\n\nProjects: -\nI was working for \"Cloud for customer\" and \"Business by design\" project in SAP.\n\nAchievements: -\n1. I have received management appreciation note for handling the change management process\nin a proficient way.\n2. Team Lead appreciated for maintaining the documents and PPT\'s as updated.\n\nEDUCATION\n\nB. Tech in Electronics and Communication\n\nBiju Patnaik University -  Rayagada, Orissa\n\n2016\n\nSKILLS\n\nITIL foundation', NULL, 'notDone', 'NONE', 0, 0, NULL, '2018-09-10 10:45:49', '2018-09-10 10:45:49', 0),
  (3355475, '2c9fafb062ca71c00162cdd45c8e0008', 'Kartik Sharma\nSystems Engineer - Infosys Ltd\n\nDelhi, Delhi - Email me on Indeed: indeed.com/r/Kartik-Sharma/cc7951fd7809f35e\n\n? Qualified B.Tech in Information Technology with 2.5 years overall and 2 years\' experience in\nSAP Security, Project Management and Software Support.\n? Currently spearheading as Senior Systems Engineer with Infosys Ltd Pune, well versed in\nAnalysis, Test and Support activities.\n? Proficient in handling various projects and managing project risks. Possess up to date\nknowledge of latest technological advancements, regulations and statutory compliances in the\nindustry.\n? Instrumental in building relations with upper level decision makers, seizing control of critical\nproblem areas and delivering on client commitments.\n\nPROJECT ANNEXURE:\n\nProject Name: RB (Reckitt Benckiser)\nDuration: Since April \'16\nRole: SAP Security Consultant\nResponsibilities:\n? Technical analyst for sap security in production and non-production environments.\n? Worked with Security related tables such as AGR*, USR* etc.\n? Performed User comparison using PFCG.\n? Analysing user access issues using SU53 and system trace (ST01)\n? Role changes done using PFCG as per the change request received.\n? Mass user changes using SHDB, LSMW, SU10.\n? Control Firefighter access in GRC10.1.\n? Handling/Creating Solman CR as per Business requirement.\n? Working on tool Service-Now for User/Business/Technical support.\n\nPROJECT KEY RESULT AREAS:\n\n? Extensive working knowledge in SAP ECC 6.0, SAP R/3 Enterprise GRC 10.1.\n? Expertise in Role Administration, PFCG, User reports, Authorization objects.\n? Expertise in Risk Analysis, Mitigation and Remediation.\n? Utilize SU24 to enable/disable security checks\n? Granting privileged and compensatory controls, providing access in controlled environment\nusing Fire-fighter id.\n? Troubleshoot security/authorization using SU53, ST01 and SUIM.\n? Restrict table access through authorization groups.\n? Ticket handling-related to various issues ranging from user expiration to missing\nauthorizations.\n? Addition, Removal of transaction codes, authorizations, authorization objects by modifying\nexisting roles based upon change request.\n? Supporting Site Go-Lives.\n\nWilling to relocate to: Delhi - Noida, Uttar Pradesh - Gurgaon, Haryana\n\nhttps://www.indeed.com/r/Kartik-Sharma/cc7951fd7809f35e?isid=rex-download&ikw=download-top&co=IN\n\n\nWORK EXPERIENCE\n\nSystems Engineer\n\nInfosys Ltd -  Delhi, Delhi -\n\nMarch 2016 to Present\n\nas a management trainee.\n Worked with \'AVS InfoTech\' as a part-time employee.\n Guided students in Science, Math and C++ for 4 years.\n\nTECHNICAL SKILL SET\n\nSAP Systems: SAP ECC 6.0.\nProduct Tools: GRC 10.1\nDatabase: Oracle, SQL, RDBMS.\n\nSenior Systems engineer\n\nInfosys Limited -\n\nSeptember 2015 to Present\n\nWorking as SAP SECURITY consultant in a client project with Infosys\n\nEDUCATION\n\nB.Tech in Engineering\n\nNorthern India engineering college, IP UNIVERSITY DELHI\n\n2015\n\nCBSE\n\nLovely Public Sr. Sec. School\n\n2011\n\nCBSE\n\nLovely Public Sr. Sec. School\n\n2009\n\nUniversity / Board\n\nSKILLS\n\nSAP Security\n\n\n\nADDITIONAL INFORMATION\n\nOperating systems: Windows [] 8, 10.\nLanguages: C, C++, C#\n\nPROFESSIONAL SKILL SET:\n\n Good Communication Skills in English and Hindi.\n Ability to work under pressure.', NULL, 'notDone', 'NONE', 0, 0, NULL, '2018-09-10 10:45:49', '2018-09-10 10:45:49', 0),
  (3355476, '2c9fafb062ca71c00162cdd45c8e0008', 'Kasturika Borah\nTeam Member - Cisco\n\nBengaluru, Karnataka - Email me on Indeed: indeed.com/r/Kasturika-\nBorah/9e71468914b38ee8\n\n Software Engineer with overall 3+ years of experience in Network Monitoring system tool (EM7,\nQuicksilver) Database tool (SQL, Maria DB) and reporting tool (Splunk) in all the releases.\n Relevant experience as a Test engineer for the releases includes Functional testing as well as\nregression testing. Testing includes writing test cases, execute them and raise bugs.\n Relevant 1+ years of experience in handling releases for EM7 with proper documentation, Power\npack creation and Tar creation for Sprint releases.\n Creating Splunk reports from last 6 months.\n Competent technical person involved in requirement gathering, analysis, design and coding.\n Experience in coding Python, SQL, and XML as per the requirement.\n Have knowledge in Event generating using traps and Syslog\'s generator.\n Exposure to Agile methodologies using Scrum Works framework, even handled scrum in the\nteam\n Strong problem-solver who can design solutions and assist developers with issues.\n Excellent debugging and resolution skills.\n Good communication and interpersonal skills.\n\n Working as Software Engineer for Cisco System India Private Ltd under Capgemini India Pvt.\nLtd.. From May 25th 2017 till nowl\n Working as Software Engineer for Cisco System India Private Ltd under Randstad India Ltd.\nFrom Dec 15 2014 till 30th April.\n Worked as Data Analyst for Fidelity India Financial Inc. from June 2013 till Oct 2014.\n Worked as Billing Analyst for IBM Daksh from March 2013 to June 2013.\n\nWilling to relocate to: Bengaluru, Karnataka\n\nWORK EXPERIENCE\n\nTeam Member\n\nCisco -\n\nOctober 2017 to Present\n\nEnvironment: Splunk\nTechnologies: SPL command\n\nResponsibilities\n Involvement writing Splunk programming language and designing the report dashboard\n Following Agile methodology\n Develop the code on the design in splunk.\n Unit Testing and code review\n\nSenior developer and tester\n\nhttps://www.indeed.com/r/Kasturika-Borah/9e71468914b38ee8?isid=rex-download&ikw=download-top&co=IN\nhttps://www.indeed.com/r/Kasturika-Borah/9e71468914b38ee8?isid=rex-download&ikw=download-top&co=IN\n\n\nCisco -\n\nDecember 2014 to Present\n\nEnvironment: EM7 platform, Quicksilver, SQL, oracle Toad\nTechnologies: Python coding, xml coding, SQL query writing\n\nDescription\nCisco Systems, Inc. (known as Cisco) is an American multinational technology conglomerate\nheadquartered in San Jos, California, that develops, manufactures, and sells networking\nhardware, telecommunications equipment, and other high-technology services and products\n(www.cisco.com)\n\nResponsibilities\n1. Developer of individual task on each release by weekly\n Need to do coding for new requirement.\n Also need to do end to end testing of all the events including Traps and Syslogs.\n2. Database and Infrastructure Monitoring and Alerting related to device.\n3. Involvement in documentation of release notes and preparation of a Regression testing at the\nend of each release.\n\nTeam Member\n\nCisco -\n\nDecember 2014 to December 2017\n\nEnvironment: INFOVISTA (Vportal)\nTechnologies: MS-Excel (sort, VLOOKUP), PPT\n\nResponsibilities\n Involvement in generating performance reports for certain customers at the starting of every\nmonth\n Gathering the data from the INFOVISTA portal and sort it out as per month in the excel and\ndesign the graphs for last consecutive\n Responsible for each data uploaded to the excel sheet and reviewing it before delivering\n\nFidelity national financial -\n\nJune 2013 to October 2014\n\nRole: QA and Report handling for the team\nTechnologies: MS-Excel (sort, VLOOKUP), PPT, MS-Outlook\n\nResponsibilities\n Involvement in generating performance reports for the team at the end of each day and monthly\nbased\n Responsible for each data uploaded to the excel sheet and sending it to the team manager\n\nEDUCATION\n\nCompucom Insitute of Information Technology\n\n\n\nrajasthan University\n\n2012\n\nSKILLS\n\nDatabase (3 years), Python (3 years), Splunk (Less than 1 year), SQL (3 years), xml (3 years)\n\nADDITIONAL INFORMATION\n\nTECHNICAL SKILLS\n\n Programming Languages: Python, XML\n Database: Maria-DB, sql\n Cisco Monitoring Tools: EM7\n Operating Systems: Windows/XP\n Reporting Tools: Vportal, Splunk\n Application & Web Servers: Sciencelogic (EM7), Syslog sender, Relay server.\n Data Structure Knowledge: Intermediate', NULL, 'notDone', 'NONE', 0, 0, NULL, '2018-09-10 10:45:49', '2018-09-10 10:45:49', 0),
  (3355477, '2c9fafb062ca71c00162cdd45c8e0008', 'Khushboo Choudhary\nDeveloper\n\nNoida, Uttar Pradesh - Email me on Indeed: indeed.com/r/Khushboo-Choudhary/\nb10649068fcdfa42\n\nTo pursue a challenging career and be part of a progressive organization that gives scope to\nenhance my\nknowledge, skills and to reach the pinnacle in the computing and research field with sheer\ndetermination,\ndedication and hard work.\n\nWORK EXPERIENCE\n\nDeveloper\n\nSAP ABAP -  Noida, Uttar Pradesh -\n\nJanuary 2018 to May 2018\n\nSAP ABAB 7.4 Noida, Uttar\n(5 months) Pradesh\n\nTechnical Proficiency\n1. SAP ABAP 7.4 2. OOPS\n3. DBMS 4. Core Java\n5. C/C++ 6. Data Structures\n\nRoles and Responsibilities\n Creating report generating modules.\n Creating interactive modules for trainers to train.\n\nOfficial Projects\n1. Uploading file from non-sap system to sap system using BAPI.\n2. Uploading excel data using BDC.\n3. Generating Adobe forms.\n4. Creating smart forms for order purchasing.\n5. Automatic email sending module using workflow.\n6. Creating classical reports.\n7. Creating function module.\n\nEDUCATION\n\nB.Tech in CSE\n\nMM University\n\n2013 to 2017\n\nCBSE\n\nhttps://www.indeed.com/r/Khushboo-Choudhary/b10649068fcdfa42?isid=rex-download&ikw=download-top&co=IN\nhttps://www.indeed.com/r/Khushboo-Choudhary/b10649068fcdfa42?isid=rex-download&ikw=download-top&co=IN\n\n\nParatap Public School -  Karnal, Haryana\n\nDecember 2011\n\nCBSE in Technology Used\n\nSilver Bells Public School -  Muzaffarnagar, Uttar Pradesh\n\nOctober 2009\n\nEngineering College\n\nSKILLS\n\nANDROID (Less than 1 year), CISCO (Less than 1 year), NETWORKING (Less than 1 year)\n\nADDITIONAL INFORMATION\n\nDevelopment Skills.\n\nMay 2016 1.5 Learned about \"Basic Networking\" using Cisco MMEC, Mullana\nPacket Tracer.\n\nJune, 2015 2 Built an application which have functionality of Solitaire Infosys inc.\nconverting a text into speech using text to speech class Mohali, India\nnamed \"kid\'z speak\" using Android.', NULL, 'notDone', 'NONE', 0, 0, NULL, '2018-09-10 10:45:49', '2018-09-10 10:45:49', 0),
  (3355478, '2c9fafb062ca71c00162cdd45c8e0008', 'kimaya sonawane\nThane, Maharashtra - Email me on Indeed: indeed.com/r/kimaya-\nsonawane/1f27a18d2e4b1948\n\nQuality education blended with sense of responsibility to utilize my professional as well as\ninterpersonal skills that enables me to achieve the goals.\n\nWilling to relocate: Anywhere\n\nWORK EXPERIENCE\n\nTechnical Support Engineer\n\nSAP -  Thane, Maharashtra -\n\nNovember 2016 to Present\n\nEDUCATION\n\nBE in computer science\n\nSSVPSs Late B. S. Deore College of Engineering ,Dhule -  Dhule, Maharashtra\n\n2011 to 2016\n\nSKILLS\n\nnetwork engineers, Networking, CCNA, knowledge of Active Directory, DHCP, DNS ,\nTroubleshooting and fix Network related issues (2 years)\n\nCERTIFICATIONS/LICENSES\n\nCCNA(Cisco Certified Network Associate- Routing & Switching) , MCSA\n(Microsoft Certified Solution Associate)\n\nJuly 2016 to Present\n\nADDITIONAL INFORMATION\n\nPROFESSIONAL INTRESTS:\n Leading and managing teams\n Interacting with People\nCO CURRICULAR ACTIVITES:\n Participated in \"Mech-Tricks\" in IMPULSE 2014 National Level Event.\n Participated in \"Mech-Tricks\" in IMPULSE 2013 National Level Event.\n Participated in \"Tech-Quiz\" in IMPULSE 2013 National Level Event.\n Participated in \"Management Games\" Organised in Ganesh Utsav 2012.\n Winner in \"Rangoli Competition\" Organised in Ganesh Utsav 2013.\n\nhttps://www.indeed.com/r/kimaya-sonawane/1f27a18d2e4b1948?isid=rex-download&ikw=download-top&co=IN\nhttps://www.indeed.com/r/kimaya-sonawane/1f27a18d2e4b1948?isid=rex-download&ikw=download-top&co=IN\n\n\nPERSONAL TRAITS:\n\n Self Motivated\n Adaptable\n Confident\n Team facilitator\n Hard Worker', NULL, 'notDone', 'NONE', 0, 0, NULL, '2018-09-10 10:45:49', '2018-09-10 10:45:49', 0),
  (3355479, '2c9fafb062ca71c00162cdd45c8e0008', 'Koushik Katta\nDevops\n\nHyderabad, Telangana - Email me on Indeed: indeed.com/r/Koushik-Katta/a6b19244854199ec\n\nDevOps Administrator with an experience of 3.4 years working in a challenging agile\nenvironment, looking forward for a position where I can use my knowledge pursuing my domain\ninterests. I\'m more aligned to work for companies where knowledge and intellectual ability takes\nthe lead which can utilize a performance driven individual efficiently.\n\nWORK EXPERIENCE\n\nDevops Engineer\n\nInfosys limited -  Hyderabad, Telangana -\n\nDecember 2014 to Present\n\nHyderabad, since December 2014 to till date.\n\nSkill and Abilities:\nAtlassian Tools: Jira, Confluence\nConfiguration Management: Ansible /Chef\nCI Tools: Jenkins\nMonitoring Tools: Nagios\nCloud: AWS\nContainerization: Docker\nBuild Tools: Bamboo\\Maven\nLog Tools: Splunk\nDatabases: RDBMS, MYSQL, Oracle Database\nProgramming Languages: Python and Java\nScripting: Power Shell\nOperating Systems: Windows, Linux family, Redhat Linux\nMiddleware: Websphere, Tomcat, Websphere MQ\n\nResponsibilities:\nDEVOPS ADMINISTRATOR\nINFOSYS LTD.\n\nAtlassian tools Release Management according\n\nInfosys limited -\n\nDecember 2014 to Present\n\nto project needs.\n? Review and upgrade of Plugins to meet project requirements and to achieve better\nperformance.\n? Configuring Automated Mail handlers, Webhooks as POC to test the new demands raised by\nclient.\n\nhttps://www.indeed.com/r/Koushik-Katta/a6b19244854199ec?isid=rex-download&ikw=download-top&co=IN\n\n\n? JIRA Project Management/Administration.\n? Confluence Space Management/Administration.\n? Bitbucket Project/Repository Management/Administration (Enterprise/DataCenter)\n? Integration of Webhooks in Bitbucket.\n? Streamlining tools access management with Crowd.\n2. Administration and Maintenance of Jenkins\n? Configure and maintain Jenkins slaves as per the requirement.\n? Jenkins release management.\n? Work closely with Development teams to configure CI/CD Pipelines to automate their build &\ndeployment process.\n? Review, Installation/Upgrade and configuration of Jenkins Plugins.\n? Configuring proxy on the environments to enable security\n? Debug build issues\n3. Administration and Maintenance of Docker registry\n4. Working with Open-Source Nagios plugins on demand basis to setup ICINGA monitoring for our\non-premise Servers/Applications.\n5. Alerting Setup Splunk.\n6. Monitoring Dashboards setup using kibana.\n7. Working with product support teams to resolve the product bugs.\n8. Involve in client meetings and tool performance reviews to ensure stakeholder satisfaction.\n9. Work closely with Infrastructure Teams to setup/maintain/improve the above mentioned\napplication on large scale.\n\nEDUCATION\n\nBachelor Of Engineering in Mechanical Engineering\n\nLovely Professional University\n\n2010 to 2014\n\nSecondary School Certificate in education\n\nBoard of Intermediate education -  Hyderabad, Telangana\n\n2008 to 2010\n\nSister Nivedita School -  Karimnagar, Telangana\n\n2008\n\nSKILLS\n\nJira, Ansible, Jenkins, Splunk, Nagios, Docker, Python, AWS, Bamboo, Linux, Git, Chef, Windows,\nPowershell Scripting\n\nADDITIONAL INFORMATION\n\n Ability to learn new technologies and processes rapidly and implement them in the project.\n Highly motivated with very good problem solving and analytical skills Well organized, with\nexcellent in multitasking and prioritizing the work.\n\n\n\n Effective communicator with an ability to convey ideas in speaking and writing.\n Excellent analytical and decision making skills.\n Ability to work in pressurized situation.\n Hard worker and goal oriented.\n Always ready to learn new skills', NULL, 'notDone', 'NONE', 0, 0, NULL, '2018-09-10 10:45:49', '2018-09-10 10:45:49', 0),
  (3355480, '2c9fafb062ca71c00162cdd45c8e0008', 'Nikhileshkumar Ikhar\nProduct development engineer with 7+ years of experience with\nM.Tech. in IT. Successfully developed & deployed, platform & behaviour\ndesign strategies in well-established corporations as well as emerging\nstartups.\n\nBengaluru, Karnataka - Email me on Indeed: indeed.com/r/Nikhileshkumar-Ikhar/\ncb907948c3299ef4\n\nWilling to relocate to: Hyderabad, Telangana - Mumbai, Maharashtra\n\nWORK EXPERIENCE\n\nProduct Development\n\nAggrigator -  Bengaluru, Karnataka -\n\n2015 to Present\n\nAggrigator is Stanford incubated startup. It is an agriculture-based online marketplace in US B2B\nmarket.\nFirst non-co-founding engineer to come on board reported directly to CTO.\nDeveloped Reverse Auction Engine. A farmer would bid for their SKU and engine would pick\nfarmer based on bidding and capacity.\nDeveloped Palletization engine. A pallet can have multiple SKU boxes from multiple buyers. The\nengine generates a packing sequence of boxes in pallets in a truck container according to the\ndelivery route.\nDeveloped prototype to categorize SKU with Deep learning.\nOwned delivery of functionalities development, behavioural nudges, shaping of platform business\nmodel, aligning of product development to business.\nArchitected, designed & deployed websites, database, UI/UX to facilitate farm fresh produce\nprocurement & delivery to end consumers. Owned and developed various features like, \nInventory management plays a big role in optimizing cold storage, warehouse and trucking\nrequirement. It helped in reducing crop wastage.\nInvoicing of sold crops and tracking payments.\nOrder tracking for buyer and seller.\nFetching USDA price list daily via a web crawler.\nGenerating various reports in online, CSV and PDF format.\nWorked with technologies like Python, Django, Celery, MySQL, MongoDB, Ubuntu, Neural\nNetwork.\nFirst, six months employer was Above Solutions.\n\nSoftware Engineer\n\nCisco -  Bengaluru, Karnataka -\n\n2012 to 2015\n\nOwned and developed several products to help network migration, upgradation, tracking bugs,\ntracking\n\nhttps://www.indeed.com/r/Nikhileshkumar-Ikhar/cb907948c3299ef4?isid=rex-download&ikw=download-top&co=IN\nhttps://www.indeed.com/r/Nikhileshkumar-Ikhar/cb907948c3299ef4?isid=rex-download&ikw=download-top&co=IN\n\n\nvulnerabilities.\n\n? Presented several proofs of concept for new business requirement.\n\n? Worked on various technologies such as Python, Java, Django, Celery, Cisco routers, SDN,\nOnePk & Hadoop.\n\nWorked on network migration during intern\n\nCisco -\n\nJanuary 2012 to June 2012\n\nSystem Engineer\n\nInfosys -  Pune, Maharashtra -\n\n2008 to 2010\n\nWorked as an SAP Basis consultant. Organised various in house events.\n\nEDUCATION\n\nM.Tech. in IT in VIT, Pune\n\nIIIT -  Bengaluru, Karnataka\n\n2010 to 2012\n\nSKILLS\n\nDjango (6 years), Java (3 years), MongoDB (3 years), MySQL (3 years), Python (6 years)\n\nLINKS\n\nhttp://github.com/nik-hil\n\nhttp://linkedin.com/in/nikhar\n\nADDITIONAL INFORMATION\n\nSkills\nPython, Django, Celery, Java, AngularJS, HTML, Bootstrap 3, Shell Script, MySQL, MongoDB,\nUbuntu\n\nBusiness Skills\nPlatform business model, Behaviour design\n\nhttp://github.com/nik-hil\nhttp://linkedin.com/in/nikhar', NULL, 'notDone', 'NONE', 0, 0, NULL, '2018-09-10 10:45:49', '2018-09-10 10:45:49', 0),
  (3355481, '2c9fafb062ca71c00162cdd45c8e0008', 'Pradeeba V\nLEAD ENGINEER - CISCO\n\n- Email me on Indeed: indeed.com/r/Pradeeba-V/19ff20f4b8552375\n\nWORK EXPERIENCE\n\nLEAD ENGINEER\n\nCISCO -\n\nJune 2014 to Present\n\nPROJECT SPECIFIC SKILLS JAVASCRIPT, OOJS, HTML5, CSS3, REST, DOJO,\nAngular JS\nTOOLS USED SVN, Code Collaborator\nDescription:\n\nCisco Prime Infrastructure simplifies the management of wireless and wired networks. The Prime\nUI\noffers Prime Widget Toolkit (XWT) which provides dojo widgets. The UI supports HTML 5 features.\nThe\nPrime UI offers rich UI experience which includes consistency, better look and feel and scalable\ndesigns to handle large volume of data.\n\nResponsibilities:\n Creating Widgets in dojo\n Enhancement of existing widget\n Handling REST calls\n Writing Test cases\n Unit Testing\n\n2. Project Title FINUX\n\nINDUSTRY FINACLE - BANKING\n\nSENIOR SYSTEMS ENGINEER\n\n-\n\nJune 2012 to June 2014\n\nPROJECT SPECIFIC SKILLS JAVASCRIPT, DOJO, CSS, HTML\n\nDescription:\nFinacle is a core banking software package. It is used by multiple banks across several countries,\nit can\nhandle multi-currency transactions.\n\nhttps://www.indeed.com/r/Pradeeba-V/19ff20f4b8552375?isid=rex-download&ikw=download-top&co=IN\n\n\nTo achieve the common look and feel for all the screens where the interaction done with the\nuser in the form of getting input values as well as retrieval of some kind of data and display of\nsuch data.\nI was totally involved in developing the Datagrid UI component in DOJO to display the search\nresults which are obtained as a result of inquiring the transactions.\n\nResponsibilities:\n Front end enhancements for the Core product.\n Discussing and finalizing the end UI screens with Functional and Design teams.\n Writing front end and back end validation routines.\n Regression testing for menus using Service Testing Framework.\n3. Project Title FINACLE\n\nINDUSTRY BANKING\nCLIENT Universal Banking Product from INFOSYS\n\nSYSTEMS ENGINEER\n\n-\n\nOctober 2011 to May 2012\n\nPROJECT SPECIFIC SKILLS JAVASCRIPT, DOJO, CSS, HTML\n\nDescription:\nFinacle is a core banking software package. It is used by multiple banks across several countries,\nit can\nhandle multi-currency transactions.\nBeing a part of Finacle team, I had involved in making the front end enhancement for Core\nproduct.\nResponsibilities:\n\n Front end enhancements for the Core product.\n Bug Fixing\n\nEDUCATION\n\nB.Tech\n\nInstitute of Road and Transport May\n\nOctober 1980\n\nADDITIONAL INFORMATION\n\nTECHNICAL SKILLS\nProgramming Languages: Core Java\nScripting languages: JavaScript, OOJS\nDatabases: Oracle\nOperating systems: Windows (7, XP) and UNIX\nTools & Utilities: Eclipse, SSH, WinSCP, Code Collaborator, SVN\n\n\n\nWeb Designing Tools: HTML 4, HTML 5, CSS 3, DOJO, Angular JS\nWeb Service: REST Web services', NULL, 'notDone', 'NONE', 0, 0, NULL, '2018-09-10 10:45:49', '2018-09-10 10:45:49', 0),
  (3355482, '2c9fafb062ca71c00162cdd45c8e0008', 'Prakriti Shaurya\nSenior System Engineer - Infosys Limited\n\nMangalore, Karnataka - Email me on Indeed: indeed.com/r/Prakriti-\nShaurya/5339383f9294887e\n\nDetail-oriented individual with three years of experience as an IT Consultant looking\nfor opportunity to develop my professional skills in a vibrant and stable environment,\nand to use those skills for the benefits of the organization in best possible way.\n\nWilling to relocate to: Bengaluru, Karnataka - Bangalore Urban, Karnataka\n\nWORK EXPERIENCE\n\nSenior System Engineer\n\nInfosys Limited -  Mangalore, Karnataka -\n\nJanuary 2017 to Present\n\nWorking as an IT Consultant under application maintenance and support for METLIFE Insurance\ncompany.\n\nSystem Engineer\n\nInfosys Limited -  Mangalore, Karnataka -\n\nDecember 2014 to December 2016\n\nWorked as an IT Consultant under application maintenance and support for METLIFE Insurance\ncompany.\n\nSOFTWARE\n\nEDUCATION\n\nBachelor of Technology in Information Technology\n\nVellore Institute of Technology -  Vellore, Tamil Nadu\n\n2010 to 2014\n\nC.B.S.E.\n\nNotre Dame Academy -  Patna, Bihar\n\n2007 to 2009\n\nSKILLS\n\nJava, Jsp, Html, Sql, C++, Javascript\n\nhttps://www.indeed.com/r/Prakriti-Shaurya/5339383f9294887e?isid=rex-download&ikw=download-top&co=IN\nhttps://www.indeed.com/r/Prakriti-Shaurya/5339383f9294887e?isid=rex-download&ikw=download-top&co=IN\n\n\nADDITIONAL INFORMATION\n\nSKILLS\n Good communication - written and oral skills\n Excellent conceptual and analytical skills\n Effective interpersonal skills\n\nPERSONALITY\n Communicative  Punctuality\n Creativity  Organized', NULL, 'notDone', 'NONE', 0, 0, NULL, '2018-09-10 10:45:49', '2018-09-10 10:45:49', 0),
  (3355483, '2c9fafb062ca71c00162cdd45c8e0008', 'PRASHANTH BADALA\nDevops Engineer ,Cloud Engineer -Oracle\n\nHyderabad, Telangana - Email me on Indeed: indeed.com/r/PRASHANTH-BADALA/\nbf4c4b7253a8ece7\n\n Hands on experience in end-end process of Build Management, Release Management and\nConfiguration Management.\n Hands on experience on supporting configuration management tools on both physical and cloud\nenvironment\n Involved in setting up Jenkins in Distributed Environments with Master and Slave\n Working experience on Subversion (SVN) administration and basic usage\n Creating Branches, tags and providing SVN user access to all developers in the organization\n Managing application server instances running on AWS\n Involved in configuring EC2 instances along with Auto scale up options.\n Involved in configuration Management using CHEF and automated the complete platform\nsetup.\n Good knowledge on Cookbooks, Chef Kitchen, Burks file and Metadata.\n Involved in automating the release using UDeploy and deploying the application to different\nenvironments.\n Involved in container setup with Docker. Having good understanding of creating and running\nDocker images.\n Involved in writing Applications, Componenets, Resources and component process flow.\n Configured Jenkins as contionus integration tool for regular source code builds.\n Experience in setting up branching strategies, merging and taking regular backups of the source\ncode on SVN server\n Helping the Developers in SVN related issues\n Written the integrated build automation scripts using Ant\n Perform the QA & Stress and UAT builds and deployed the binaries on respective environment\nservers\n Monitoring the deployment in all the servers\n Supported setting up of various environments in multi-tier architecture involving load balancers,\nApache webservers, Oracle database,\n Developed custom scripts to automate the build and release process.\n Implemented a custom authentication with WebLogic for user authentication, authorization and\npassword policy\n Monitoring environment using monitoring tools like Wily monitoring tool and custom shell script.\n Involved in integrating WebLogic with Wily introscope.\n Involved in resolving tickets with different SLAs like SEV1, SEV2, SEV3 and SEV4.\n Involved in change management process like opening change records using change\nmanagement tools like INFRA, Managenow.\n Providing on call, weekend and deployment support.\n Involved in applying security patches using WebLogic Utility.\n Deploying applications using different deployment strategies like Stage, No Stage and External\nstage.\nWork Experience:\n\n Working as Configuration Engineer in Oracle, Hyderabad from July 2015 to till date.\n\nhttps://www.indeed.com/r/PRASHANTH-BADALA/bf4c4b7253a8ece7?isid=rex-download&ikw=download-top&co=IN\nhttps://www.indeed.com/r/PRASHANTH-BADALA/bf4c4b7253a8ece7?isid=rex-download&ikw=download-top&co=IN\n\n\nTechnical Skills:\n\nVersion Control Tools \n\nSubversion(SVN),GIT\n\nWeb/Appservers\nContinuous Integration Tools\nWebLogic 11g, Apache HTTP Server 2.4\nJenkins 1.6, Hudson\n\nBuild Tools \n\nMaven 3\n\nScripting Languages \n\nShell Scripting and Python\n\nOperating Systems \n\nWindows servers [] Windows XP/7, Red Hat LINUX 5\n\nDatabase\n\nOracle 11g\n\nRelease Tools\n\nUDeploy,Jenkins\n\nCloud\n\nAWS\n\nConfiguration Tools\n\nCHEF\n\nEducation Qualification:\nB.Tech From Annamacharya Institute of Technology, JNTU Hyderabad - 2015 \n\nProject Details\n\nTitle: E-Banking solutions \n\nClient : Union Bank of Canada, Canada \nRole : Configuration Engineer \nEnvironment : Maven, Jenkins, CHEF, UDeploy, SVN, Linux, Weblogic,Aws \n\n\n\nDuration : Nov 2016 to till date\n\nProject Description:\n\nThis is a banking project and basic objective of this project is to deal with the loans. This\napplication is based on Java technology. For this we have to schedule the tasks and have to collect\ncode from development team and have to build and deploy the code later have to support the\nrelease management team of which executing Java applications build and deployments in Dev,\nQA, performance and production environments.\n. .\nResponsibilities:\n Involved in automation of Configuration Management using CHEF and automated multiple\nenvironments like Prod and Non Prod.\n Involved in configuring AWS Environment to deploy applications.\n Involved in Release Management and automated the overall release process using Urban Code\nDeployments (UDeploy)\n For on boarding existing application, performing knowledge transition from development team\nto SCM team on build and deployment process.\n For new applications, work with development to get the requirements of application build and\ndeployment process.\n Creating War/Ear files using Ant Script\n Creating Jenkins/Hudson jobs.\n Monitor and track requests in Subversion.\n Monitor and fix the continuous integration builds running in Jenkins.\n Troubleshooting the compilation errors and provide the technical support to the developers\nteam on that issue.\n Installation, configuring, administration of Web Logic 9.x, 10.x on Linux environment.\n Supporting Builds for Multiple environments like Dev, QA, Staging, Perf and Production.\n Performing Manual and Automation Builds using Maven and Jenkins.\n Troubleshooting the middle ware issues and resolving the P2,P3 tickets with in SLA\n Provided on call support on 24/7 basis\n Involved in creation and configuration of Domains, JVM instances in production, QA and UAT\nenvironments.\n Configured clusters to provide fail over, load balancing and deployed applications on clusters.\n Installed, configured and administration to Web logic 10.x, JDBC Data source and Connection\npool configuration with Oracle. Web Logic Administration, Monitoring and Troubleshooting using\nAdmin Console.\n Have excellent experience in Client Interaction\n Provided on call support for production tickets on 24/7 basis.\n Deployment of web and enterprise applications and their updates in dev, production, pre-\nproduction using Admin console.\n\n Creating branches & merging using Subversion.\n Performing deployments to multiple environments like Dev, QA, Field, Perf, UAT & Production\nenvs\n Troubleshooting application related issues by log verification.\n Writing a UNIX Shell Script and schedule in the respective run levels for automate day-to-day\nactivities such as auto start application server.\n Automate code deployments by using ANT and Jenkins.\n\n\n\nSprint Value Added Services\n\nClient : Sprint, U.S \nRole : Build and Release Engineer\nEnvironment: Maven, Jenkins, SVN, Linux, Weblogic, Apache,AWS,Docker\nDuration : Dec 2015 to Oct 2016\n\nProject Description:\n\nThis is a Value Added Services provided by Sprint. This application is based on Java technology.\nFor this we have to schedule the tasks and have to collect code from development team and\nhave to build and deploy the code later have to support the release management team of which\nexecuting Java applications build and deployments in Dev, QA, performance and production\nenvironments.\n\nResponsibilities:\n\n For on boarding existing application, performing knowledge transition from development team\nto SCM team on build and deployment process.\n For new applications, work with development to get the requirements of application build and\ndeployment process.\n Installing and configuring Subversion (SVN) and Jenkins.\n Providing support to Subversion (SVN) related issues.\n Developing and maintaining build files by using Ant script.\n Integrate Unit Testing in Ant builds\n Installation, configuring, administration of Web Logic 9.x, 10.x on Linux environment.\n Supporting Builds for Multiple environments like Dev, QA, Staging, Perf and Production.\n Performing Manual and Automation Builds using Maven and Jenkins.\n Troubleshooting the middle ware issues and resolving the P2,P3 tickets with in SLA\n Provided on call support on 24/7 basis\n Involved in creation and configuration of Domains, JVM instances in production, QA and UAT\nenvironments.\n Configured clusters to provide fail over, load balancing and deployed applications on clusters.\n Installed, configured and administration to Web logic 10.x, JDBC Data source and Connection\npool configuration with Oracle. Web Logic Administration, Monitoring and Troubleshooting using\nAdmin Console.\n Have excellent experience in Client Interaction\n Provided on call support for production tickets on 24/7 basis.\n Deployment of web and enterprise applications and their updates in dev, production, pre-\nproduction using Admin console.\n Building the source code using Jenkins.\n Helped developers in resolving SVN issues and concerns.\n Responsible for weekly and daily work checks and backups.\n Environment: WebLogic Application Server 10.3, JDK1.6, Oracle, Apache Webserver, Linux,\nJIRA,Infra,SSH,TOAD\n\nKOhls Retail Services\n\n\n\nClient : Kohls, US\nRole : Build and Release Engineer. \nEnvironment: Maven, Jenkins, SVN, Linux, WebLogic, Apache\nDuration : July 2015 to Nov 2015\n\nProject Description:\n\nThis application is based on Java technology. For this we have to schedule the tasks and have to\ncollect code from development team and have to build and deploy the code later have to support\nthe release management team of which executing Java applications build and deployments in\nDev, QA, performance and production environments.\n\nResponsibilities: \n\n Developing and maintaining build files by using Ant script.\n Integrate Unit Testing in Ant builds\n Installation, configuring, administration of Web Logic 9.x, 10.x on Linux environment.\n Supporting Builds for Multiple environments like Dev, QA, Staging, Perf and Production.\n\n Supporting Builds for Multiple environments like Dev, QA, Staging, Perf and Production.\n Performing Manual and Automation Builds using Maven and Jenkins.\n Deploying WAR, EAR applications on various targeted servers in the clustered environments.\n Web Logic Administration, Monitoring and Troubleshooting using Admin Console.\n Analyzing log files and periodic removal of them\n Creating branches & merging using Subversion.\n Performing deployments to multiple environments like Dev, QA, Field, Perf, UAT & Production\nenvs\n Troubleshooting application related issues by log verification.\n Writing a UNIX Shell Script and schedule in the respective run levels for automate day-to-day\nactivities such as auto start application server.\n Automate code deployments by using ANT and Jenkins.\n\n Involved in changing heap parameters like Xms, -Xmx, -XnoOpt,-XnoHup etc.\n Perform daily environment health-check\n Good in taking the thread dumps and finding the root cause analysis.\n Created and configured web logic server instances, clusters in domain environment.\n Installed web logic on production boxes in console mode.\n Strong experience in administrating by using Admin console.\n\nEnvironment: WebLogic Application Server 9.2, Java, Oracle, Apache Webserver, Linux, JIRA,\nManagenow, Putty, TOAD\n\nWilling to relocate to: Hyderabad, Telangana - Bangalore Urban, Karnataka - Chennai, Tamil Nadu\n\nWORK EXPERIENCE\n\nConfiguration Engineer\n\nOracle -  Hyderabad, Telangana -\n\n\n\nJuly 2015 to Present\n\n Hands on experience in end-end process of Build Management, Release Management and\nConfiguration Management.\n Hands on experience on supporting configuration management tools on both physical and cloud\nenvironment\n Involved in setting up Jenkins in Distributed Environments with Master and Slave\n Working experience on Subversion(SVN) administration and basic usage\n Creating Branches, tags and providing SVN user access to all developers in the organization\n Managing application server instances running on AWS\n Involved in configuring EC2 instances along with Auto scale up options.\n Involved in configuration Management using CHEF and automated the complete platform\nsetup.\n Good knowledge on Cookbooks, Chef Kitchen, Burks file and Metadata.\n Involved in automating the release using UDeploy and deploying the application to different\nenvironments.\n Involved in container setup with Docker. Having good understanding of creating and running\nDocker images.\n Involved in writing Applications, Componenets, Resources and component process flow.\n Configured Jenkins as contionus integration tool for regular source code builds.\n Experience in setting up branching strategies, merging and taking regular backups of the source\ncode on SVN server\n Helping the Developers in SVN related issues\n Written the integrated build automation scripts using Ant\n Perform the QA & Stress and UAT builds and deployed the binaries on respective environment\nservers\n Monitoring the deployment in all the servers\n Supported setting up of various environments in multi-tier architecture involving load balancers,\nApache webservers, Oracle database, \n Developed custom scripts to automate the build and release process.\n Implemented a custom authentication with WebLogic for user authentication, authorization and\npassword policy\n Monitoring environment using monitoring tools like Wily monitoring tool and custom shell script.\n Involved in integrating WebLogic with Wily introscope.\n Involved in resolving tickets with different SLAs like SEV1, SEV2, SEV3 and SEV4.\n Involved in change management process like opening change records using change\nmanagement tools like INFRA, Managenow.\n Providing on call, weekend and deployment support.\n Involved in applying security patches using WebLogic Utility.\n Deploying applications using different deployment strategies like Stage, No Stage and External\nstage.\n\nConfiguration Engineer\n\nOracle\n\nDevops\n\n\n\nEDUCATION\n\nB.TECH/B.E\n\nAnnamacharya Institute of Technology, JNTU, Hyderabad -  Hyderabad, Telangana\n\n2015\n\nSKILLS\n\nAWS (1 year), CHEF (1 year), Linux (2 years), git, svn, maven, devops, jenkins, Docker,\nweblogic\n\nADDITIONAL INFORMATION\n\nOperating Systems Windows servers [] Windows XP/7, Red Hat LINUX 5\nDatabase Oracle 11g\nRelease Tools UDeploy, Jenkins\nCloud AWS\nConfiguration Tools CHEF', NULL, 'notDone', 'NONE', 0, 0, NULL, '2018-09-10 10:45:49', '2018-09-10 10:45:49', 0),
  (3355485, '2c9fafb062ca71c00162cdd45c8e0008', 'Prem Koshti\nOfficer-HR & Administration in H.& R. Johnson (India) - SAP - R\n\nDewas, Madhya Pradesh - Email me on Indeed: indeed.com/r/Prem-Koshti/a1fec9e7289496f0\n\n? To acquire a key Position in Human Resource Management / SAP field by continuously improving\nknowledge and skills.\n? Very strong logical, analytical skills with vast experience in MS-EXCEL.\n? Very energetic, hardworking and highly self-motivated team player with strong problem solving\nskills and very good communication and leadership skills. Very flexible.\n\nProjects:-\nProject Name: SAP HR, Employee Administration\nClient: H.& R. Johnson (India) [A Division of Prism Cement Limited], DEWAS (M.P.)\n\nWORK EXPERIENCE\n\nOfficer-HR & Administration in H.& R. Johnson (India)\n\nSAP - R -  Dewas, Madhya Pradesh -\n\nJuly 2002 to Present\n\n- SAP - R/3, 06 years\' experience in SAP HR-Functional Module\nCurrent Employer:\nPresently working as Officer-HR & Administration in H.& R. Johnson (India), [A Division of Prism\nCement Limited], DEWAS (M.P.) from 30.07.2002 to till date.\n\nEDUCATION\n\nB.Com. in Dr. Harisingh Gour V.V\n\nPolytechnic College Damoh -  Sagar, Madhya Pradesh\n\n1990\n\nSKILLS\n\nHR (10+ years), SAP (10+ years), APPRAISAL (Less than 1 year), BUYING/PROCUREMENT (Less\nthan 1 year), DATABASE (Less than 1 year)\n\nADDITIONAL INFORMATION\n\nTechnical skills: SAP HR Module.\nDescription:-\nMaintaining electronic punching system, Daily Production MIS Report, Monthly Manpower\nreport. I.F. Annual Returns, Form-5 Holiday wages. Employee\'s gratuity policy updation.\nMaintaining all record\'s & document related to personal / HR department, Employees data\nbank. Employees leave, attendance, c-off, absenteeism statement. Payroll Preparation, Bonus,\n\nhttps://www.indeed.com/r/Prem-Koshti/a1fec9e7289496f0?isid=rex-download&ikw=download-top&co=IN\n\n\nOvertime, Attendance Incentive, Production Incentive, Arrear Wages, Wage slip, Full & Final\nSettlement, No Dues Certificate, Issue of certificate if any, ID / Punching card, Birth day card etc.\n\nRoles and responsibilities: Personal & HR Functions:\n\n? Performance Appraisal / Increments preparation co-ordination.\n\n? Computerized Time Office Management, HR Policy.\n\n? Handle Payroll on SAP & responsible for smooth functioning of payroll cycle.\n\n? Maintain employee data on SAP and updates them as and when required\n\n? Reconciling statutory reports i.e. PF, ESIC, and coordinating with Finance Team for timely\npayment.\n\n? Production & manpower MIS data in MS-Excel daily, Monthly & Yearly basis.\n\n? Performing of Exit Formalities and processing Full and Final Settlement for exit cases.\n\n? Maintain Attendance record in Electronic Punching Machine.\n\n? Joining Formalities (Pre & Post recruitment activities)\n\nGeneral Administration\n\nOffice stationery, Telephones, Fax, Computers, Reception, Purchasing First Aid, mineral water,\nbiscuits etc\n\nTechnical Expertise\nFront End Tool\nLanguages\nSAP Technologies HR and Administration Functional Module\nDatabase FOXPRO 6.22\nConcepts OOP\'S, Networking, DBMS, Operating System.\nOperating System MS-Dos [] & MS OFFICE 2007, 2008 & 2010\n\nTRAININGIG PROGRAMME & CONFERENCE ATTENDED:\n\n? First Aid Procedure conducted by St. John Ambulance Association.\n\n? Fire Fighting by Usha Fire Safety.\n\n? Interpersonal Skills, Communication, Motivational related various Training programmes\norganize.\n\n? SAP - HR Module conducted by Covansys, Mumbai.\n\n\n\n? Internal Auditors Training Program on Environmental & Occupational Health & Safety\nManagement System', NULL, 'notDone', 'NONE', 0, 0, NULL, '2018-09-10 10:45:49', '2018-09-10 10:45:49', 0),
  (3355486, '2c9fafb062ca71c00162cdd45c8e0008', 'R Arunravi\nFunctional Consultant / WM Lead - SAP EWM\n\nBangalore, Karnataka - Email me on Indeed: indeed.com/r/R-Arunravi/0da1137537d8b159\n\nWilling to relocate: Anywhere\n\nWORK EXPERIENCE\n\nFunctional Consultant / WM Lead\n\nSAP EWM -\n\nDecember 2015 to Present\n\nCATERPILLAR]\n\nSAP EWM WM Analyst\n\nCATERPILLAR -\n\nOctober 2013 to December 2015\n\nMagna Info Tech]\nProject 1: Implementation & Support of EWM\nProject 2: Johannesburg Distribution Center - WM/SD/MM Support\n Involved in Business requirement Gathering for setting up a new warehouse. Understanding\nthe AS-IS Business Process of the current distribution facility by Interacting with the Key business\nusers.\n Prepared Blue print of the new warehouse facility by understanding and Mapping the Business\nProcess to the SAP EWM module.\n Involved in configuration and maintenance of goods issue processes, Storage type search\nstrategies for Put away and picking based on the Business design for receiving and delivery\nprocess.\n Configured the Stock Removal Control Indicators, Storage type sequences, Storage Section\nIndicators, Bin Type Indicators and storage process steps.\n Training the users for carrying out their warehouse activities and using the warehouse monitor\nto view outbound and inbound transaction results.\n Involved in WM RF screen developments and configurations.\n Identify and debug defects in BO report - \'TU Zero Weight\' and Emergency Charge Waiving\nissue and Worked on Partial Invoicing change.\n Worked on a CR to create unique pack with number for URG Orders, based on Dealer PO.\n Set up new storage types that were extended as a part of Rearrangement process in JDC\nwarehouse.\n Provide Post-Go Live Incident support and involved in both technical & functional changes.\n Delivered 13 CRs for the year 2015 and 6 CRs till June 2016.\n\nWM Functional Consultant / Visual PLM Consultant / Lead Technical\n\nSAP EWM -\n\nhttps://www.indeed.com/r/R-Arunravi/0da1137537d8b159?isid=rex-download&ikw=download-top&co=IN\n\n\nFebruary 2011 to October 2013\n\nClientis S3G - India\n\nProject 1: Implementation of Kair IT EWM / PLM\nProject 2: Bauer Hockey Corp - WM Support\n Collaborated with Warehouse internal team members to understand the Business process in\ninbound and outbound logistics in India and Dubai, Gap analysis and design & finalization of\nblueprints.\n Involved in configuration of ERP-EWM integration - ALE setting, ERP settings and EWM settings.\n Involved in configuration and maintenance of goods issue processes and participated in End\nuser training.\n Developed and configured Merchandise Plan, Timeline Management as per client needs.\n Integrated VPLM system with SAP R/3 system, mapped fields for use in Tech Pack report, BOM,\nand Production Cost details.\n Prepared Functional / Technical specs and involved extensively in Unit Testing and Integration\nTesting.\n Involved in Supporting WM module on both functional and technical issues.\n\nConsultant / ABAP Consultant\n\nSAP WM -\n\nOctober 2007 to February 2011\n\nVoletix IT Solutions - India\n\nProject 1: Momentive Project Implementation - ABAP Support\nProject 2: ECCI - WM Implementation\n Developed Smart Forms for Transfer Order and Pay slips.\n Updated VAT, Service Tax data via customization of Sales Order and Invoice SAP scripts.\n Created reports for validation of Bill of Material, and others outlining billing details in ALV format.\n Designed Smart Forms layout representing Invoices and Delivery Notes.\n Uploaded vendor and customer data through call transaction method.\n Configured the Storage Type Indicators, Bin Type Indicators, Bin structure and stock\ndetermination sequence.\n Prepared Functional / Technical specifications and involved extensively in Unit Testing and\nIntegration Testing.\n Involved in Supporting WM module on both functional and technical issues.\n\nEDUCATION\n\nMaster of Engineering in Computer and Communication\n\nAnna University\n\n2005 to 2007\n\nBachelor of Technology in Information Technology\n\nAnna University\n\n\n\n2001 to 2005\n\nADDITIONAL INFORMATION\n\nProfessional competencies\nBusiness /IT Consulting Configuration/ Support Requirements/ Blue print /Gap Analysis\nCoding/Debugging Change Management Functional/ Technical Spec Design\n\nComputer skills\n\n SAP Knowledge: SAP EWM, SAP WM, SAP SD, SAP MM, SAP AFS, SAP PP, SAP XI\n Computing languages: SQL, MS-Office, Open office, HTML, PHP', NULL, 'notDone', 'NONE', 0, 0, NULL, '2018-09-10 10:45:49', '2018-09-10 10:45:49', 0),
  (3355487, '2c9fafb062ca71c00162cdd45c8e0008', 'Rahul Bollu\nSoftware Engineer - Disney\n\nHyderabad, Telangana - Email me on Indeed: indeed.com/r/Rahul-Bollu/dc40f5ce78045741\n\n Over 3.5 years of experience in implementing organization DevOps strategy in various\nenvironments of Linux and windows servers along with adopting cloud strategies based on\nAmazon Web Services.\n Experience in Cloud Technologies like Amazon Web Services (AWS) VPC, EC2, S3, ELB, IAM,\nAuto Scaling, Route 53, SQS, SNS, RDS, Cloud Watch, Dynamo DB.\n Utilized Cloud Watch to monitor AWS resources to set alarms for notification, and to monitor\nlogs for a better operation of the system.\n Experience working with automated build platforms/continuous integration using DevOps\narchitecture.\n Implementing DevOps tools like Ansible as configuration management for Continuous\nIntegration and Continuous Deployment with build tools using Maven on Cloud Infrastructure\nusing AWS.\n Experience on version control tool GIT- Creating branches, tracking changes, maintaining the\nhistory of code and helping the Developers in GIT related issues.\n Worked on Jenkins for continuous integration and for End to End automation for all build and\ndeployments.\n Worked with Ansible as a configuration management tool, created playbooks to automate\nrepetitive tasks, quickly deploy applications, and proactively manage change.\n Knowledge on Docker.\n\nWORK EXPERIENCE\n\nSoftware Engineer\n\nDisney -\n\nSeptember 2014 to Present\n\nResponsibilities:\n* Coordinate/assist developers with establishing and applying appropriate branching, labeling/\nnaming conventions using GIT source control.\n* Implemented the setup for Master slave architecture to improve the performance of Jenkins.\n* Used Jenkins to implement Continuous Integration and deployment into Tomcat/Web logic\nApplication server.\n* Created Ansible playbooks for automating the Infrastructure, deployment process.\n* Managed clients, roles, tasks, playbooks in Ansible.\n* Deploy and monitor scalable infrastructure on AWS & configuration management.\n* Worked on making application more scalable and highly available in AWS.\n* Created AWS IAM roles & total architecture deployment end to end (creation of EC2 instances\n& its infrastructure)\n\nEnvironment: GIT, Maven, Jenkins, Tomcat, Docker, Jira, AWS, Ansible, LAMP\n\nSoftware Engineer\n\nhttps://www.indeed.com/r/Rahul-Bollu/dc40f5ce78045741?isid=rex-download&ikw=download-top&co=IN\n\n\nHCL Technologies -\n\nSeptember 2014 to Present\n\n? Coordinate/assist developers with establishing and applying appropriate branching, labeling/\nnaming conventions using GIT source control.\n? Implemented the setup for Master slave architecture to improve the performance of Jenkins.\n? Used Jenkins to implement Continuous Integration and deployment into Tomcat/Web logic\nApplication server.\n? Created Ansible playbooks for automating the Infrastructure, deployment process.\n? Managed clients, roles, tasks, playbooks in Ansible.\n? Deploy and monitor scalable infrastructure on AWS & configuration management.\n? Worked on making application more scalable and highly available in AWS.\n? Created AWS IAM roles & total architecture deployment end to end (creation of EC2 instances\n& its infrastructure).\n\nProcess Associate\n\nMicrosoft -\n\nJuly 2013 to August 2014\n\nResponsibilities:\n* Collect and document user requirements.\n* Design and develop database architecture for information systems projects.\n* Design, construct, modify, integrate, implement and test data models and database\nmanagement systems.\n* Conduct research and provide advice to other informatics professionals regarding the selection,\napplication and implementation of database management tools.\n* Operate database management systems to analyze data and perform data mining analysis.\n\nEDUCATION\n\nBachelor Of Science\n\nVaughn College of Aeronautics and Technology\n\nSKILLS\n\nAWS (3 years), Tomcat, Ansible, git, LAMP, docker, jenkins, Maven, Jira\n\nADDITIONAL INFORMATION\n\nTechnical Skills:\n\nCloud Technologies: AWS\n\nOperating Systems: Linux, Windows.\nVersion Control Systems: GIT\nAutomated Build Tools: Maven\nContinuous Integration: Jenkins\n\n\n\nScripting Languages: Shell Scripting\nConfiguration Management: Ansible.\nContainer service: Docker', NULL, 'notDone', 'NONE', 0, 0, NULL, '2018-09-10 10:45:49', '2018-09-10 10:45:49', 0),
  (3355488, '2c9fafb062ca71c00162cdd45c8e0008', 'Ramya. P\nHyderabad, Telangana - Email me on Indeed: indeed.com/r/Ramya-P/00f125c7b9b95a35\n\n( 2 year Experience)\n Working currently with Accenture services Pune as a Software Test Engineer with Client\nAccenture on British Telecom Open reach Project, using Agile Methodologies.\n Experience in automating provision journey in QTP (UFT)\n Good understanding of the project with deep domain knowledge of Telecom with respect to\nProvisioning and Assurance.\n Expertise in functional, CST, Integration and E2E testing on CRM application for the BT\nAssurance journey with respect to different products.\n Expertise in understanding of the new requirements and developing test cases for new features\nbeing implemented in the code base and executing them.\n Good in understanding of the change with involvement in regular solution design discussions,\ntechnical changes discussions with Solution Designers and Stake holders accordingly.\n Proficient with the SDLC, STLC and Defect life cycle.\n Excellent communication skills with proficiency at grasping new technical concepts quickly and\nutilize the same in a productive manner.\n Mentored new joiners on the Overall view of the project, Features and Functionality of Testing.\n\nWilling to relocate: Anywhere\n\nWORK EXPERIENCE\n\nSoftware Engineer\n\nAccenture -  Hyderabad, Telangana -\n\nDecember 2015 to Present\n\nBT Openreach (British Telecom)\n\nBT Openreach is responsible for looking after the local network (connection from your property\nto local exchange) that makes the running of telecommunication services possible. BT helps to\nprovide lines for telephone connection. It has products like PSTN, Ethernet, NGA, and LLU. BT acts\nas an intermediate between customer and connection provider.\nBT Openreach is a software module which manages BT business right from the placement of the\norder, managing appointments, monitoring status to order completion.\n\nRole and Responsibilities:\n\n Performing a Sanity test on the application and working on stabilizing the test environment for\nsmooth testing activities everyday SOP.\n Assigning the task and updating the reports to management by collating the data of each\nindividual in the team.\n Testing the application with respect to CST, Integration, Functional, E2E and Regression testing.\n Writing of Test Cases and execution based on the inputs such as customer requirements/test\nplan/test approach/ test techniques/ test strategies given based on the functionalities using Agile\nMethodologies.\n\nhttps://www.indeed.com/r/Ramya-P/00f125c7b9b95a35?isid=rex-download&ikw=download-top&co=IN\n\n\n Execution of test cases and bug reporting in Quality center\n Coordinated with developers to get the bugs reproduced and resolved\n Reviewing the release and build notes documents.\n\n Carry out regression testing every time when changes are made to the code to fix defects.\n Regular involvement in RCA calls for the defects raised on daily basis and attending Scrum calls\nfor updating the status of the stack present in a given timelines.\n\nLiberty global international (LGI):\n\nPresently working as a application support Engineer for LGI.\n\nRoles and Responsibilities:\n\nDaily monitoring servers heath check .\nSolving the incident using tools like nagious , splunk,graphana.\n\nAcheviments:\nReceived appreciation excuting high number of test cases with in the given time\nReceived appreciation from Client for finding show stopper defects.\nReceived appreciate for identifying P1 issue within the SLA\n\nEDUCATION\n\nBSc in Computer Science\n\nvasundhara womens\n\n2015\n\nnarayana jr.college\n\n2012\n\nSSC\n\npragathi high school\n\n2010\n\nSKILLS\n\nBlack Box (2 years), Black Box Testing (2 years), Database (Less than 1 year), java (Less than\n1 year), logging (Less than 1 year), SQL (Less than 1 year), Nagious (Less than 1 year), Splunk\n(Less than 1 year), Manual Testing (2 years), SDLC&STLC (2 years)\n\nADDITIONAL INFORMATION\n\nOperating Systems: Windows,\nLanguages: Core java\nTest Management Tool: HP Quality Center, HP ALM\n\n\n\nDatabase mySQL\nDefect Management Tools: AIT ( Accenture Intelligent Testing), QC\n\nProfessional Skills:\n\n Proficient in overall Manual testing concepts.\n Proficient in Functional E2E Testing, Black Box Testing, Regression Testing.\n Good at analyzing the requirements and preparing assessments for the new requirements.\n Expertise in Development of test cases for the new features being implemented using different\ntest design techniques. This included Analysis of the Feature Documents and developing a\nstrategy for testing the feature.\n Good in defect logging and tracking activities till the closure of a defect using tools QC and AIT.', NULL, 'notDone', 'NONE', 0, 0, NULL, '2018-09-10 10:45:49', '2018-09-10 10:45:49', 0),
  (3355489, '2c9fafb062ca71c00162cdd45c8e0008', 'Sai Dhir\n- Email me on Indeed: indeed.com/r/Sai-Dhir/e6ed06ed081f04cf\n\nWORK EXPERIENCE\n\nSasken Technologies Pvt. Ltd -  Pune, Maharashtra -\n\nJanuary 2017 to Present\n\nORACLE -\n\nJanuary 2011 to Present\n\nSTP is basically a router that realys ss7 messages through various signally points. In project all\nSTPs were replaced by ORACLE STP due to its advanced features, high end support, flexibility.\nThe STP is connected to adjacent SEPs and STPs via signaling links. Based on the address fields\nof the SS7 messages, the STP routes the messages to the appropriate outgoing signaling link.\n\nClient: ORACLE\nTeam Size: 4\nRole: fetching data, analyzing, monitoring, troubleshooting\nTechnologies: filezilla, putty\nMajor Development\n? Currently working on External Browser Integration for the Payment Gateway\n? Multiple Shipping methods Inside Order Invoice\n\nORACLE -  Gurgaon, Haryana -\n\nOctober 2016 to January 2017\n\nKarizma Order Manager & Karizma Order System\n\nORACLE -\n\nMarch 2011 to October 2011\n\nStamp Duty means a tax payable on certain legal documents specified by statute; the duty may\nbe fixed or ad valorem meaning that the tax paid as a stamp duty may be a fixed amount or\nan amount which varies based on the value of the products, services or property on which it is\nlevied. It is basically a kind of tax paid on any transaction based on exchange of documents or\nexecution of instruments.\n\nClient: Max Life Insurance\nTeam Size: 4\nRole: Business Analyst, Testing and Bug Fixing.\nTechnologies: Group Asia\nMajor Development\n? Reading of the new requirements and have a thorough knowledge regarding the functionality\nand generating test case regarding it.\n\nhttps://www.indeed.com/r/Sai-Dhir/e6ed06ed081f04cf?isid=rex-download&ikw=download-top&co=IN\n\n\nPMJJ BY: PMJJBY (Pradhan Mantri Jeevan Jyoti Bima Yojana) is a one year Life insurance scheme,\nauto renewed every year, offering coverage for death due to any reason. The PMJJBY scheme is\navailable to anyone between 18 and 50 years of age and with a CSB Savings bank account. The\nmain administrator within the scheme could be life insurance corporation in addition to hardly\nany other insurance providers who will be able to give similar benefits under the scheme\nTeam Size: 4\nRole: business analyst, testing\nTechnologies: group asia\n\nEDUCATION\n\nClient-Server Architecture\n\nCDAC -  Mohali, Punjab\n\nJanuary 2017 to Present\n\nBachelor of Engineering in Engineering\n\nPunjab Technical University (PTU) Jalhandar\n\n2012 to 2016\n\nB.E\n\nPunjab Technical University\n\n2012 to 2016\n\nAndroid\n\nCDAC Mohali -  Mohali, Punjab\n\nSKILLS\n\nCHANGE MANAGEMENT (Less than 1 year), Configuration Management (Less than 1 year), Git\n(Less than 1 year), Incident Management (Less than 1 year), Linux (Less than 1 year)\n\nADDITIONAL INFORMATION\n\nOperating Systems Windows 7, ubuntu Linux\nConfiguration Management Git, svn\nIncident Management IBM i series 400\n\nDomain insurance\n\nPlatform - Windows\n\nFramework-Group Asia\n\nDomian Telecom\n\n\n\nDomain telecom\n\nPlatform-windows\n\nFramework-filezilla, putty', NULL, 'notDone', 'NONE', 0, 0, NULL, '2018-09-10 10:45:49', '2018-09-10 10:45:49', 0),
  (3355490, '2c9fafb062ca71c00162cdd45c8e0008', 'Samyuktha Shivakumar\nLooking for strategic opportunities in the field of marketing\n\nBangalore, Karnataka - Email me on Indeed: indeed.com/r/Samyuktha-Shivakumar/\ncabce09fe942cb85\n\nWORK EXPERIENCE\n\nMarketing Operations Specialist & Product Marketer\n\nThoughtWorks -  Bengaluru, Karnataka -\n\nAugust 2012 to June 2016\n\nProduct Marketer - GoCD, ThoughtWorks Studios\n* Responsible for shaping the product marketing strategy of GoCD, an open source continuous\ndelivery product supported by ThoughtWorks\n* Worked cross-functionally with product research and development, design, customer operations\nand PR to deliver integrated go-to-market strategies for new app releases and product launches\n* Led research initiatives analyzing behavioural metrics, driving and monitoring member insights,\nand owning competitive insights by using tools like Google Analytics\n* Project headed the revamp of the GoCD website by working in tandem with the design and\ndevelopment team\n* Established a consistent process to handle the launch of new product versions and ensured it\nworked on a recurring basis\n* Worked with the development and management team to publish relevant content to the open\nsource community on a regular basis\n* Built a strong digital marketing strategy and leveraged the use of several tools to stay on top\nthe product\'s online presence and reach:\n? BuzzSumo, Hootsuite, and Tweet Deck for social media marketing\n? Google Adwords for SEO\n? Buzzstream, Medium, Wistia and Quora for content marketing\n\nMarketing Operations Specialist - Global Marketing\n* Planned and executed global marketing events to build email campaigns, target audience lists,\ncommunication collateral and follow-up processes\n* Expert user of the marketing automation tool Marketo; worked with regional marketing teams\nglobally to set up their systems from scratch\n* Proactively worked on identifying new customer groups and developed optimal channels to\nreach them\n* Led the creation and management of a marketing performance dashboard that reported on\nmarketing investment, conversion, and overall campaign performance\n* Responsible for providing reliable and consistent metrics on the effectiveness of marketing\ncampaigns to stakeholders, and strategies to improve them\n* Worked in tandem with the design team to develop email and landing page templates, and\ncreated relevant content for them\n* Provided expertise and guidance about marketing automation best practices to global\nmarketing teams by setting internal benchmarks, and ensuring high quality across all regional\ncampaigns\n\nhttps://www.indeed.com/r/Samyuktha-Shivakumar/cabce09fe942cb85?isid=rex-download&ikw=download-top&co=IN\nhttps://www.indeed.com/r/Samyuktha-Shivakumar/cabce09fe942cb85?isid=rex-download&ikw=download-top&co=IN\n\n\n* Established an effective process for onboarding new users to Marketo, and developed the\nrequired training material\n* Co-ordinated with sales leads to develop an ongoing program that managed all stages of lead\ndevelopment, from cold nurtured inquiries to closed opportunities, ensuring timely follow-up on\nqualified leads\n\nHighlights at ThoughtWorks:\n Successfully worked with marketing teams in US, UK, Australia, China, Brazil, South Africa and\nUganda\n Underwent training with expert Marketo consultants in San Mateo, USA\n Spoke at a number of internal conferences on the impact of marketing automation on business\nand related topics\n Consistently recognised by management for working effectively with globally distributed team\nmembers and successfully completing campaigns\n\nMarketing Specialist\n\nOracle -  Bengaluru, Karnataka -\n\nJune 2009 to July 2012\n\nMarketing Specialist  Hardware Programs Lead \n? Designed and executed campaigns based on key industry trends and strategic market\nopportunities\n? Developed innovative programs aligned to business requirements and sales priorities\n? Worked on campaign target lists, key messages, calls to action and success metrics\n? Aligned closely with stakeholders like Product Marketing, Field Marketing, Sales Consulting and\nSales Management teams to execute campaigns\n? Published regular reports on program results, highlighting patterns, growth trends, best\npractices and key learnings\n? Ensured sales teams readiness through effective sales training and continually worked to\noptimize processes \n\nBusiness Analyst - Channel Support Specialist \n? Extended complete sales support to Oracle North America Alliances & Channel Sales team\n? Assisted Field Channel Managers in indirect deal closures with complete operations support\nfrom order to cash\n? Primary point of contact to the four exclusive distributors of Oracle and other tier two partners\nin the North America region\n? Managed the non-standard approval requests through Oracles unified approval chain\n? Supported Group Sales Director in identifying new growth areas & practices in line with sales\nstrategies\n\nHighlights at Oracle:\n Was awarded the Most Valuable Player, an accolade given to the top performer of the team \n Winner of an internal contest for achieving the highest SLA on a consecutive basis\n Instrumental in training the new hires and on-boarding them within a short span of time\n Recognised by senior management for being a key contributor to the sales team\n\nAnalyst - Operations\n\n\n\nTESCO -  Bengaluru, Karnataka -\n\nJune 2006 to November 2006\n\n? Worked as an analyst with the Accounts Payable team\n? Responsible for processing vendor invoices\n\nEDUCATION\n\nPost Graduate Diploma in Business Administration in Marketing and\nHuman Resource\n\nMount Carmel Institute of Management -  Bengaluru, Karnataka\n\nJune 2007 to May 2009\n\nSKILLS\n\nProject Management, Product Marketing, Campaigns Management, Digital Marketing, Social\nMedia Marketing, Marketing Operations, Content Marketing, Channels Operations, Marketo\nAdmin User, Microsoft Office, Cross Functional Marketing, Salesforce, Marketing Programs,\nGlobal Marketing, Marketo, Training\n\nLINKS\n\nhttps://www.linkedin.com/in/samyuktha-shivakumar-85568213/\n\nADDITIONAL INFORMATION\n\nCurrently on a break to be with toddler child. Looking to get back to work now.\n\nhttps://www.linkedin.com/in/samyuktha-shivakumar-85568213/', NULL, 'notDone', 'NONE', 0, 0, NULL, '2018-09-10 10:45:49', '2018-09-10 10:45:49', 0),
  (3355491, '2c9fafb062ca71c00162cdd45c8e0008', 'Sarfaraz Ahmad\nAssociate network engineer - TATA Communications Ltd\n\nMuzaffarpur, Bihar - Email me on Indeed: indeed.com/r/Sarfaraz-Ahmad/1498048ada755ac3\n\nCisco Certified Internetwork Associate in Routing & Switching with progressive experience in\ndeployment and administration of Network infrastructure. I am looking for opportunities to further\nimprove my abilities & skills in the field of Network and Security technologies.\n\n? Professional 2.5 years of experience in network Implementation & Troubleshooting in local and\nremote environments.\n? Well accented with the key IT skills in the domain of LAN/WAN/Network Security, installation &\nconfiguration of IT networks, maintenance & troubleshooting.\n? Potential of handling multiple tasks easily and capable of meeting deadlines.\n? Possess excellent interpersonal communications and organizational skills.\n\nWORK EXPERIENCE\n\nAssociate network engineer\n\nTATA Communications Ltd -  Pune, Maharashtra -\n\nMarch 2017 to Present\n\nDepartment: CMIP (IP Provisioning)\n\nResponsibilities:-\n? Working on Alcatel Migration project for Tata Communications Ltd, responsible for provisioning\nand migrating customer services from Cisco (7200/7600) /Juniper (MX104) to Alcatel provider\nedge router (SR 7750)\n? To carry out bulk migration and planned events of enterprise customers to enhance the network\ncapabilities and compatibilities for new technologies.\n? Responsible for carrying domestic as well as international customer services migration\nactivities in bulk. Involving all other stakeholders responsible for end to end delivery of customer\nservices, to carry the successful migration.\n? Parenting existing business switch ring with Alcatel Routers in combination with cisco routers\nwith the help of field Engineers and synchronizing vlan database on each switch.\n? Shut the interface and protocol on Cisco Routers and un-shut the interface on Alcatel routers\nduring Migration activity.\n? Comparing the results of pre-check and post-checks and revert the links to cisco that are not\ncoming Up on Alcatel or not compatible with cisco i.e. EIGRP.\n? Troubleshooting and resolving the customer issues related to either at routing level such as\nEIGRP, OSPF, BGP, MPLS or at access level Post migration activity.\n? Troubleshooting and managing LAN-to-LAN VPN on cisco router.\n? Troubleshooting and managing GRE Tunnel on services Getaway.\n? Configuration on cisco, juniper, Huawei switch creation Ether channel, VLAN, MSTP, QNQ,\nDot1Q etc.\n? Configuring and managing SVI interface on a Layer3 switch to provide inter VLAN routing.\n? Configuration Line VTY on customer CISCO router.\n\nhttps://www.indeed.com/r/Sarfaraz-Ahmad/1498048ada755ac3?isid=rex-download&ikw=download-top&co=IN\n\n\n? Configuration port security on customer hand up switch port.\n? Troubleshooting end user network connectivity issue.\n? Performing technical escalations in line with company policy.\n? Accountable for customer review meetings weekly basis & giving feedback to the subordinate\nteam and Management.\n? Responsible for any internal or external escalation (Customer\'s End)\n? Focus on customer requirements and providing them strategic plans for backups, redundancies\nand minimum downtimes under severe outages.\n\nNetwork engineer\n\nCisco -  Mumbai, Maharashtra -\n\nAugust 2015 to February 2017\n\nResponsibilities/Achievement\n? Experience in configuring and troubleshooting of routing protocols and Firewalls\n? Backing up and Upgrading software on Cisco router, switches using TFTP server\n? Troubleshooting end user network connectivity issue\n? Experience in installing and configuring DHCP services on Cisco Router and Switch.\n? Configuring and troubleshooting Ether channel/Port-channel issue\n? Configuring and troubleshooting VLAN, VTP and STP.\n? Configuring and managing BPDU guard and Filter on a switch\n? Providing port security on switch interface\n? Dealing with Dynamic routing protocol Such as EIGRP, OSPF and BGP\n? Configuring and managing SVI interface on a Layer3 switch to provide inter VLAN routing\n? Worked on networks with WAN protocols such as HDLC and PPP.\n? Worked on Gateway Redundancy protocols such as HSRP on Cisco Router.\n? Implemented traffic filters using Standard and Extended access-lists, Distribute-Lists, and\nRoute Maps.\n? Installation, upgradation, Backup and restoration of checkpoint firewall\n? Implemented rules, NAT, URL filtering on checkpoint firewall.\n? Configuring and managing Rules and NAT on firewalls.\n\nEDUCATION\n\nBachelor of Commerce in Commerce\n\nR.D.S COLLEGE -  Bihar Sharif, Bihar\n\nJuly 2013\n\nH.S.C\n\nDr. R.M.L.S COLLEGE -  Bihar Sharif, Bihar\n\n2009\n\nS.S.C in G.N.H.S\n\nBihar School Examination Board -  Patna, Bihar\n\n\n\n2007\n\nSKILLS\n\nBGP (2 years), EIGRP. (2 years), OSPF (2 years), security (2 years), vlan (2 years)\n\nADDITIONAL INFORMATION\n\nTechnical Skills\n\nNetwork\n? Switching: CST, PVST, PVST+, RSTP and MST, VLAN, Private VLAN, Trucking, Inter-VLAN Routing,\nSPAN/RSPAN, Ether channel or Port Bundling using static and dynamic protocol (PAgP and LACP)\n? FHRP: HSRP (V1 & V2), VRRP and GLBP.\n? Routing: Configuration and Troubleshooting Layer 3 Routing protocols such as Static routing,\nfloating routing, RIP, EIGRP, OSPF, BGP, VRF-Lite and MPLS.\n\nData Security\n? Checkpoint Firewall: FW Monitor, TCP-Dumps, Rules, NAT, IPsec VPN, Backup & Restore, URL\nfiltering, Installation, Migration, Upgradation, ClusterXL etc.\n? ASA Firewall: Access Control Lists with object, Address Translation, IPsec VPN, LAN-to-LAN VPN,\nHigh Availability in Active-Active & Active-Standby Mode, Redundant interface, SLA Monitoring,\nSecurity Contexts.\n? IOS Firewall: Standard and extended access list and Zone Based Firewall (ZBF), DMVPN, IPsec,\nIPsec over GRE.\n\nServices\n? Services: ARP, GARP, RARP, DNS, DHCP, FTP, TFTP, TCP, ICMP, TELNET, SSH, HTTP, HTTPS. IP\nSLA, NTP, SNMP\n\nAreas of Interest\n\n? To perform troubleshooting and network performance planning.\n? To implement enterprise level network architectures.', NULL, 'notDone', 'NONE', 0, 0, NULL, '2018-09-10 10:45:49', '2018-09-10 10:45:49', 0),
  (3355492, '2c9fafb062ca71c00162cdd45c8e0008', 'Senthil Kumar\nSenior Technical Lead - HCL Cisco\n\n- Email me on Indeed: indeed.com/r/Senthil-Kumar/d9d82865dd38d449\n\n Result oriented Networking Professional with 11 years\' experience in\ntesting network products diversified skills includes testing ACI SDN fabric,\nUCSD orchestration, Routing and Switching: design, deploy and\ntroubleshoot customer network\n Extensive knowledge of Testing and Deploying network test plans,\nprotocols, Strategies and Lab Setup.\n In-depth knowledge of ACI fabric, Routing and switching protocols\n Proven communication skills and the ability to troubleshoot and solve\nnetwork issues\n Skilled in providing support in various networking testing activities to\nprovide effective support and handling of customer escalation and for\nensuring timely and effective support\n\nWORK EXPERIENCE\n\nSenior Technical Lead\n\nHCL Cisco -  Bengaluru, Karnataka -\n\nOctober 2015 to Present\n\nProject Title: Feature testing and Deployment on ACI fabric for Cisco IT and UCSD\n\n ACI Fabric deployment in single POD and Multi-POD environment\n Deployed Cisco ACI Multi-Site Controller with ACI fabric for Testing stretched\nEPG\'s between Data centers\n Deployed Cisco IT replica Setup in Local Lab\n Handling Cisco IT customer network and pre-deployment of image testing before handing to\nCISCO IT Customer\n End to end testing of Cisco IT test bed, upgrade and downgrade of Various\nimages\n Configured SDN Controller (APIC) Decommissioned and Commissioned in Cluster\n Configured UCS manager\n APIC upgrade downgrade, Cisco Nexus 9k leaf spine downgrade upgrade testing.\n Bring up ACI leaf and spine fabric with UCS fabric interconnect\n Implementation of VMware DVS and Cisco AVS in Esxi host and tested the AVS\nfunctionality\n Tested redundancy testing on leaf, spine and fabric interconnect\n Communicated inconsistencies between System Specifications and Test Results\nto development and/or analyst team\n Involved in Defect Review meetings escalating and prioritizing issues effectively\n Experience in implementation of VMware Infrastructure 5.5 / 6.0\n Managed Virtualization environment using VMware EXI 5.5/6.0, Vcenter 5.5/6.0\n Creating and Managing virtual machines and Templates\n\nhttps://www.indeed.com/r/Senthil-Kumar/d9d82865dd38d449?isid=rex-download&ikw=download-top&co=IN\n\n\n Migration of VM using Vmotion between Clusters\n Configured Windows iSCSI SAN and integrated to VMware\n Testing Cisco APIC with UCSD integration with Multi Site Controller\n\nTechnical Lead\n\nAricent Cisco -\n\nJuly 2012 to September 2015\n\nClient Cisco Systems\nProject Title: Feature testing and Deployment on CISCO CARRIER PACKET\nTRANSPORT\n\n Worked on EFT with Bharti Telecom and China Telecom Demo for 9.7 rings features\n Conducting the Dev-test activities for CTP for Rings 9.7 feature. Bring up new setup,\n Written test cases for CPT 50 Ring feature to test REP and also to validate MPLS TP and P2MP\nEVC\n Tested MPLS TP, single segment and multi-segment Pseudowire, P2MP EVC, REP\nfeatures.\n Tested EVC P2MP type on that carried out Single tag, Double tab of 802.1q and Dot1ad\n Based on Cisco Resilient Ethernet Protocol feature CPT 9.7 testing is carried out.\n Created open and closed end segment for REP topology and tested Rings CTP 9.7 feature\n Tested Mac learning, aging, flushing and limiting features\n Tested multiple frame size and JUMBO frame verification with MPLS TP\n Tested Link Aggregation verification with MPLS TP\n Tested Memory Backup verification with fully loaded CPT configuration\n Hardware redundant Plug in and Plug out Circuit Pack test and High availability testing\nfor CTP 600\n Network Protection verification testing with MPLS TP working LSP and Protected LSP\n Tested DHCP Snooping\n Tested EVC P2MP type on that carried out Single tag, Double tab of 802.1q and Dot1ad\n Tested Mac learning, aging and limiting features\n Supporting customer queries for the product\n\nTechnical Lead\n\nAricent Group -\n\nDecember 2011 to June 2012\n\nClient KeyMile Germany\n\n Conducting the Dev-test activities for Eth-Sys series switch. Bring up new setup,\npreparation of FT test plan, derive test estimate for the Release.\n Tested the various images submitted by release -ops team\n Carried out manual testing on Vlan 802.1Q ( Mac aging, Mac flooding, Tag and untag)\nusing SNMP mib browser and Aricent ISS\n Written test cases for RSTP and MSTP features and tested it.\n Debug the failures by configuring the test bed manually and filing the defects\n\nTechnical Lead (HCL)\n\n\n\nClient Cisco Systems -\n\nJanuary 2010 to December 2011\n\nCisco 12000 Gigabit\nSwitching Router)\n\n Performed the Role of Technical lead for a team member size of 4\n Test the various images submitted by release -ops team\n Carried out manual testing of Connection Server (HSRP) and OSPF features to verify\nthe functionality\n Tested OSPF point to point and Broadcast network\n Bring up new setup, prepare test plan, derive test cases and execute the test cases\n Debug the failures by configuring the test bed manually and filing the defects\n Interact & co-ordinate with Dev-test and Development team to review the CFD\'s and script\ncoverage.\n Find defects through manual testing and verify the defects\n Analyze both internal and externally found defects and come up with a plan to reduce the\ndefects missed out in the scripts.\n\nTest Lead (HCL)\n\nClient Cisco Systems -\n\nMay 2007 to December 2011\n\nVirtualization)\n\n Performed the Role of lead for a team member size of 5\n Image testing on ACE module and ACE 4710 Appliance.\n Coordinating with onsite/offsite teams in resolving the defects found when performing\nTesting.\n Given white paper & Presentation document in ACE High Availability and Securing\nACE 4710 with ACS server\n Test Plan writing, reviewing and planning test strategies.\n Peer to Peer Reviews to avoid Post Delivery Defects\n Lab Test Bed creation and Infrastructure Maintenance\n Configured High Availability of ACE Module, ACE Appliance and ANM Servers\n Configured End to End traffic Load balancing of Data center using the ACE 4710, ACE\nmodule and CSM devices\n Deployed different topologies NAT, Routed and Bridged for End to End traffic Load\nbalancing of Data center\n\nLab Administrator\n\nHCL Cisco -  Chennai, Tamil Nadu -\n\nMay 2003 to June 2007\n\nKey responsibility is to perform CISCO Network LAB Administration\n\n\n\nEDUCATION\n\nB.Tech in Computer Science in Computer Science\n\nDr MGR University Chennai -  Chennai, Tamil Nadu\n\nSKILLS\n\nCPT (3 years), Data Center (4 years), Ethernet (3 years), testing (10+ years), Virtualization (7\nyears)\n\nLINKS\n\nhttp://www.linkedin.com/in/senthil-kumar-9600101b\n\nADDITIONAL INFORMATION\n\nSkills\n\nVirtualization VMware-VSphere, DVS, Cisco AVS, Cisco\nACE\n\nSDN Cisco Application Centric Infrastructure\n(ACI)\n\nL2/L3 Protocols OSPF, EIGRP, MPLS, VLAN, VXLAN,\nSTP, RSTP, VPC\n\nMetro Ethernet Protocols Carrier Ethernet protocols EVC, MPLS TP,\nPsudoWire, REP\n\nTraffic Generation Tools Traffic tools IXIA Iexplore and Smart Bit\n\nTesting Tools Wireshark and MIB Browser\n\nNetwork Products Cisco SDN ACI Fabric\nVMWare 5.5 and 6.0\nCisco UCSD Orchestration\nCarrier Ethernet devices (CPT []\nCisco Metro Ethernet 2600\nCisco routers GSR 12000, 7600\nData center Virtualization using the ACE\nNexus 5k and ACI 9K switches\nCat 6500 and 3550 Switches\n\nhttp://www.linkedin.com/in/senthil-kumar-9600101b', NULL, 'notDone', 'NONE', 0, 0, NULL, '2018-09-10 10:45:49', '2018-09-10 10:45:49', 0),
  (3355493, '2c9fafb062ca71c00162cdd45c8e0008', 'Shaheen Unissa\nSAP ABAP Consultant\n\nHyderabad, Telangana - Email me on Indeed: indeed.com/r/Shaheen-Unissa/\nc54e7a04da30c354\n\n Having 8 years of experience in IT industry as SAP ABAP Developer. She\nwas involved in multiple projects viz. 3 Live Cycle Implementations of SAP and\nworked on Rollout Project (Federal Mogul) . Worked in end to end implementation\nproject MPT (Mormugao Port Trust), GOA at client location and also offshore at pune\nfor MPT.\n She has worked on end to end implementation project with client Etisalat on SRM\nserver.\n She has worked for GE (General Electric Company) Support Project and Acelor Mittal\nend to end implementation project at offshore Hyderabad.\n She has worked for NNIT (Novo Nordisk) and M.R.S oil and gas company at offshore\nHyderabad. She has worked on Windows 98, 2000, windows vista platforms.\n Worked for MPT (Mormugao Port Trust) at client location GOA for 7 months which is\nAn end to end implementation so got an good exposure in port operating system.\n\nOrganization Designation Duration\nTech Mahindra Limited, Hyderabad, India. Sr. Software Engineer May/2008 - May/2016\n\nWORK EXPERIENCE\n\nSAP ABAP Consultant\n\nAcelorMittal -\n\nMarch 2015 to April 2016\n\nProject Description:\nArcelorMittal is the world\'s leading steel and mining company. Guided by a philosophy to produce\nsafe, sustainable steel, it is the leading supplier of quality steel products in all major markets\nincluding automotive, construction, household appliances and packaging. ArcelorMittal is present\nin 60 countries and has an industrial footprint in 19 countries.\n\nContribution:\n* Developed reports both interactive and classical.\n* Developed interactive reports.\n* Developed LSMW to upload material master data.\n* Developed LSMW to upload vendor master data.\n* Developed LSMW to upload Purchase info records.\n* Developed Smartform to print sales order confirmation.\n* Developed Smartform to print purchase order details.\n* Developed Smartform to print Invoice details.\n\nHandled error in workflow.\n\nhttps://www.indeed.com/r/Shaheen-Unissa/c54e7a04da30c354?isid=rex-download&ikw=download-top&co=IN\nhttps://www.indeed.com/r/Shaheen-Unissa/c54e7a04da30c354?isid=rex-download&ikw=download-top&co=IN\n\n\nSAP Modules/ Tools:\n PP, MM and SD.\n\nConsultant\n\nSAP ABAP -  BADI, MADHYA PRADESH, IN -\n\nOctober 2012 to February 2015\n\nProject Description:\nEtisalat is the Middle East\'s leading telecommunications operator and one of the largest\ncorporations in the six Arab countries of the Gulf Cooperation Council, with a market value of\napproximately Dh81 billion (US$22 billion) and annual revenues of over Dh32.9 billion (US$9\nbillion)\n\nA multinational, blue-chip organization, Etisalat has operations in 15 countries in the Middle East,\nAfrica and Asia. Nearly 42, 000 people are directly employed by the company.\n\nEtisalat\'s international acquisition program began in earnest in 2004 when it won the second\nmobile license - the first third-generation (3G) mobile license - in Saudi Arabia. Since then, the\ncompany has witnessed rapid expansion that has positioned it as one of the world\'s fastest\ngrowing operators, with subscribers rocketing around 3, 475 per cent from four million in 2004\nto 141 million in2013.\n\nContribution:\n Developed class using methods to increase the RFx number ranges based on opco code and\nadding prefix for portal system in SRM server.\n Developed class with methods to get the details of supplier profile and updating the same in\ncustom table and generating a email notification to the vendor manager using web dynpro for\nportal system in SRM server.\n Developed a smartform for purchase order in SRM server.\n Modified standard smartform for Bid bond invitation form \"BBP_ BID_INVITATION\" adding cover\nletter as first page.\n Implemented a BADI \"BBP_OUTPUT_CHANGE_SF\" to trigger the Bid bond smartforms based on\nopco code.\n Implemented a BADI \"BBP_DOC_CHANGE_BADI\" to change the purchase organization and\npurchase group based on opco code.\n\n Developed a class to download multi excel sheet to transfer the data from SRM to CLM on\npresentation server as well as in CLM server.\n\n Developed a class for generating mail for RFX responses rejected.\n\nConsultant\n\nSAP ABAP -\n\nDecember 2011 to March 2012\n\nProject Description:\n\n\n\nM.R.S. Oil and Gas Company Limited distribute and supplies petroleum products. It offers\nkerosene and gas oils. The company was founded in January 1998 and is based in Lagos, Nigeria.\nM.R.S. Oil and Gas Company Limited operate as a subsidiary of MRS Group. The company has\nacquired a total of 426 fuel stations spread across the country and plans were on course toward\nbranding more filling stations.\n\nContribution:\n Developed smartforms for Bank Wire Transfers for MRS Oil Nigeria. (a) Payment made in\nNigerian Naira - Local Payment. (b) Payment made in USD to Local Vendors. (c) Payment made\nin Foreign Currency to Foreign Vendor.\n Developed a smartform to print the Request for Quotation as per client Requirement.\n Developed a smartform for Physical Inventory is used to conduct physical stock counts in\nstorage locations in order to check book inventory to physical inventory (MI01)\n Developed a smartform for Operational Work Clearance Document in work clearance\nmanagement.\n Developed smartform for work permit.\n\nSAP Modules/ Tools:\n PP, MM, PM, SD and IS-Oil.\n\nConsultant\n\nSAP ABAP -\n\nJuly 2011 to November 2011\n\nProject Description:\nArcelorMittal is the worlds leading steel company, with operations in more than 60 countries.\nArcelorMittal is the leader in all major global steel markets, including automotive, construction,\nhousehold appliances and packaging, with leading technology, as well as sizeable captive\nsupplies of raw materials and outstanding distribution networks. In 2010, ArcelorMittal had\nrevenues of $78.0 billion and crude steel production of 90.6 million tonnes, representing\napproximately 8 per cent of world steel output.\n\nContribution:\n Developed Quality Claims Report for purchase orders for which whole cycle is done and also\nat sales distribution side.\n Developed a Zbapi for portal to display the data in portal from different tables.\n\nSAP Modules/ Tools:\n PP, MM, PM and SD.\n\nConsultant\n\nSAP ABAP -  Bangalore, Karnataka -\n\nOctober 2010 to June 2011\n\nGE employees over 13, 000 people in India. It exports over $1 billion in products and services.\n\nContribution:\n\n\n\n Handling HPSD tickets as well as GMR tickets.\n Modified existing production summary report which gives shop performance for past fiscal\nweeks. It also gives data regarding the current shop situation and expected outcome for the\nupcoming quarter.\n Modified induction slot module pool program to display the comments entered in production\nstatus report for a given project.\n Modified life limited parts smart form which gives the list of LLP information for each Engine. This\nform compiles the Outgoing Shop Visit Documentation Pack for the customer for each Engine/\nModule shop visit and the audience will be outgoing customer records business users from the\nDocumentation department.\n Modified cost accumulation invoicing process to upload file for billing request.\n\nSAP Modules/ Tools:\n SAP ECC 6.0\n PM\n\nConsultant\n\nSAP ABAP -\n\nMay 2010 to September 2010\n\nProject Description:\nNovo Nordisk is a Healthcare company and a world leader in diabetes care. Since 1923, Novo\nNordisk has been committed to providing the best possible solutions for people with diabetes and\ntheir caregivers. Novo Nordisk products and services help millions of people worldwide better\nmanage their condition with the broadest diabetes product portfolio in the industry, including the\nmost advanced products within the area of insulin delivery systems, other treatment areas like\nhaemophilia and chronic inflammation. Novo Nordisk is a world leader in diabetes care.\n\nContribution:\n Reviewing and auditing the enhancements, reports, bi developments, interfaces and forms and\nmigrating them from Lotus notes to Solution manager.\n Used an USER EXIT SAPMF02K in program ZXF05U01 for validating vendor tax number range.\n Completing the Technical Specifications.\n Creation of Handling over documentation\n\nConsultant\n\nSAP ABAP -  Marmagao, Goa -\n\nOctober 2008 to April 2010\n\nProject Description:\nMormugao Port Trust (MPT), GOA is end to end implementation project. MPT is one of the leading\nport in India from 1962.Mormugao Port, GOA is the premier iron ore exporting Port of India\nwith an annual throughput of around 27.33 million tonnes of iron ore traffic. Though ore is the\npredominant cargo, there has been a steady increase in liquid bulk and general cargo traffic ever\nsince it\'s joining the ranks of the Major Ports of India.\n\nContribution:\n\n\n\n Developed Customized screens for Container Maintenance for Port Operating System (POS)\nbased on service order number and vessel number, fetching the Import containers details from\nIW33 for this containers estimating and re-estimating for the new containers added and creating\nthe sales order with reference to the quotation number and extension of sales order bapi has\ndone.\n Developed Customized screens for Goods Movement (IN) for Port Operating System (POS) goods\ninward has to be done for MOHP plot and displaying the Stock Details.\n Developed customized screens for Barge unloading for MOHP (Mechanical ore hydraulic power)\nas per MPT users as well as Agents of MPT.\n Development of ALV Grid report to display the Warranty of the Equipment which is going to\nexpire in the given period or month.\n Developed Classical report to display the Vessel Shifted from different Berths during the\nTurnaround period.\n Developed a smart form to display the arrival status of vessels for the given period of time.\n Implemented User Exit MV45AFZZ for SD module to calculate the Penal rent based on days\nof start of period and billing to be done for every 10 days Routine - Created Routine-920 in SD\nmodule RV61A920 to calculate the % as per number of days\n Created a batch input program to upload Plant Maintenance Task List for long text tcode IA05.\n Property: Used Standard function module \'BAPI_RE_PR_CREATE\' to transfer Property master\ndata from legacy system to R/3 system for Real Estate through \'REBDPR\'. -Building: Used\nStandard function module \'BAPI_RE_BU_CREATE\' to transfer Building master data from legacy\nsystem to R/3 system for Real Estate through \'REBDBU\'. -Contract: Used Standard function\nmodule \'BAPI_RE_CN_CREATE\' to transfer Contract master data from legacy system to R/3\nsystem for Real Estate through \'RECN\'. -Rental object: Used Standard function module\n\'BAPI_RE_RO_CREATE\' to transfer Rental Object master data from legacy system to R/3\nsystem for Real Estate through \'REBDRO\'. -Business Partner: Used Standard function module\n\'BAPI_BUPA_CREATE_FROM_DATA\' to Create partners and \'BAPI_BUPA_ROLE_ADD_2\' to create\nRolls for the partners from the file on legacy system to R/3 system for Real Estate.\n\nSAP Modules/ Tools:\n SAP ECC 6.0\n SD, MM, FICO, PM, RE, POS\n\nSAP ABAP Consultant\n\n8 Federal Mogul -\n\nOctober 2007 to September 2008\n\nProject Description:\nFederal-Mogul Corporation is an innovative and diversified $6.3 billion global supplier of quality\nproducts, trusted brands and creative solutions to the automotive, light commercial, heavy-duty\ntruck, off-highway, agricultural, marine, rail and industrial markets. The 45, 000 people of Federal-\nMogul located in 35 countries drive excellence in all they do.\n\nContribution:\n Development of ALV Hierarchical report to display the backorders that are cancelled by\ncustomers and updates the database as \"BC\". An ALV report to display the Monthly Earned rebate\naccrued by month for all the active programs in SAP for the Sales organizations selected.\n Creation of the BDC for loading Return orders cancelled by customers in Sales order.\n\n\n\n Developed smartform for Certificate of origin and export invoice.\n Modified standard smartform of PO layout change\n\nSAP Modules/ Tools:\n SD, MM, PP, OTC\n\nEDUCATION\n\nB-TECH\n\nJAWAHARLAL NEHRU TECHNOLOGICAL UNIVERSITY\n\n2005\n\nADDITIONAL INFORMATION\n\nSAP Skills\n\n Classical and Interactive Reports\n BDC\'s, LSMW, BAPI,\n BADI, User Exits\n Data Dictionary objects\n Dialog Programming\n ALE/ IDOCS\n SAP Scripts, Smart Forms\n Possess hands on skill set on SD & MM modules.\n Experience on Unit testing (UT), functional testing (FT), UAT scripts and regression\nTesting\n Worked on SAP webdynpro applications.\n Worked on SRM server.\n Worked on Abap Workflow.', NULL, 'notDone', 'NONE', 0, 0, NULL, '2018-09-10 10:45:49', '2018-09-10 10:45:49', 0),
  (3355494, '2c9fafb062ca71c00162cdd45c8e0008', 'Shrishti Chauhan\nHave total work experience of 2.5 years on Oracle Fusion Middleware -\nSOA, WebLogic and MFT Module.\n\nBilaspur, Chhattisgarh - Email me on Indeed: indeed.com/r/Shrishti-\nChauhan/89d7feb4b3957524\n\nSeeking to hone and enhance my technical skills in Oracle Fusion Middleware while working as\na professional in challenging and goal oriented environment.\n\nWilling to relocate to: Bengaluru, Karnataka\n\nWORK EXPERIENCE\n\nTechnical Consultant\n\nOracle -  Bengaluru, Karnataka -\n\nOctober 2015 to Present\n\n Have total work experience of 2.5 years on Oracle Fusion Middleware - SOA, WebLogic and\nMFT Module.\n\n Have extensively worked on Support, Testing, Cloning, Monitoring and Maintenance support\nand Enhancement for the E-Commerce Project with multi system module.\n\n Have good understanding on End-to-End Business Process.\n\n Experience in developing and deploying BPEL Processes using technology adapters (DB\nAdapter, File Adapter, FTP Adapter and JMS Adapter).\n\n Part of a team for developing a BPEL process to integrate Oracle Fusion Applications. This\nOrchestrated BPEL Process had process activities like data conversion, transformation and fault\nhandling.\n\n Developed and deployed BPEL processes to import sales order and add lines to the sales order\nimported from external sources (Files and Databases) into Order Orchestration Module.\n\n Worked on BPEL process to create sales order within Order Orchestration Module using SOAPUI\nand Enterprise Manage.\n\n Have good understanding on Synchronous and Asynchronous processes, Transformations, XSD,\nXSLT and XPath\n\n Installation of Middle tier application server (SOA Suite 11g), configuring and deploying\napplication adapters and integrating with other ERP or 3rd Party Services.\n\n Working with the client team and communicating with the business teams regarding integration\nwith external Delivery System.\n\nhttps://www.indeed.com/r/Shrishti-Chauhan/89d7feb4b3957524?isid=rex-download&ikw=download-top&co=IN\nhttps://www.indeed.com/r/Shrishti-Chauhan/89d7feb4b3957524?isid=rex-download&ikw=download-top&co=IN\n\n\n As an Oracle Technical Consultant I was responsible for providing End-to-End support in the\nproject for Oracle Fusion Middleware.\n\n Good understanding of Service Oriented Architecture (SOA) with the middleware technologies\nfor application integration.\n\nTechnical Consultant\n\nOracle\n\nHave total work experience of 2.5 years on Oracle Fusion Middleware - SOA, WebLogic and MFT\nModule.\n\nEDUCATION\n\nC.S.\n\nCHHATTISGARH SWAMI VIVEKANANDA TECHNICAL UNIVERSITY\n\n2011 to 2015\n\nSKILLS\n\nXml, Oracle MFT, Core Java, Oracle SOA, WSDL, ODI\n\nADDITIONAL INFORMATION\n\nTECHNICAL SKILL SET\nERP Packages Oracle Fusion Middleware and Oracle Fusion Application (DOO/GOP)\nFusion Middleware Modules Oracle SOA, MFT and Web Logic (11G and 12C Version)\nAdapters Database, JMS, FTP and File\nTools JDeveloper, Enterprise Manager, Administrative Console, SOAP UI and BI Publisher\nProgramming Languages XML, C++ and Core Java\nDatabases SQL\nOperating System Unix and Windows\n\nPROJECT DETAILS\nProject Client HOLTS RENFREW\nRole & Duration Technical Consultant Oct-15\nScope of Project Oracle Fusion Middleware 11G and Oracle Fusion Application R12\nProject Description\nHolt Renfrew is 180 years old chain of high-end Canadian department stores specializing in an\narray of luxury brands and designer boutiques.\n\nResponsibilities\n Worked as Technical Consultant to the customer for the issues related to Oracle SOA (mainly\nBPEL and Mediator Components).\n Providing daily Server Health Check for SOA and DOO/GOP (SCM) to the customer.\n Attending/Conducting weekly customer calls and providing an update about the progress of\nthe issues.\n\n\n\n Interacting with the Clients to understand the requirement and details of the issues and\nproviding suggestions/answers to their queries.\n Resolving technical issues and enhancement raised by the customer.\n Reviewing work products from the Team Members and delivering products to the client on time\nwith high quality.\n RCA for the Complex Issues in client\'s version of Oracle SOA and SCM.\n Partially worked on functional issues related to DOO/GOP - Order Management and Inventory\nManagement.\n Working effectively with Oracle Product Support for any issue related to Standard Functionality.\n\nProject Client WHITBREAD PLC\nRole & Duration Technical Consultant SEPT-17\nScope of Project Oracle Fusion Middleware 12C and Oracle SAAS\nProject Description\nWhitbread PLC is the UK\'s largest hospitality company, owning Premier Inn and Costa Coffee, as\nwell as Beefeater, Brewers Fayre, and Bar Block.\n\nResponsibilities\n Worked as Technical Consultant to the customer for the issues related to Oracle SOA and MFT.\n Monitoring Critical Process and fixing the concurrent process running on SOA, MFT and ODI.\n Worked on developing and executing Integration Regression Test Script.\n Developing Application Understanding Documents for the Standard functionalities.\n Interacting with the Clients to understand the requirement and details of the issues and\nproviding suggestions/answers to their queries.\n Resolving technical issues and enhancement raised by the customer.\n Reviewing work products from the Team Members and delivering products to the client on time\nwith high quality.\n RCA for the Complex Issues in client\'s version of Oracle SOA and SCM.\n Working effectively with Oracle Product Support for any issue related to Standard Functionality.\n Co-ordinate internally with various teams, executives in providing the decisions to various\nfactors influencing the project implementation', NULL, 'notDone', 'NONE', 0, 0, NULL, '2018-09-10 10:45:49', '2018-09-10 10:45:49', 0),
  (3355496, '2c9fafb062ca71c00162cdd45c8e0008', 'Snehal Jadhav\nMumbai, Maharashtra - Email me on Indeed: indeed.com/r/Snehal-Jadhav/005e1ab800b4cb42\n\nWORK EXPERIENCE\n\nL1 network engineer\n\nCisco -  Mumbai, Maharashtra -\n\nFebruary 2017 to Present\n\nassociated with Cisco on the role of ACESOFTLABS (INDIA) Pvt. Ltd\n\nEDUCATION\n\nHSC\n\nMaharashtra Board\n\nMarch 2012\n\nSSC\n\nMaharashtra Board\n\nMarch 2010\n\nB.E in Electronics & Telecommunication\n\nShivaji University\n\nSKILLS\n\nArchitecture (Less than 1 year), BGP (Less than 1 year), DHCP (Less than 1 year), DNS (Less\nthan 1 year), EIGRP (Less than 1 year)\n\nADDITIONAL INFORMATION\n\nTechnical Skills\n\n Layer 2 Technologies like VTP, VLAN, STP, and RSTP.\n OSI Architecture, TCP/IP Module\n TCP/UDP, DHCP, DNS\n MP-BGP IPv4/IPv6, VPNv4, VPNv6, RT-Filter, IPv6-Multicats.\n Access-List, Prefix-List, Distribution List, QOS.\n MPLS, L2/L3 VPN.\n GRE, IPSec, DMVPN.\n FTP-Active/Passive, TFTP.\n Configuring and Troubleshooting L2 and L3 Ether channels on Cisco 3550, 3560, 2950 switches.\n IP Addressing, VLSM, Summarization, understanding Lease Line and Dedicated Lease Lines.\n\nhttps://www.indeed.com/r/Snehal-Jadhav/005e1ab800b4cb42?isid=rex-download&ikw=download-top&co=IN\n\n\n Configuring HSRP, VRRP, GLBP on Cisco Routers and Switches.\n VTP & Frame Tagging protocols ISL, Dot1q\n NAT, PAT, NAT-T.\n Strong skills in Configuring Cisco Routers (ASR901, ASR903, ASR900) using ISIS, OSPF, EIGRP\nand BGP. A good understanding of working on Small to High E1nd Routers and Switches.\n Comprehensive understanding of networking concepts pertaining to LAN, WAN, Security, IT\ncommunication, WAN protocols, Networking devices administration and maintenance in multi-\nplatform environments.\n Strong hands-on technical knowledge of Microsoft Operating Systems (Network & Desktop),\nestablishing & managing networks, Cisco Routers, Hardware clients & switches.\n Expertise in managing medium to large networks with Routers, Switches.', NULL, 'notDone', 'NONE', 0, 0, NULL, '2018-09-10 10:45:49', '2018-09-10 10:45:49', 0),
  (3355497, '2c9fafb062ca71c00162cdd45c8e0008', 'Srinivas VO\nSr. Test Manager\n\nMumbai, Maharashtra - Email me on Indeed: indeed.com/r/Srinivas-VO/39c80e42cb6bc97f\n\nA Test Manager, with a track record of 15+Yrs ( 4yrs UK onsite) delivering major test solutions\nfor global projects ($40m) on behalf of leading blue chip organisations. Delivering IT solutions,\nranging from simple to complex and challenging projects and programs, establishing an enviable\nrecord of on-time, high quality & added value delivery.\n? Testing capabilities to existing customers and prospective customers during client visits / at\ncustomer location.\n? Own and Support RFI/RFPs, proposal walkthroughs and presentations and Transition\nknowledge from pre-sales to delivery, in case of project win\n? Analyze proposal requirements in direct relation with clients, and provide innovative\nsolutions, as part of proposals\n? Develop proof of concepts to prospects during pre-sales phase, Provide test consulting\nservices, on demand & Collate repository from delivery team, along with case studies for use in\nproposals, presentations and consulting\n? Pipeline building through new opportunities, cross-selling, up-selling and Establish\ncommunication with Geo Sales and other streams of business\n? Maintain Order Book, Win /Loss analysis, pre-sales metrics\n? Handle any technical question or issue which arises during a sales cycle and setting\nappropriate customer expectations.\n? Independently executes strategic leadership to others in identifying opportunities and Expert\nin driving pilots/proof of concepts.\n? Talented in handling extremely risk and competitive situations and responsible for product\nand services, revenue goals at team and regional level.\n? Proposed and implemented TCoE setup for 2 major clients, which helped in improving the\nproductivity by reducing the staffing and operational cost by 25%.\n? Involved in setup for Custom Application Testing Services (Oracle R12, Siebel, Fusion etc., )\nin Oracle SSI & Testing Centre of Excellence (TCoE)\n? Ability to excite customers, generate awareness of new possibilities that can yield additional\nrevenue.\n? Planning, scheduling and tracking of the project modules and conducted trainings across\nteams and Experience in proposals for the projects, resource planning and estimations.\n? Extensive experience on bid management, PMO process, risk management and prepared\nproject management office documents.\n? Expertise in building automation frameworks for Front to back testing of Retail / Healthcare/\nTelecom/ BFSI/Supply Chain Trading applications\n? Expertise in design, development and implementation of frameworks using UNIX, Java, .Net,\nVB, SQL, XML, SWIFT, MQ and FMW.\n? Experience in E2E testing of variety of Oracle Applications:\n? Oracle Retail: Oracle RMS, RPM, REIM, SIM etc.\n? Oracle Ebusiness Suite R12: AP, AR, GL, OM, PA, CM, TM\n? Oracle IDM: OAM, OIM, OVD, OID, SSO\n? Oracle Siebel: Public Sector, Call Center Apps, Ebilling Apps\n? Oracle Fusion Applications: Fusion HCM, R12, OBIEE\n? Oracle Transportation Management: Order Management,\nShipments, Transport Request management, Routing and Consolidation\n\nhttps://www.indeed.com/r/Srinivas-VO/39c80e42cb6bc97f?isid=rex-download&ikw=download-top&co=IN\n\n\n? Oracle FlexCube & Oracle Health Sciences: Oracle Clinical\n? Oracle Communications: Billing and Revenue Management\n(BRS), Order Management and Order Fulfillment (OMOF)\n? Experience in managing large diversified team across geographies\n? Experience includes customization of methodologies for the business needs and deploying\nthem\ninto programs/projects\n? Experience in proposing out of box solutions for automation and convincing clients on alternate\nsolutions and investments in automation using\n? Oracle Tools (OATS, Oracle Load Tester, Oracle Test Manager)\n? HP Tools (QTP, Load Runner, Test Director, Performance Centre)\n? Rational Suite (Reqpro, RA, Rational Robot, RFT, RPT, RCC, RCQ)\n? Open Source / Other Tools: Selenium Webdriver 2.0, Testng, JMeter,\nAppium, Junit, Cucumber, JIRA, Maven, SOAPUI, Jbehave, BDD etc.,\n? A strategic thinker, problem solver, project implementer and change leader, who has\nconsistently\nprovided organizations with added value as they move towards achieving their objectives.\n? Helped many large and small organizations to establish sound project & management practices\nintegrated into the corporate framework to deliver projects, programs and managed portfolios.\n? Ability to identify business value in customer needs and translate to innovative solutions\ncommunicating the requirements & mission, in context, to both management & IT & Quality\ndevelopment, using sound, proven and valued management practices through integrated best\nprocesses from clients and IT Governance Frameworks (RUP, CMMI and ISO)\n\nSolution Sectors\nService successes in: Logistics & SCM, Investment Banking, Public Sector, Financial, Banking,\nRetail,\nHealth Sciences, Telecom, Real Estate, Hospitality, Outsourcing, Project Management, Knowledge\nManagement & Performance Management.\n\nClientele\nDHL (UK), Mobily (Saudi Arabia), UBS (London, UK), Rolls Royce (Derby, UK), TNT (Hinckley, UK),\nRCUK (Research Councils, Swindon, UK), ADAT (Middle East), OHI (Netherlands), Citibank (USA),\nTransurban (Australia), BCBS (Blue Cross Blue Shield, USA) etc.\n\nWilling to relocate: Anywhere\n\nWORK EXPERIENCE\n\nQA Manager\n\nTracelink -  Mumbai, Maharashtra -\n\nApril 2017 to October 2017\n\n? Define, evangelize, and implement global, unified agile delivery processes; select\ncommon tools; specify core quality-measurement KPIs,expand automated-testing in\nContinuous Integration environment\n? Project Manager and Scrum Master of company\'s highest priority Tracelink Products &\nTracelink L3 Support Projects recognized by executive management as the model for\n\n\n\nproject organization and execution.\n? Manage and administer relations, budgets, and contracts with outsourcing vendor\n? Define the test strategy and approach for one or many products, provide quality\nassurance leadership, and be ultimately responsible for ensuring product quality\n? Perform hands-on job that requires strategic thinking and planning to provide leadership\nand expertise throughout the entire QA life cycle, ensuring the success of the team\'s\nmanual and automation efforts\n? Lead efforts to develop, document, and implement applicable QA processes and\nprocedures to provide more effective quality methods within the group in support of\nproviding quality products\n? Create, implement, maintain, and enhance test plans, test scripts, and test\nmethodologies to ensure comprehensive test coverage\n? Develop world class automation for regression and feature testing\n? Work closely with all stakeholders to ensure project alignment\n? Provide quarterly presentations to executive staff on QA accomplishments and future vision\nand goals\nEnvironment: Amazon Cloud Services (Habari, Elasticache, Cloud Search, Dynamo, RDS, Redis,\nAmazon RedShift), Java, Scala, Selenium Webdriver, Jmeter etc.,\n\nSr. Test Manager\n\nconfidential -  Bengaluru, Karnataka -\n\nJuly 2013 to March 2017\n\nTest Manager, Client\n\nOracle SSI -  London -\n\nJanuary 2011 to November 2012\n\nLondon\nDescription: Oracle will provide services to Manage process workshops with UBS to map the\nOracle\nFusion Human Capital Management (HCM) applications processes to UBS\'s global processes.\nImplement\nOracle Fusion HCM applications within an Oracle. Software as a Service (SaaS) environment.\nSupport\nUBS with the mapping of the Oracle Fusion Applications data structures to UBS\'s current\nPeopleSoft 8.8\nsystem and then design, develop and unit test data load routines. This will include the definition\nof the reconciliation process. Configure and system test the application modules to support the\nLevel 3 standard\nbusiness processes and the UBS functional requirements identified.\nResponsibilities:\nDeveloped High Level Test Strategy for UBS - Group HR Applications (Viz., Workforce\nManagement,\nRecruitment and Talent Management, Compensation management, Payrolls, Learning and\nDevelopment,\nHR Service Management)\nInvolved in Setting up Test Environments Viz., (System Testing, SIT, Conversion Testing, Security\n\n\n\nTesting, Cutover Testing, Performance Testing, UAT)\nDeveloped Master Test Plans for Oracle Fusion HCM Applications (Viz., Compensation\nManagement,\nWorkForce Management, Recruitment and Talent Management) & Non Fusion Oracle Applications\n(viz.,\nService Management)\nDeveloped High Level Test Requirements for Workforce Deployment, Workforce development,\nSystem\nTest Cases for Workforce Management, Fusion Personalization\nReview Test Scripts for Fusion HCM Applications & Non Fusion Applications\nTrack and prepare the report of testing activities like test testing results, test case coverage,\nrequired\nresources, defects discovered and their status, performance baselines etc.\nDeveloped Test Automation Strategy & Automation Framework for Fusion HCM SAAS\nApplications.\nInvolved in Setting up Test Automation Infrastructure Environment for Automation Test Assists:\na. Test project Setup, Roles and Test planning using Oracle Test Manager\n\nb. Functional Test Script Development using Oracle Open Script\n\nc. Performance Test Script Development Using Oracle Load Tester\nEnsure the timely delivery of different testing milestones.\nConducted LESS (Load Testing, Endurance Testing, Stress Testing, Spike Testing) Testing Activities\nfor\nFusion HCM SAAS Applications.\n\nTitle: WMI, Period: Oct \'2010 - Dec \'2011\nProject Description: The world\'s largest retailer implements Oracle Retail applications including\nOracle\nRetail Merchandise System, Oracle Retail Allocation and other elements of the Oracle Retail Suite\nas part of its merchandising transformation initiatives.\nResponsibilities:\n? Direct Client dealings. Getting information from client on requirement for areas where in our\nexpertise in testing can be used and giving proposal.\n? Developed Domain Level Test Strategy\n? Manage entire testing activities from Functional test preparation/execution, Integration test\npreparation/execution, System test preparation/execution\n? Prepared scheduled plan for the client and updating the same in Microsoft Project Plan effective\ntracking of progress of project.\n? Tracking of testing progress in all areas and pointing out gaps to be filled to Client and own\nresources.\n? Review daily and weekly Testers\' status reports and take necessary actions and assessing the\nprogress and effectiveness of the test effort\n? Provide estimation for manual and automation testing areas.\n? Tested Oracle Retail Applications ( RMS, RPM, Allocation etc., )\n? Track Schedule and Effort deviation tracking in internal tracking tool.\n? Co-ordination of work between resources from India, USA\n? Expertise in QTP and coming out with an automation framework proposal for the client showing\ncasing advantages of an automated approach\n\n\n\nTest / Project Management\n\nOracle SSI -  Bangalore, Karnataka -\n\nMay 2008 to November 2012\n\nManaged 2 Project and Several minor releases with 50+ members Team of Test leads, Sr. test\nengineer, Test\nEngineers.\n\nTitle: UBS - Fusion HCM SAAS Implementation\n\nEDUCATION\n\nMSC in Computer science\n\nNagarjuna University\n\nBSC in Computer science\n\nKakatiya University\n\nSKILLS\n\nTesting (10+ years), Program Management (10+ years), Automation Testing (10+ years),\nSelenium Webdriver (4 years), Project Management (10+ years), Java (10+ years), AWS (10+\nyears), Cloud Computing (4 years)\n\nADDITIONAL INFORMATION\n\nExpertise\nInvolved and excelling in enterprise-wide initiatives, complex and time-critical business projects\nproviding\ndistinctive leadership at the following levels:\n? Account Management: Understanding inter-related services of the organization; representing\norganization within an account; selling entire portfolio of enterprise services; strategy to action\nby\nsuggesting right processes, skills, culture (people), technology and content; effectively\nmaintaining relationships with customers. Understanding key challenges of the customer;\nfinancial\nperformance of the client; competitors within the account; technology budget or spend; client\nspend on consulting. Key functions: business consulting; aligning IT to business; application\nportfolio review; business analysis/requirements; KPIs/scorecards; involved in writing;\nimplementing and tracking account plans; estimating budgets; business cases; RFPs; proposals\nand\nbusiness presentations.\n? Test Manager: Onsite / Offshore Operations: Involved in all key initiatives of the enterprise\nwith all vendors, pre sales activities, customer engagement, writing proposals, and Test\nconsulting.\n\n\n\nEstablished and managed practice improvement forum onsite with 50+ associates providing\ninputs\nto testing practice and provided lots of trainings.\n? Portfolio/Programme/Project Management level: Delivering programs and projects in managed\nportfolios from Initiation Business Case & Charter, through Requirements, Planning, Budgeting,\nExecution & Release Management, to closeout review while providing auditable progress &\ndeliverable completion visible to the project team, Management and stakeholders. IT projects\ncovering custom solutions, shrink-wrap product development, & commercial off-the-shelf\ndevelopment & integration.\n? Management and Governance establishing governance criteria and enforcing these through\neffective performance management & strategic planning; developing new opportunities;\npreparing\nbusiness cases, POC, POS and application review mechanisms; ensuring measurably high\ncustomer\nsatisfaction; setting BU objectives, educating, mentoring & guiding Sales & Marketing resources.\nDeveloping collaborative relationships with customers, vendors, and product support leaders.\nProviding integrated approach to CMMI, Earned Value, ROI, Training Plans, Satisfaction &\nExpectation Management, and Reporting.\n? Project Office, Project Procurement & Financial Management, developing, establishing &\nmaintaining PMO services, Organizational Governance tools & Systems, Traceability Matrix,\nproject & master Schedules, project Plans, Resource Profiles, organizational Capacity\nManagement, Cost, Risk & Issue, Integration sequence, Communication Plans, Mentoring,\nTraining, Templates, & Performance, for all PMBOK and CMMI disciplines.\n? Architecture, developing frameworks helpful for enterprises on strategic reuse, testing\nstrategy,\nautomation strategy, plans supporting Business Continuity essential to maintaining and\ncommunicating & solutions for business, development & stakeholder leaders & members.\n? Leadership, strong skills in Leadership, Motivation, Negotiation, Team building, Mentoring,\nTraining, Facilitation, Dispute Resolution, Collaboration, Communication & Organization\nDevelopment.\n? Process Engineering, Quality Assurance, Quality Control & Configuration Management,\nInvolved in SDLC definition and customization and method adaptation, process optimization,\nEnterprise-Wide Road Map for Standards Establishment, Components for Enterprise-Wide\nStandards, Standards Enforcement, Quality Assurance Continuum, Quality Control Continuum,\ndeveloping various test frameworks, methodologies and processes, Standard CMMI Appraisal\nmethod for Process Improvement (SCAMPI), establishing Quality Objectives, Goals, Metrics,\nForecasts, Enterprise level Test strategies, & tools, applying to IT Governance Frameworks.\n\nPersonal Strengths:\n? Provides direction and leadership with strong interpersonal and team building skills\n? Successfully works with people within and across organizational boundaries to build\nagreements,\nguidelines, and standards in order to resolve issues and create consistent practices.\n? Strong practitioner of clearly written purposeful communication and direction\n? Developing solutions to deliver quality products to clients through people and processes', NULL, 'notDone', 'NONE', 0, 0, NULL, '2018-09-10 10:45:49', '2018-09-10 10:45:49', 0),
  (3355498, '2c9fafb062ca71c00162cdd45c8e0008', 'Sudaya Puranik\nPrincipal Engineer Technical Staff - Company 1\n\nBengaluru, Karnataka - Email me on Indeed: indeed.com/r/Sudaya-Puranik/eaf5f7c1a67c6c38\n\nTo secure a promising position that offers both a challenge and a good opportunity for both\nprofessional and personal growth.\n\nWilling to relocate to: Bengaluru, Karnataka\n\nWORK EXPERIENCE\n\nPrincipal Engineer Technical Staff\n\nCompany 1 -  Bengaluru, Karnataka -\n\nSeptember 2005 to Present\n\nTotal Experience: 12 years 6 months.\nWorked onshore and offshore for the projects. Extensive client facing and team management\nskills.\n\nCompany 1: Oracle India Private Limited, Bangalore\nDesignation: Principal Engineer Technical Staff\nDuration: September 2005 - till date\n\nKEY TECHNICAL SKILLS\nDatabases: Oracle 9i/10g, MySql\nLanguages: PL/SQL, Shell Script.\nFrameworks and Portals: Oracle ADF\nServer side Technology: J2ee,\nIDE: Jdeveloper 10.x\n\nTECHNICAL EXPERIENCE SUMMARY\n? 1 year Oracle Applications checklist implementation\n? 3+ years of Disaster Recovery on Oracle Applications (EBSO 11i, R12) and Database.\n? 8+ years of Oracle Applications DBA with Build and Release activities.\n? Installation of Oracle Applications (EBSO 11i, R12) at Customer environment and carry out DR\n? Configuration of Oracle Applications (EBSO 11i, R12) as per Customer specification.\n? Configuration of Discoverer, Admin, Concurrent, Forms, Web, Reports done on separate pillars\n? Patching, Cloning of Oracle Apps\n? Database conversion from non-RAC to 2 node, 3-node RAC\n? Installation of OTO product on customer environment. Including the Infra, Asmt, discoverer,\nOC4J product.\n? Carried out Disaster Recovery solutions for OTO\n? Database Switchover code written for OTO\n? Domain knowledge of Manual Testing.\n? Oracle Apps Release and Build Engineer,\n? Carried out 11i and R12 Upgrades on Oracle Internal Customers.\n? Carried out 12.2.X upgrades from 11i and R12 baselines with 11g and 12c database level\n\nhttps://www.indeed.com/r/Sudaya-Puranik/eaf5f7c1a67c6c38?isid=rex-download&ikw=download-top&co=IN\n\n\n? Experienced with Database upgrades as well. Carried out upgrades from 10g to 11g, 11g to\n12C DB.\n? Have been awarded Extra Mile Award 2 times for execution of projects on time with quality.\n\nPrincipal Engineer\n\nORACLE -\n\nSeptember 2005 to Present\n\nOracle Apps DBA for R12 and 12.2.X baselines, responsible for all the EBS release activities ,\nhandled upgrades with latest adop technology.\n\nEDUCATION\n\nBachelor of Engineering (Information Science) in Information Science\n\nB V Bhoomaraddi College of Engg and Technology Hubli -  Hubli, Karnataka\n\n2005\n\nVisveswaraiah Technological University -  Belgaum, Karnataka\n\nSKILLS\n\nOracle Apps DBA Release Enginner\n\nADDITIONAL INFORMATION\n\nSoftware/Tools\n Test cases written in MS Word\n Carried out manually as QTP does not support this Application\n5) Disaster Recovery Portal for carrying out Recovery on the Customers.\n It involves a portal through which we provide the Customer details and host types. There are\nxml plug-in, which are installed and parsed as Workflows. The workflows contain the steps of the\nDR for the MT and DB. As and when required we can pause and skip during the recovery. Tool\ntested and verified by the On Demand Operations and Customers like GE, Xerox, RIT etc.\nClient: On Demand Operations, Oracle Bangalore\nRoles and Responsibilities:\n Developed all the plug-in needed for the recovery which include Database Plug-in, E-business\nSuite Plug-in.\n Monitoring and Support 24/7\n\nTeam Size: 2\n Software /Tools: Shell and Expect scripting.\n\n4) DR Solution for R12 (E-Business Suite)\nIt involves setting up the primary by installing Oracle Apps R12, setup the standby site i.e\nDatabase, Mid Tier, by cloning the same and recover. It also involves operations like Switch Over\nand Fail Over.\nBy Switch Over we mean Primary to Standby and vice versa\n\n\n\nBy Fail Over we mean the Primary has crashed, we need to make the Standby as the Primary.\nClient: On Demand Operations, Oracle Bangalore\n\nTeam Size: 2\nSoftware /Tools: Shell and Expect scripting, PLSQL.\n\nRoles and Responsibilities:\n\n Installation, Cloning, Patching of the Oracle Applications R12.\n Conversion of Database from non-RAC to RAC\n Setting up of the Standby.\n Carry out the Switchover, Fail over and Recovery.\n Carryout the whole Recovery Process through the UI.\n\n3) On Demand Service Continuity\n\nThe project dealt with \"Disaster Recovery & Backup\" which involves automating checks so that\ndisaster could be prevented. Also the recovery of database is involved.\nClient: On Demand Operations, Oracle Bangalore\nTeam Size: 5\nSoftware /Tools:\nUnix Advanced shell scripting and expect. (Involves working on Korn Shell)\n\nRoles and Responsibilities:\n Automated the checklists for E-business suite and PeopleSoft products.\n\n2) CCB Portal Administration\n\nProject Description\n\nThe new CCB Administration component is an integrated, web-based application intended to\nconsolidate and simplify the CCB processes for On Demand. This application:\n\n Makes it easier to manage the process of change implementation in customer instances across\nthe various milestones in the On Demand life cycle.\n\n Simplifies said change implementation by keeping the information organized in a centralized\nrepository.\n\n In the CCB Administration application Release 1.0\nClient: System Assurance Centre, Oracle Unites States of America\n\nTeam Size: 3\nSoftware /Tools:\n\nPL/SQL and HTML\n\nRoles and Responsibilities:\n\n\n\n* Developed the PL/SQL procedures & packages, HTML forms required for the Portal, using HTML\nfor the user to enter the required data.\n* The data is entered is validated, using Java Scripting, and the data is stored in the database.\n* Developed the reports.\n\n1) ORACLE PRODUCTION ASSESSMENTS\n\nProject Description\nAUTO VERIFY TOOL\nAuto Verify is a utility that automates many of the tedious and repetitive tasks that are involved\nduring QA testing of an Oracle Applications Release 11i environment. Auto Verify now performs\nmany of the tasks automatically that used to be performed manually.\nClient: System Assurance Centre, Oracle Unites States of America\n\nTeam Size: 4\nSoftware /Tools:\nUNIX Advanced Shell Scripting, PL/SQL.\n\nRoles and Responsibilities:\nAutomated the all the checklists for 8 releases of E-business suite.', NULL, 'notDone', 'NONE', 0, 0, NULL, '2018-09-10 10:45:49', '2018-09-10 10:45:49', 0);


INSERT INTO `d_hits` (`id`, `projectId`, `data`, `extras`, `status`, `evaluation`, `isGoldenHIT`, `goldenHITResultId`, `notes`, `created_timestamp`, `updated_timestamp`, `isURL`)
VALUES
  (156094, '2c9fafb062282fd801622de773dc0027', 'Toy Story (1995)', NULL, 'done', 'NONE', 0, 0, NULL, '2018-03-16 08:23:03', '2018-03-16 08:23:03', 0),
  (156095, '2c9fafb062282fd801622de773dc0027', 'Jumanji (1995)', NULL, 'done', 'NONE', 0, 0, NULL, '2018-03-16 08:23:03', '2018-03-16 08:23:03', 0),
  (156096, '2c9fafb062282fd801622de773dc0027', 'Grumpier Old Men (1995)', NULL, 'done', 'NONE', 0, 0, NULL, '2018-03-16 08:23:03', '2018-03-16 08:23:03', 0),
  (156097, '2c9fafb062282fd801622de773dc0027', 'Waiting to Exhale (1995)', NULL, 'done', 'NONE', 0, 0, NULL, '2018-03-16 08:23:03', '2018-03-16 08:23:03', 0),
  (156098, '2c9fafb062282fd801622de773dc0027', 'Father of the Bride Part II (1995)', NULL, 'done', 'NONE', 0, 0, NULL, '2018-03-16 08:23:03', '2018-03-16 08:23:03', 0),
  (156099, '2c9fafb062282fd801622de773dc0027', 'Heat (1995)', NULL, 'done', 'NONE', 0, 0, NULL, '2018-03-16 08:23:03', '2018-03-16 08:23:03', 0),
  (156100, '2c9fafb062282fd801622de773dc0027', 'Sabrina (1995)', NULL, 'done', 'NONE', 0, 0, NULL, '2018-03-16 08:23:03', '2018-03-16 08:23:03', 0),
  (156101, '2c9fafb062282fd801622de773dc0027', 'Tom and Huck (1995)', NULL, 'done', 'NONE', 0, 0, NULL, '2018-03-16 08:23:03', '2018-03-16 08:23:03', 0),
  (156102, '2c9fafb062282fd801622de773dc0027', 'Sudden Death (1995)', NULL, 'done', 'NONE', 0, 0, NULL, '2018-03-16 08:23:03', '2018-03-16 08:23:03', 0),
  (156103, '2c9fafb062282fd801622de773dc0027', 'GoldenEye (1995)', NULL, 'done', 'NONE', 0, 0, NULL, '2018-03-16 08:23:03', '2018-03-16 08:23:03', 0);

INSERT INTO `d_hits_result` (`id`, `hitId`, `projectId`, `result`, `userId`, `timeTakenToLabelInSec`, `notes`, `created_timestamp`, `updated_timestamp`)
VALUES
  (32519, 156094, '2c9fafb062282fd801622de773dc0027', 'Adventure____Animation____Children____Comedy____Fantasy', '123', 0, NULL, '2018-03-16 08:23:03', '2018-03-16 08:23:03'),
  (32520, 156095, '2c9fafb062282fd801622de773dc0027', 'Adventure____Children____Fantasy', '123', 0, NULL, '2018-03-16 08:23:03', '2018-03-16 08:23:03'),
  (32521, 156096, '2c9fafb062282fd801622de773dc0027', 'Comedy____Romance', '123', 0, NULL, '2018-03-16 08:23:03', '2018-03-16 08:23:03'),
  (32522, 156097, '2c9fafb062282fd801622de773dc0027', 'Comedy____Drama____Romance', '123', 0, NULL, '2018-03-16 08:23:03', '2018-03-16 08:23:03'),
  (32523, 156098, '2c9fafb062282fd801622de773dc0027', 'Comedy', '123', 0, NULL, '2018-03-16 08:23:03', '2018-03-16 08:23:03'),
  (32524, 156099, '2c9fafb062282fd801622de773dc0027', 'Action____Crime____Thriller', '123', 0, NULL, '2018-03-16 08:23:03', '2018-03-16 08:23:03'),
  (32525, 156100, '2c9fafb062282fd801622de773dc0027', 'Comedy____Romance', '123', 0, NULL, '2018-03-16 08:23:03', '2018-03-16 08:23:03'),
  (32526, 156101, '2c9fafb062282fd801622de773dc0027', 'Adventure____Children', '123', 0, NULL, '2018-03-16 08:23:03', '2018-03-16 08:23:03'),
  (32527, 156102, '2c9fafb062282fd801622de773dc0027', 'Action', '123', 0, NULL, '2018-03-16 08:23:03', '2018-03-16 08:23:03'),
  (32528, 156103, '2c9fafb062282fd801622de773dc0027', 'Action____Adventure____Thriller', '123', 0, NULL, '2018-03-16 08:23:03', '2018-03-16 08:23:03');

INSERT INTO `d_hits` (`id`, `projectId`, `data`, `extras`, `status`, `evaluation`, `isGoldenHIT`, `goldenHITResultId`, `notes`, `created_timestamp`, `updated_timestamp`, `isURL`)
VALUES
  (1123449, '2c9fafb062282fd801622de773dc0027', 'Survivors, The (1983)', NULL, 'notDone', 'NONE', 0, 0, NULL, '2018-06-06 13:03:03', '2018-06-06 13:03:03', 0),
  (1123450, '2c9fafb062282fd801622de773dc0027', 'Marty (1955)', NULL, 'notDone', 'NONE', 0, 0, NULL, '2018-06-06 13:03:03', '2018-06-06 13:03:03', 0),
  (1123451, '2c9fafb062282fd801622de773dc0027', 'Killers, The (1946)', NULL, 'notDone', 'NONE', 0, 0, NULL, '2018-06-06 13:03:03', '2018-06-06 13:03:03', 0),
  (1123452, '2c9fafb062282fd801622de773dc0027', 'Partly Cloudy (2009)', NULL, 'notDone', 'NONE', 0, 0, NULL, '2018-06-06 13:03:03', '2018-06-06 13:03:03', 0),
  (1123453, '2c9fafb062282fd801622de773dc0027', 'Addams Family Reunion (1998)', NULL, 'notDone', 'NONE', 0, 0, NULL, '2018-06-06 13:03:03', '2018-06-06 13:03:03', 0),
  (1123454, '2c9fafb062282fd801622de773dc0027', 'Ernest Scared Stupid (1991)', NULL, 'notDone', 'NONE', 0, 0, NULL, '2018-06-06 13:03:03', '2018-06-06 13:03:03', 0),
  (1123456, '2c9fafb062282fd801622de773dc0027', 'Fifth Element, The (1997)', NULL, 'notDone', 'NONE', 0, 0, NULL, '2018-06-06 13:03:03', '2018-06-06 13:03:03', 0),
  (1123458, '2c9fafb062282fd801622de773dc0027', 'Honey, I Blew Up the Kid (1992)', NULL, 'notDone', 'NONE', 0, 0, NULL, '2018-06-06 13:03:03', '2018-06-06 13:03:03', 0),
  (1123459, '2c9fafb062282fd801622de773dc0027', 'Scorpio Rising (1964)', NULL, 'notDone', 'NONE', 0, 0, NULL, '2018-06-06 13:03:03', '2018-06-06 13:03:03', 0),
  (1123460, '2c9fafb062282fd801622de773dc0027', 'Nuremberg (2000)', NULL, 'notDone', 'NONE', 0, 0, NULL, '2018-06-06 13:03:03', '2018-06-06 13:03:03', 0),
  (1123462, '2c9fafb062282fd801622de773dc0027', 'Kiss of Death (1995)', NULL, 'notDone', 'NONE', 0, 0, NULL, '2018-06-06 13:03:03', '2018-06-06 13:03:03', 0),
  (1123463, '2c9fafb062282fd801622de773dc0027', 'Dazed and Confused (1993)', NULL, 'notDone', 'NONE', 0, 0, NULL, '2018-06-06 13:03:03', '2018-06-06 13:03:03', 0),
  (1123464, '2c9fafb062282fd801622de773dc0027', 'Rudolph, the Red-Nosed Reindeer (1964)', NULL, 'notDone', 'NONE', 0, 0, NULL, '2018-06-06 13:03:03', '2018-06-06 13:03:03', 0),
  (1123465, '2c9fafb062282fd801622de773dc0027', 'What the #$*! Do We Know!? (a.k.a. What the Bleep Do We Know!?) (2004)', NULL, 'notDone', 'NONE', 0, 0, NULL, '2018-06-06 13:03:03', '2018-06-06 13:03:03', 0),
  (1123466, '2c9fafb062282fd801622de773dc0027', 'Stolen Summer (2002)', NULL, 'notDone', 'NONE', 0, 0, NULL, '2018-06-06 13:03:03', '2018-06-06 13:03:03', 0),
  (1123467, '2c9fafb062282fd801622de773dc0027', 'Riding in Cars with Boys (2001)', NULL, 'notDone', 'NONE', 0, 0, NULL, '2018-06-06 13:03:03', '2018-06-06 13:03:03', 0),
  (1123468, '2c9fafb062282fd801622de773dc0027', 'Marked for Death (1990)', NULL, 'notDone', 'NONE', 0, 0, NULL, '2018-06-06 13:03:03', '2018-06-06 13:03:03', 0),
  (1123469, '2c9fafb062282fd801622de773dc0027', 'Grand, The (2007)', NULL, 'notDone', 'NONE', 0, 0, NULL, '2018-06-06 13:03:03', '2018-06-06 13:03:03', 0),
  (1123470, '2c9fafb062282fd801622de773dc0027', 'This Is My Father (1998)', NULL, 'notDone', 'NONE', 0, 0, NULL, '2018-06-06 13:03:03', '2018-06-06 13:03:03', 0),
  (1123471, '2c9fafb062282fd801622de773dc0027', 'Very Bad Things (1998)', NULL, 'notDone', 'NONE', 0, 0, NULL, '2018-06-06 13:03:03', '2018-06-06 13:03:03', 0),
  (1123472, '2c9fafb062282fd801622de773dc0027', 'Spies Like Us (1985)', NULL, 'notDone', 'NONE', 0, 0, NULL, '2018-06-06 13:03:03', '2018-06-06 13:03:03', 0),
  (1123473, '2c9fafb062282fd801622de773dc0027', 'Vamps (2012)', NULL, 'notDone', 'NONE', 0, 0, NULL, '2018-06-06 13:03:03', '2018-06-06 13:03:03', 0),
  (1123474, '2c9fafb062282fd801622de773dc0027', 'Best Little Whorehouse in Texas, The (1982)', NULL, 'notDone', 'NONE', 0, 0, NULL, '2018-06-06 13:03:03', '2018-06-06 13:03:03', 0),
  (1123475, '2c9fafb062282fd801622de773dc0027', 'Crossroads (2002)', NULL, 'notDone', 'NONE', 0, 0, NULL, '2018-06-06 13:03:03', '2018-06-06 13:03:03', 0),
  (1123476, '2c9fafb062282fd801622de773dc0027', 'Pest, The (1997)', NULL, 'notDone', 'NONE', 0, 0, NULL, '2018-06-06 13:03:03', '2018-06-06 13:03:03', 0),
  (1123477, '2c9fafb062282fd801622de773dc0027', 'Formula, The (1980)', NULL, 'notDone', 'NONE', 0, 0, NULL, '2018-06-06 13:03:03', '2018-06-06 13:03:03', 0),
  (1123478, '2c9fafb062282fd801622de773dc0027', 'Frankenstein Meets the Wolf Man (1943)', NULL, 'notDone', 'NONE', 0, 0, NULL, '2018-06-06 13:03:03', '2018-06-06 13:03:03', 0),
  (1123480, '2c9fafb062282fd801622de773dc0027', 'Ultraviolet (2006)', NULL, 'notDone', 'NONE', 0, 0, NULL, '2018-06-06 13:03:03', '2018-06-06 13:03:03', 0),
  (1123481, '2c9fafb062282fd801622de773dc0027', 'John Carter (2012)', NULL, 'notDone', 'NONE', 0, 0, NULL, '2018-06-06 13:03:03', '2018-06-06 13:03:03', 0),
  (1123482, '2c9fafb062282fd801622de773dc0027', 'Cocaine Cowboys II: Hustlin\' With the Godmother (2008)', NULL, 'notDone', 'NONE', 0, 0, NULL, '2018-06-06 13:03:03', '2018-06-06 13:03:03', 0),
  (1123484, '2c9fafb062282fd801622de773dc0027', 'Hot Tub Time Machine (2010)', NULL, 'notDone', 'NONE', 0, 0, NULL, '2018-06-06 13:03:03', '2018-06-06 13:03:03', 0),
  (1123485, '2c9fafb062282fd801622de773dc0027', 'Central Intelligence (2016)', NULL, 'notDone', 'NONE', 0, 0, NULL, '2018-06-06 13:03:03', '2018-06-06 13:03:03', 0),
  (1123486, '2c9fafb062282fd801622de773dc0027', 'Blackmail (1929)', NULL, 'notDone', 'NONE', 0, 0, NULL, '2018-06-06 13:03:03', '2018-06-06 13:03:03', 0),
  (1123487, '2c9fafb062282fd801622de773dc0027', 'Under the Sand (2000)', NULL, 'notDone', 'NONE', 0, 0, NULL, '2018-06-06 13:03:03', '2018-06-06 13:03:03', 0),
  (1123488, '2c9fafb062282fd801622de773dc0027', 'Religulous (2008)', NULL, 'notDone', 'NONE', 0, 0, NULL, '2018-06-06 13:03:03', '2018-06-06 13:03:03', 0),
  (1123489, '2c9fafb062282fd801622de773dc0027', 'American Teen (2008)', NULL, 'notDone', 'NONE', 0, 0, NULL, '2018-06-06 13:03:03', '2018-06-06 13:03:03', 0),
  (1123490, '2c9fafb062282fd801622de773dc0027', 'Cannibal Holocaust (1980)', NULL, 'notDone', 'NONE', 0, 0, NULL, '2018-06-06 13:03:03', '2018-06-06 13:03:03', 0),
  (1123491, '2c9fafb062282fd801622de773dc0027', 'Twister (1996)', NULL, 'notDone', 'NONE', 0, 0, NULL, '2018-06-06 13:03:03', '2018-06-06 13:03:03', 0),
  (1123492, '2c9fafb062282fd801622de773dc0027', 'Homegrown (1998)', NULL, 'notDone', 'NONE', 0, 0, NULL, '2018-06-06 13:03:03', '2018-06-06 13:03:03', 0),
  (1123493, '2c9fafb062282fd801622de773dc0027', 'Six Shooter (2004)', NULL, 'notDone', 'NONE', 0, 0, NULL, '2018-06-06 13:03:03', '2018-06-06 13:03:03', 0);


INSERT INTO `d_hits` (`id`, `projectId`, `data`, `extras`, `status`, `evaluation`, `isGoldenHIT`, `goldenHITResultId`, `notes`, `created_timestamp`, `updated_timestamp`, `isURL`)
VALUES
  (994539, '2c9fafb063a1ebf30163a7e3002b0035', 'http://com.dataturks.a96-i23.open.s3.amazonaws.com/2c9fafb063a1ebf30163a7e3002b0035/060afd3a-4c2a-463a-9d7f-58507046ca99___jackets_28-hps-lgrey-urbano-fashion-original-imaf5bzbhcfqmgtx.jpeg', NULL, 'done', 'NONE', 0, 0, NULL, '2018-05-28 17:54:39', '2018-05-28 17:54:39', 0),
  (994540, '2c9fafb063a1ebf30163a7e3002b0035', 'http://com.dataturks.a96-i23.open.s3.amazonaws.com/2c9fafb063a1ebf30163a7e3002b0035/cf66c8a8-add3-45ea-860c-ba87669bfe57___jackets_30-hps-black-01-urbano-fashion-original-imaezfybgnsazhhs.jpeg', NULL, 'done', 'NONE', 0, 0, NULL, '2018-05-28 17:54:39', '2018-05-28 17:54:39', 0),
  (994541, '2c9fafb063a1ebf30163a7e3002b0035', 'http://com.dataturks.a96-i23.open.s3.amazonaws.com/2c9fafb063a1ebf30163a7e3002b0035/92e119a2-9884-44c5-b208-11dd2dc7a5ef___jackets_32-18358-0058black-levi-s-original-imaf5gy5dzhcfktj.jpeg', NULL, 'done', 'NONE', 0, 0, NULL, '2018-05-28 17:54:39', '2018-05-28 17:54:39', 0),
  (994542, '2c9fafb063a1ebf30163a7e3002b0035', 'http://com.dataturks.a96-i23.open.s3.amazonaws.com/2c9fafb063a1ebf30163a7e3002b0035/87bdd903-ceb4-4b68-84e7-9bc3da580e7e___jackets_32-fmjno0150washed-denim-flying-machine-original-imaf56hhaufneafk.jpeg', NULL, 'done', 'NONE', 0, 0, NULL, '2018-05-28 17:54:39', '2018-05-28 17:54:39', 0),
  (994543, '2c9fafb063a1ebf30163a7e3002b0035', 'http://com.dataturks.a96-i23.open.s3.amazonaws.com/2c9fafb063a1ebf30163a7e3002b0035/d5812076-af6d-47a1-8300-f5156770e6bf___jackets_32-fmjno0156washed-denim-flying-machine-original-imaf53wzqypk3gaz.jpeg', NULL, 'done', 'NONE', 0, 0, NULL, '2018-05-28 17:54:39', '2018-05-28 17:54:39', 0),
  (994544, '2c9fafb063a1ebf30163a7e3002b0035', 'http://com.dataturks.a96-i23.open.s3.amazonaws.com/2c9fafb063a1ebf30163a7e3002b0035/5e9eca09-370b-4e20-8429-236df8dc3ca5___jackets_32-hljn000575-dark-blue-highlander-original-imaeyhedafufmagh.jpeg', NULL, 'done', 'NONE', 0, 0, NULL, '2018-05-28 17:54:39', '2018-05-28 17:54:39', 0),
  (994545, '2c9fafb063a1ebf30163a7e3002b0035', 'http://com.dataturks.a96-i23.open.s3.amazonaws.com/2c9fafb063a1ebf30163a7e3002b0035/a84a0c1c-320b-43f4-a1f9-ee646ff34f27___jackets_32-hljn000654-indigo-highlander-original-imaf5g63s9ad5d8x.jpeg', NULL, 'done', 'NONE', 0, 0, NULL, '2018-05-28 17:54:39', '2018-05-28 17:54:39', 0),
  (994546, '2c9fafb063a1ebf30163a7e3002b0035', 'http://com.dataturks.a96-i23.open.s3.amazonaws.com/2c9fafb063a1ebf30163a7e3002b0035/3745cd4b-5d90-4727-b32b-6a2004522ef7___jackets_32-hljn000655-blue-highlander-original-imaf5g63bdmf9vz7.jpeg', NULL, 'done', 'NONE', 0, 0, NULL, '2018-05-28 17:54:39', '2018-05-28 17:54:39', 0),
  (994547, '2c9fafb063a1ebf30163a7e3002b0035', 'http://com.dataturks.a96-i23.open.s3.amazonaws.com/2c9fafb063a1ebf30163a7e3002b0035/24afa86b-47c3-496b-b935-09aeb5d91814___jackets_32-hljn000656-indigo-highlander-original-imaf5g63mxg64fzz.jpeg', NULL, 'done', 'NONE', 0, 0, NULL, '2018-05-28 17:54:39', '2018-05-28 17:54:39', 0),
  (994548, '2c9fafb063a1ebf30163a7e3002b0035', 'http://com.dataturks.a96-i23.open.s3.amazonaws.com/2c9fafb063a1ebf30163a7e3002b0035/9fe54a74-d563-443c-90b1-b2c265cc1128___jackets_32-hljn000657-indigo-highlander-original-imaf5g638budmtum.jpeg', NULL, 'done', 'NONE', 0, 0, NULL, '2018-05-28 17:54:39', '2018-05-28 17:54:39', 0);


INSERT INTO `d_hits_result` (`id`, `hitId`, `projectId`, `result`, `userId`, `timeTakenToLabelInSec`, `notes`, `created_timestamp`, `updated_timestamp`)
VALUES
  (273318, 994539, '2c9fafb063a1ebf30163a7e3002b0035', '{\"labels\":[\"Jeans\"],\"note\":\"\"}', '123', 1, NULL, '2018-06-01 00:51:31', '2018-06-01 00:51:31'),
  (273319, 994540, '2c9fafb063a1ebf30163a7e3002b0035', '{\"labels\":[\"Jeans\"],\"note\":\"\"}', '123', 3, NULL, '2018-06-01 00:51:35', '2018-06-01 00:51:35'),
  (287154, 994541, '2c9fafb063a1ebf30163a7e3002b0035', '{\"labels\":[\"Jeans\"],\"note\":\"\"}', '123', 3, NULL, '2018-06-04 06:47:25', '2018-06-04 06:47:25'),
  (287006, 994542, '2c9fafb063a1ebf30163a7e3002b0035', '{\"labels\":[\"Jeans\"],\"note\":\"\"}', '123', 0, NULL, '2018-06-04 06:18:41', '2018-06-04 06:18:41'),
  (273316, 994543, '2c9fafb063a1ebf30163a7e3002b0035', '{\"labels\":[\"Jeans\"],\"note\":\"\"}', '123', 1, NULL, '2018-06-01 00:51:27', '2018-06-01 00:51:27'),
  (268014, 994544, '2c9fafb063a1ebf30163a7e3002b0035', '{\"labels\":[\"Jeans\"],\"note\":\"\"}', '123', 2, NULL, '2018-05-30 18:35:00', '2018-05-30 18:35:00'),
  (292387, 994545, '2c9fafb063a1ebf30163a7e3002b0035', '{\"labels\":[\"Jeans\"],\"note\":\"\"}', '123', 0, NULL, '2018-06-05 14:48:18', '2018-06-05 14:48:18'),
  (259974, 994546, '2c9fafb063a1ebf30163a7e3002b0035', '{\"labels\":[\"Shirts\"],\"note\":\"\"}', '123', 0, NULL, '2018-05-29 11:47:00', '2018-05-29 11:47:00'),
  (446548, 994547, '2c9fafb063a1ebf30163a7e3002b0035', '{\"labels\":[\"Jeans\"],\"note\":\"\"}', '123', 6, NULL, '2018-07-21 12:08:24', '2018-07-21 12:08:24'),
  (275994, 994548, '2c9fafb063a1ebf30163a7e3002b0035', '{\"labels\":[\"Tshirts\"],\"note\":\"\"}', '123', 4, NULL, '2018-06-01 11:13:06', '2018-06-01 11:13:06');


INSERT INTO `d_hits` (`id`, `projectId`, `data`, `extras`, `status`, `evaluation`, `isGoldenHIT`, `goldenHITResultId`, `notes`, `created_timestamp`, `updated_timestamp`, `isURL`)
VALUES
  (2617917, '2c9fafb063a1ebf30163a7e3002b0035', 'http://com.dataturks.a96-i23.open.s3.amazonaws.com/2c9fafb063a1ebf30163a7e3002b0035/483450fa-65ee-4f42-9b48-34dc7c111e02___jackets_32-hljn000765black-highlander-original-imaf53c5dpcghhga.jpeg', NULL, 'notDone', 'NONE', 0, 0, NULL, '2018-08-16 17:50:57', '2018-08-16 17:50:57', 0),
  (2617918, '2c9fafb063a1ebf30163a7e3002b0035', 'http://com.dataturks.a96-i23.open.s3.amazonaws.com/2c9fafb063a1ebf30163a7e3002b0035/5a812527-5130-46f4-837c-089392285ea0___skirts_free-combosk-7109-mudrika-original-imaf2rkrxaztxgrv.jpeg', NULL, 'notDone', 'NONE', 0, 0, NULL, '2018-08-16 17:50:57', '2018-08-16 17:50:57', 0),
  (2617920, '2c9fafb063a1ebf30163a7e3002b0035', 'http://com.dataturks.a96-i23.open.s3.amazonaws.com/2c9fafb063a1ebf30163a7e3002b0035/58f8a8ae-b6c0-4177-b0ca-00462e78d47d___tops_32-w15234w2298bjsw-dark-indigo-wrangler-original-imaf5cnc8pzf7hjf.jpeg', NULL, 'notDone', 'NONE', 0, 0, NULL, '2018-08-16 17:50:57', '2018-08-16 17:50:57', 0),
  (2617921, '2c9fafb063a1ebf30163a7e3002b0035', 'http://com.dataturks.a96-i23.open.s3.amazonaws.com/2c9fafb063a1ebf30163a7e3002b0035/28f396b1-7032-4028-a984-07578bbe4e9b___tshirts_32-hljn000655-blue-highlander-original-imaf5g63bdmf9vz7.jpeg', NULL, 'notDone', 'NONE', 0, 0, NULL, '2018-08-16 17:50:57', '2018-08-16 17:50:57', 0),
  (2617924, '2c9fafb063a1ebf30163a7e3002b0035', 'http://com.dataturks.a96-i23.open.s3.amazonaws.com/2c9fafb063a1ebf30163a7e3002b0035/fbce8ca4-4c26-4a2e-ade4-384158a04bc3___51JQeDfwIL._AC_UL260_SR200260_FMwebp_QL70_.jpg.jpeg', NULL, 'notDone', 'NONE', 0, 0, NULL, '2018-08-16 17:50:57', '2018-08-16 17:50:57', 0),
  (2617925, '2c9fafb063a1ebf30163a7e3002b0035', 'http://com.dataturks.a96-i23.open.s3.amazonaws.com/2c9fafb063a1ebf30163a7e3002b0035/0bfd668c-8e4b-401e-8bf8-84d69320acd4___41zBTZz56vL._AC_UL260_SR200260_FMwebp_QL70_.jpg.jpeg', NULL, 'notDone', 'NONE', 0, 0, NULL, '2018-08-16 17:50:57', '2018-08-16 17:50:57', 0),
  (2617926, '2c9fafb063a1ebf30163a7e3002b0035', 'http://com.dataturks.a96-i23.open.s3.amazonaws.com/2c9fafb063a1ebf30163a7e3002b0035/6ec6f57f-9723-4bc4-a202-581bbbd24fcc___41zAuhubTKL._AC_UL260_SR200260_FMwebp_QL70_.jpg.jpeg', NULL, 'notDone', 'NONE', 0, 0, NULL, '2018-08-16 17:50:57', '2018-08-16 17:50:57', 0),
  (2617927, '2c9fafb063a1ebf30163a7e3002b0035', 'http://com.dataturks.a96-i23.open.s3.amazonaws.com/2c9fafb063a1ebf30163a7e3002b0035/cdf8307e-2cf7-4305-a0b1-1d09a0070940___41yo94fJieL._AC_UL260_SR200260_FMwebp_QL70_.jpg.jpeg', NULL, 'notDone', 'NONE', 0, 0, NULL, '2018-08-16 17:50:57', '2018-08-16 17:50:57', 0),
  (2617928, '2c9fafb063a1ebf30163a7e3002b0035', 'http://com.dataturks.a96-i23.open.s3.amazonaws.com/2c9fafb063a1ebf30163a7e3002b0035/3bbd2d9c-53c2-4bf7-802f-5114d571b375___41yl9gSLzfL._AC_UL260_SR200260_FMwebp_QL70_.jpg.jpeg', NULL, 'notDone', 'NONE', 0, 0, NULL, '2018-08-16 17:50:57', '2018-08-16 17:50:57', 0),
  (2617929, '2c9fafb063a1ebf30163a7e3002b0035', 'http://com.dataturks.a96-i23.open.s3.amazonaws.com/2c9fafb063a1ebf30163a7e3002b0035/ee417c14-fd2d-422a-90dc-be3ccfe58cca___41ygGs2gnoL._AC_UL260_SR200260_FMwebp_QL70_.jpg.jpeg', NULL, 'notDone', 'NONE', 0, 0, NULL, '2018-08-16 17:50:57', '2018-08-16 17:50:57', 0),
  (2617930, '2c9fafb063a1ebf30163a7e3002b0035', 'http://com.dataturks.a96-i23.open.s3.amazonaws.com/2c9fafb063a1ebf30163a7e3002b0035/c6cc10f0-a690-47fa-b0c5-8f6bbc748142___41vSEv2N61L._AC_UL260_SR200260_FMwebp_QL70_.jpg.jpeg', NULL, 'notDone', 'NONE', 0, 0, NULL, '2018-08-16 17:50:57', '2018-08-16 17:50:57', 0),
  (2617931, '2c9fafb063a1ebf30163a7e3002b0035', 'http://com.dataturks.a96-i23.open.s3.amazonaws.com/2c9fafb063a1ebf30163a7e3002b0035/e53af855-e0f4-4833-8d09-5e35a26eb88b___41s1tCHHeL._AC_UL260_SR200260_FMwebp_QL70_.jpg.jpeg', NULL, 'notDone', 'NONE', 0, 0, NULL, '2018-08-16 17:50:57', '2018-08-16 17:50:57', 0),
  (2617932, '2c9fafb063a1ebf30163a7e3002b0035', 'http://com.dataturks.a96-i23.open.s3.amazonaws.com/2c9fafb063a1ebf30163a7e3002b0035/cfa8ad85-bced-43a4-8cec-13d4689d33a2___41qp2Byw0DgL._AC_UL260_SR200260_FMwebp_QL70_.jpg.jpeg', NULL, 'notDone', 'NONE', 0, 0, NULL, '2018-08-16 17:50:57', '2018-08-16 17:50:57', 0),
  (2617933, '2c9fafb063a1ebf30163a7e3002b0035', 'http://com.dataturks.a96-i23.open.s3.amazonaws.com/2c9fafb063a1ebf30163a7e3002b0035/5cdee560-ab85-484e-ab8e-0eab915c1d36___41slAyeNLAL._AC_UL260_SR200260_FMwebp_QL70_.jpg.jpeg', NULL, 'notDone', 'NONE', 0, 0, NULL, '2018-08-16 17:50:57', '2018-08-16 17:50:57', 0),
  (2617934, '2c9fafb063a1ebf30163a7e3002b0035', 'http://com.dataturks.a96-i23.open.s3.amazonaws.com/2c9fafb063a1ebf30163a7e3002b0035/eafbdf96-bafb-4253-9ed1-2de531d17725___41kQ2siqnzL._AC_UL260_SR200260_FMwebp_QL70_.jpg.jpeg', NULL, 'notDone', 'NONE', 0, 0, NULL, '2018-08-16 17:50:57', '2018-08-16 17:50:57', 0),
  (2617935, '2c9fafb063a1ebf30163a7e3002b0035', 'http://com.dataturks.a96-i23.open.s3.amazonaws.com/2c9fafb063a1ebf30163a7e3002b0035/c5a5c9c4-ca37-4155-ab7a-70f271b4ef56___41k7j1LgZoL._AC_UL260_SR200260_FMwebp_QL70_.jpg.jpeg', NULL, 'notDone', 'NONE', 0, 0, NULL, '2018-08-16 17:50:57', '2018-08-16 17:50:57', 0),
  (2617936, '2c9fafb063a1ebf30163a7e3002b0035', 'http://com.dataturks.a96-i23.open.s3.amazonaws.com/2c9fafb063a1ebf30163a7e3002b0035/025b1f56-a16b-4d0c-93b2-5ad5890b8f18___41hkYY5eajL._AC_UL260_SR200260_FMwebp_QL70_.jpg.jpeg', NULL, 'notDone', 'NONE', 0, 0, NULL, '2018-08-16 17:50:57', '2018-08-16 17:50:57', 0),
  (2617937, '2c9fafb063a1ebf30163a7e3002b0035', 'http://com.dataturks.a96-i23.open.s3.amazonaws.com/2c9fafb063a1ebf30163a7e3002b0035/eff30afd-2b61-47b7-8794-df65be5d737c___41jvJ8STi0L._AC_UL260_SR200260_FMwebp_QL70_.jpg.jpeg', NULL, 'notDone', 'NONE', 0, 0, NULL, '2018-08-16 17:50:57', '2018-08-16 17:50:57', 0),
  (2617938, '2c9fafb063a1ebf30163a7e3002b0035', 'http://com.dataturks.a96-i23.open.s3.amazonaws.com/2c9fafb063a1ebf30163a7e3002b0035/19c22d5f-81b0-4181-b991-9d298f3d9410___41gWEipdQhL._AC_UL260_SR200260_FMwebp_QL70_.jpg.jpeg', NULL, 'notDone', 'NONE', 0, 0, NULL, '2018-08-16 17:50:57', '2018-08-16 17:50:57', 0),
  (2617939, '2c9fafb063a1ebf30163a7e3002b0035', 'http://com.dataturks.a96-i23.open.s3.amazonaws.com/2c9fafb063a1ebf30163a7e3002b0035/e28f8ce2-9e7c-495e-9a32-b0b9ade13db6___41fHQlkmCuL._AC_UL260_SR200260_FMwebp_QL70_.jpg.jpeg', NULL, 'notDone', 'NONE', 0, 0, NULL, '2018-08-16 17:50:57', '2018-08-16 17:50:57', 0),
  (2617940, '2c9fafb063a1ebf30163a7e3002b0035', 'http://com.dataturks.a96-i23.open.s3.amazonaws.com/2c9fafb063a1ebf30163a7e3002b0035/f7e4f7ec-9a75-4c9d-9b54-e746ff800828___41fFyQX0DCL._AC_UL260_SR200260_FMwebp_QL70_.jpg.jpeg', NULL, 'notDone', 'NONE', 0, 0, NULL, '2018-08-16 17:50:57', '2018-08-16 17:50:57', 0),
  (2617941, '2c9fafb063a1ebf30163a7e3002b0035', 'http://com.dataturks.a96-i23.open.s3.amazonaws.com/2c9fafb063a1ebf30163a7e3002b0035/7dae5c9b-06ed-4243-b862-26920ffe837e___41eC9aF80RL._AC_UL260_SR200260_FMwebp_QL70_.jpg.jpeg', NULL, 'notDone', 'NONE', 0, 0, NULL, '2018-08-16 17:50:57', '2018-08-16 17:50:57', 0),
  (2617942, '2c9fafb063a1ebf30163a7e3002b0035', 'http://com.dataturks.a96-i23.open.s3.amazonaws.com/2c9fafb063a1ebf30163a7e3002b0035/48a70d30-1dc1-4094-9767-9c54a457cbde___41nNjCN9eL._AC_UL260_SR200260_FMwebp_QL70_.jpg.jpeg', NULL, 'notDone', 'NONE', 0, 0, NULL, '2018-08-16 17:50:57', '2018-08-16 17:50:57', 0),
  (2617943, '2c9fafb063a1ebf30163a7e3002b0035', 'http://com.dataturks.a96-i23.open.s3.amazonaws.com/2c9fafb063a1ebf30163a7e3002b0035/b949d959-7c7d-44de-9b13-3b16e09cbf7f___41lP0JKgM2L._AC_UL260_SR200260_FMwebp_QL70_.jpg.jpeg', NULL, 'notDone', 'NONE', 0, 0, NULL, '2018-08-16 17:50:57', '2018-08-16 17:50:57', 0),
  (2617944, '2c9fafb063a1ebf30163a7e3002b0035', 'http://com.dataturks.a96-i23.open.s3.amazonaws.com/2c9fafb063a1ebf30163a7e3002b0035/fbb67fc3-222a-4028-8871-e0d5f0cb80f4___41ghjt7TquL._AC_UL260_SR200260_FMwebp_QL70_.jpg.jpeg', NULL, 'notDone', 'NONE', 0, 0, NULL, '2018-08-16 17:50:57', '2018-08-16 17:50:57', 0),
  (2617945, '2c9fafb063a1ebf30163a7e3002b0035', 'http://com.dataturks.a96-i23.open.s3.amazonaws.com/2c9fafb063a1ebf30163a7e3002b0035/6723bc63-409b-4f40-a8a2-99237c8a95bf___41gfNhGR7YL._AC_UL260_SR200260_FMwebp_QL70_.jpg.jpeg', NULL, 'notDone', 'NONE', 0, 0, NULL, '2018-08-16 17:50:57', '2018-08-16 17:50:57', 0),
  (2617946, '2c9fafb063a1ebf30163a7e3002b0035', 'http://com.dataturks.a96-i23.open.s3.amazonaws.com/2c9fafb063a1ebf30163a7e3002b0035/45aa2587-5c15-4503-91e4-2135a6d1eafd___41cZMwFQw-L._AC_UL260_SR200260_FMwebp_QL70_.jpg.jpeg', NULL, 'notDone', 'NONE', 0, 0, NULL, '2018-08-16 17:50:57', '2018-08-16 17:50:57', 0),
  (2617947, '2c9fafb063a1ebf30163a7e3002b0035', 'http://com.dataturks.a96-i23.open.s3.amazonaws.com/2c9fafb063a1ebf30163a7e3002b0035/38f49f4f-f8be-451e-9a82-f303f220be49___41bS5fhQwL._AC_UL260_SR200260_FMwebp_QL70_.jpg.jpeg', NULL, 'notDone', 'NONE', 0, 0, NULL, '2018-08-16 17:50:57', '2018-08-16 17:50:57', 0),
  (2617948, '2c9fafb063a1ebf30163a7e3002b0035', 'http://com.dataturks.a96-i23.open.s3.amazonaws.com/2c9fafb063a1ebf30163a7e3002b0035/8fb0751b-28c8-428a-95c4-56e9c5d54571___41VZCPC7HRL._AC_UL260_SR200260_FMwebp_QL70_.jpg.jpeg', NULL, 'notDone', 'NONE', 0, 0, NULL, '2018-08-16 17:50:57', '2018-08-16 17:50:57', 0),
  (2617949, '2c9fafb063a1ebf30163a7e3002b0035', 'http://com.dataturks.a96-i23.open.s3.amazonaws.com/2c9fafb063a1ebf30163a7e3002b0035/ff71853b-e1a9-4638-b454-512e432046fa___41UpAhugeL._AC_UL260_SR200260_FMwebp_QL70_.jpg.jpeg', NULL, 'notDone', 'NONE', 0, 0, NULL, '2018-08-16 17:50:57', '2018-08-16 17:50:57', 0),
  (2617950, '2c9fafb063a1ebf30163a7e3002b0035', 'http://com.dataturks.a96-i23.open.s3.amazonaws.com/2c9fafb063a1ebf30163a7e3002b0035/2fef349c-66d1-4d47-afaf-6202d0336dbe___41ThFHwBWZL._AC_UL260_SR200260_FMwebp_QL70_.jpg.jpeg', NULL, 'notDone', 'NONE', 0, 0, NULL, '2018-08-16 17:50:57', '2018-08-16 17:50:57', 0),
  (2617952, '2c9fafb063a1ebf30163a7e3002b0035', 'http://com.dataturks.a96-i23.open.s3.amazonaws.com/2c9fafb063a1ebf30163a7e3002b0035/e3d70b9f-714a-4438-9d10-a119e42bb2cb___41Rf8jpVJDL._AC_UL260_SR200260_FMwebp_QL70_.jpg.jpeg', NULL, 'notDone', 'NONE', 0, 0, NULL, '2018-08-16 17:50:57', '2018-08-16 17:50:57', 0),
  (2617953, '2c9fafb063a1ebf30163a7e3002b0035', 'http://com.dataturks.a96-i23.open.s3.amazonaws.com/2c9fafb063a1ebf30163a7e3002b0035/167b1da5-9e9b-45af-ba9e-73125ac8f447___41Qa0j4gDuL._AC_UL260_SR200260_FMwebp_QL70_.jpg.jpeg', NULL, 'notDone', 'NONE', 0, 0, NULL, '2018-08-16 17:50:57', '2018-08-16 17:50:57', 0),
  (2617954, '2c9fafb063a1ebf30163a7e3002b0035', 'http://com.dataturks.a96-i23.open.s3.amazonaws.com/2c9fafb063a1ebf30163a7e3002b0035/1947ac84-a95e-4d83-993c-73d94d47c9a3___41QVzdUkE8L._AC_UL260_SR200260_FMwebp_QL70_.jpg.jpeg', NULL, 'notDone', 'NONE', 0, 0, NULL, '2018-08-16 17:50:57', '2018-08-16 17:50:57', 0),
  (2617955, '2c9fafb063a1ebf30163a7e3002b0035', 'http://com.dataturks.a96-i23.open.s3.amazonaws.com/2c9fafb063a1ebf30163a7e3002b0035/42076c66-0321-4afc-8936-70b18277fdc0___41PdeaPrkLL._AC_UL260_SR200260_FMwebp_QL70_.jpg.jpeg', NULL, 'notDone', 'NONE', 0, 0, NULL, '2018-08-16 17:50:57', '2018-08-16 17:50:57', 0),
  (2617956, '2c9fafb063a1ebf30163a7e3002b0035', 'http://com.dataturks.a96-i23.open.s3.amazonaws.com/2c9fafb063a1ebf30163a7e3002b0035/7e10c126-bcb1-4ab5-bc90-64828870730c___41LdQNev2KL._AC_UL260_SR200260_FMwebp_QL70_.jpg.jpeg', NULL, 'notDone', 'NONE', 0, 0, NULL, '2018-08-16 17:50:57', '2018-08-16 17:50:57', 0),
  (2617957, '2c9fafb063a1ebf30163a7e3002b0035', 'http://com.dataturks.a96-i23.open.s3.amazonaws.com/2c9fafb063a1ebf30163a7e3002b0035/0d28120c-a828-4482-97ae-2e820b62074f___41VvltxTriL._AC_UL260_SR200260_FMwebp_QL70_.jpg.jpeg', NULL, 'notDone', 'NONE', 0, 0, NULL, '2018-08-16 17:50:57', '2018-08-16 17:50:57', 0),
  (2617958, '2c9fafb063a1ebf30163a7e3002b0035', 'http://com.dataturks.a96-i23.open.s3.amazonaws.com/2c9fafb063a1ebf30163a7e3002b0035/ae7cb3e0-cf93-4f43-8950-518203aab02d___41Lc2BvSxR1L._AC_UL260_SR200260_FMwebp_QL70_.jpg.jpeg', NULL, 'notDone', 'NONE', 0, 0, NULL, '2018-08-16 17:50:57', '2018-08-16 17:50:57', 0),
  (2617959, '2c9fafb063a1ebf30163a7e3002b0035', 'http://com.dataturks.a96-i23.open.s3.amazonaws.com/2c9fafb063a1ebf30163a7e3002b0035/c4451810-b24f-42b5-b21e-66515b056364___41JhnOXUkL._AC_UL260_SR200260_FMwebp_QL70_.jpg.jpeg', NULL, 'notDone', 'NONE', 0, 0, NULL, '2018-08-16 17:50:57', '2018-08-16 17:50:57', 0),
  (2617960, '2c9fafb063a1ebf30163a7e3002b0035', 'http://com.dataturks.a96-i23.open.s3.amazonaws.com/2c9fafb063a1ebf30163a7e3002b0035/f9d14f9e-e16d-4270-8f0f-bb5210547269___41J7OmF56IL._AC_UL260_SR200260_FMwebp_QL70_.jpg.jpeg', NULL, 'notDone', 'NONE', 0, 0, NULL, '2018-08-16 17:50:57', '2018-08-16 17:50:57', 0);




INSERT INTO `d_hits` (`id`, `projectId`, `data`, `extras`, `status`, `evaluation`, `isGoldenHIT`, `goldenHITResultId`, `notes`, `created_timestamp`, `updated_timestamp`, `isURL`)
VALUES
  (3049203, '2c9fafb0656f461b0165843201f200d2', 'http://com.dataturks.a96-i23.open.s3.amazonaws.com/2c9fafb06290781d016293e1db820011/e6f26635-9540-41f3-889f-cbf5590d43ee___faces_27.jpg', NULL, 'done', 'NONE', 0, 0, NULL, '2018-08-29 05:40:10', '2018-08-29 05:40:10', 0),
  (3049204, '2c9fafb0656f461b0165843201f200d2', 'http://com.dataturks.a96-i23.open.s3.amazonaws.com/2c9fafb06290781d016293e1db820011/35e8014d-91c1-4763-983c-663be174a7f1___faces_380866139-shopping-center-consumption-handshake-indian-ethnicity.jpg', NULL, 'done', 'NONE', 0, 0, NULL, '2018-08-29 05:40:10', '2018-08-29 05:40:10', 0),
  (3049205, '2c9fafb0656f461b0165843201f200d2', 'http://com.dataturks.a96-i23.open.s3.amazonaws.com/2c9fafb06290781d016293e1db820011/60a5c5b1-43bf-4575-8a80-103169e43c93___faces_831522834-shopping-center-consumption-indian-ethnicity-family.jpg', NULL, 'done', 'INCORRECT', 0, 0, NULL, '2018-08-29 05:40:10', '2018-08-29 05:40:10', 0),
  (3049208, '2c9fafb0656f461b0165843201f200d2', 'http://com.dataturks.a96-i23.open.s3.amazonaws.com/2c9fafb06290781d016293e1db820011/f20ab9ab-a150-4283-b72c-35c06a49a4a1___faces_cc8687c89952cb79f291460ca873ed17.jpg', NULL, 'done', 'NONE', 0, 0, NULL, '2018-08-29 05:40:10', '2018-08-29 05:40:10', 0),
  (3049222, '2c9fafb0656f461b0165843201f200d2', 'http://com.dataturks.a96-i23.open.s3.amazonaws.com/2c9fafb06290781d016293e1db820011/bd009ee0-1788-44cf-99c0-1db2b87c5acd___faces_lucy-hale-free-people-shopping-02.jpg', NULL, 'done', 'CORRECT', 0, 0, NULL, '2018-08-29 05:40:10', '2018-08-29 05:40:10', 0),
  (3049234, '2c9fafb0656f461b0165843201f200d2', 'http://com.dataturks.a96-i23.open.s3.amazonaws.com/2c9fafb06290781d016293e1db820011/132add8b-7935-4b8c-93f8-d5dc1d38f7dc___faces_Supermarket-Shopping-With-Kids1.jpg', NULL, 'done', 'CORRECT', 0, 0, NULL, '2018-08-29 05:40:10', '2018-08-29 05:40:10', 0),
  (3049236, '2c9fafb0656f461b0165843201f200d2', 'http://com.dataturks.a96-i23.open.s3.amazonaws.com/2c9fafb06290781d016293e1db820011/78baf946-28e9-49c5-80d6-b70a434bbd28___cars_0pxEk.jpg', NULL, 'done', 'CORRECT', 0, 0, NULL, '2018-08-29 05:40:10', '2018-08-29 05:40:10', 0),
  (3049251, '2c9fafb0656f461b0165843201f200d2', 'http://com.dataturks.a96-i23.open.s3.amazonaws.com/2c9fafb06290781d016293e1db820011/278bc90e-6d99-41fc-8a94-0281494a7075___cars_3.jpg', NULL, 'done', 'NONE', 0, 0, NULL, '2018-08-29 05:40:10', '2018-08-29 05:40:10', 0),
  (3049260, '2c9fafb0656f461b0165843201f200d2', 'http://com.dataturks.a96-i23.open.s3.amazonaws.com/2c9fafb06290781d016293e1db820011/d8d1d1f7-c9c7-4ba8-b855-f57ce3e69f13___cars_Falschfahrer.jpg', NULL, 'done', 'NONE', 0, 0, NULL, '2018-08-29 05:40:10', '2018-08-29 05:40:10', 0),
  (3049265, '2c9fafb0656f461b0165843201f200d2', 'http://com.dataturks.a96-i23.open.s3.amazonaws.com/2c9fafb06290781d016293e1db820011/1cd442dd-1aa7-4158-8ae8-057a45e5df1c___cars_i-037_nb_at_us-181_21.jpg', NULL, 'done', 'NONE', 0, 0, NULL, '2018-08-29 05:40:10', '2018-08-29 05:40:10', 0);

INSERT INTO `d_hits_result` (`id`, `hitId`, `projectId`, `result`, `userId`, `timeTakenToLabelInSec`, `notes`, `created_timestamp`, `updated_timestamp`)
VALUES
  (1085466, 3049203, '2c9fafb0656f461b0165843201f200d2', '[{\"label\":[\"face\"],\"shape\":\"rectangle\",\"points\":[[0.7173295454545454,0.027659574468085105],[0.7173295454545454,0.2148936170212766],[0.7926136363636364,0.027659574468085105],[0.7926136363636364,0.2148936170212766]],\"notes\":\"\",\"imageWidth\":960,\"imageHeight\":640},{\"label\":[\"face\"],\"shape\":\"rectangle\",\"points\":[[0.45738636363636365,0.21914893617021278],[0.45738636363636365,0.4148936170212766],[0.5511363636363636,0.21914893617021278],[0.5511363636363636,0.4148936170212766]],\"notes\":\"\",\"imageWidth\":960,\"imageHeight\":640},{\"label\":[\"face\"],\"shape\":\"rectangle\",\"points\":[[0.32528409090909083,0.4085106382978724],[0.32528409090909083,0.627659574468085],[0.4232954545454545,0.4085106382978724],[0.4232954545454545,0.627659574468085]],\"notes\":\"\",\"imageWidth\":960,\"imageHeight\":640},{\"label\":[\"person\"],\"shape\":\"rectangle\",\"points\":[[0.9176136363636364,0.1723404255319149],[0.9176136363636364,0.9765957446808511],[0.9971590909090909,0.1723404255319149],[0.9971590909090909,0.9765957446808511]],\"notes\":\"\",\"imageWidth\":960,\"imageHeight\":640},{\"label\":[\"person\"],\"shape\":\"rectangle\",\"points\":[[0.609375,0.03829787234042553],[0.609375,0.9808510638297873],[0.8196022727272727,0.03829787234042553],[0.8196022727272727,0.9808510638297873]],\"notes\":\"\",\"imageWidth\":960,\"imageHeight\":640},{\"label\":[\"person\"],\"shape\":\"rectangle\",\"points\":[[0.4190340909090909,0.18085106382978725],[0.4190340909090909,0.9680851063829787],[0.5710227272727273,0.18085106382978725],[0.5710227272727273,0.9680851063829787]],\"notes\":\"\",\"imageWidth\":960,\"imageHeight\":640},{\"label\":[\"person\"],\"shape\":\"rectangle\",\"points\":[[0.24005681818181818,0.11914893617021277],[0.24005681818181818,0.7978723404255319],[0.40625,0.11914893617021277],[0.40625,0.7978723404255319]],\"notes\":\"\",\"imageWidth\":960,\"imageHeight\":640},{\"label\":[\"person\"],\"shape\":\"rectangle\",\"points\":[[0.2755681818181818,0.43617021276595747],[0.2755681818181818,0.9595744680851064],[0.4275568181818182,0.43617021276595747],[0.4275568181818182,0.9595744680851064]],\"notes\":\"\",\"imageWidth\":960,\"imageHeight\":640}]', '123', 0, NULL, '2018-10-12 21:22:49', '2018-10-12 21:22:49'),
  (1085469, 3049204, '2c9fafb0656f461b0165843201f200d2', '[{\"label\":[\"person\"],\"shape\":\"rectangle\",\"points\":[[0.325748502994012,0.23829787234042554],[0.325748502994012,0.3851063829787234],[0.362874251497006,0.23829787234042554],[0.362874251497006,0.3851063829787234]],\"notes\":\"\",\"imageWidth\":960,\"imageHeight\":540},{\"label\":[\"person\"],\"shape\":\"rectangle\",\"points\":[[0.01916167664670658,0.5468085106382982],[0.01916167664670658,0.9787234042553195],[0.22155688622754488,0.5468085106382982],[0.22155688622754488,0.9787234042553195]],\"notes\":\"\",\"imageWidth\":960,\"imageHeight\":540},{\"label\":[\"person\"],\"shape\":\"rectangle\",\"points\":[[0.18203592814371258,0.48936170212765956],[0.18203592814371258,0.997872340425532],[0.3197604790419162,0.48936170212765956],[0.3197604790419162,0.997872340425532]],\"notes\":\"\",\"imageWidth\":960,\"imageHeight\":540},{\"label\":[\"person\"],\"shape\":\"rectangle\",\"points\":[[0.8,0.06170212765957447],[0.8,0.9851063829787234],[0.9844311377245509,0.06170212765957447],[0.9844311377245509,0.9851063829787234]],\"notes\":\"\",\"imageWidth\":960,\"imageHeight\":540},{\"label\":[\"face\"],\"shape\":\"rectangle\",\"points\":[[0.5688622754491018,0.1702127659574468],[0.5688622754491018,0.3170212765957447],[0.6359281437125749,0.1702127659574468],[0.6359281437125749,0.3170212765957447]],\"notes\":\"\",\"imageWidth\":960,\"imageHeight\":540},{\"label\":[\"face\"],\"shape\":\"rectangle\",\"points\":[[0.42035928143712575,0.23829787234042554],[0.42035928143712575,0.42340425531914894],[0.5461077844311377,0.23829787234042554],[0.5461077844311377,0.42340425531914894]],\"notes\":\"\",\"imageWidth\":960,\"imageHeight\":540},{\"label\":[\"person\"],\"shape\":\"rectangle\",\"points\":[[0.40838323353293415,0.20851063829787234],[0.40838323353293415,0.948936170212766],[0.5760479041916168,0.20851063829787234],[0.5760479041916168,0.948936170212766]],\"notes\":\"\",\"imageWidth\":960,\"imageHeight\":540},{\"label\":[\"person\"],\"shape\":\"rectangle\",\"points\":[[0.5473053892215569,0.14468085106382977],[0.5473053892215569,0.951063829787234],[0.6574850299401198,0.14468085106382977],[0.6574850299401198,0.951063829787234]],\"notes\":\"\",\"imageWidth\":960,\"imageHeight\":540}]', '123', 0, NULL, '2018-10-12 21:23:53', '2018-10-12 21:23:53'),
  (657460, 3049205, '2c9fafb0656f461b0165843201f200d2', '[{\"label\":\"face\",\"shape\":\"rectangle\",\"points\":[[0.5727788279773157,0.135498320268757],[0.5727788279773157,0.3135498320268757],[0.6628859483301828,0.135498320268757],[0.6628859483301828,0.3135498320268757]],\"imageWidth\":960,\"imageHeight\":540},{\"label\":\"face\",\"shape\":\"rectangle\",\"points\":[[0.27473219911783237,0.5509518477043673],[0.27473219911783237,0.6707726763717805],[0.332703213610586,0.5509518477043673],[0.332703213610586,0.6707726763717805]],\"imageWidth\":960,\"imageHeight\":540}]', '123', 19, NULL, '2018-08-30 01:41:01', '2018-08-30 01:41:01'),
  (1089522, 3049208, '2c9fafb0656f461b0165843201f200d2', '[{\"label\":[\"face\"],\"shape\":\"rectangle\",\"points\":[[0.15823367065317387,0.1856946354883081],[0.15823367065317387,0.1856946354883081],[0.19319227230910763,0.1856946354883081],[0.19319227230910763,0.1856946354883081]],\"notes\":\"\",\"imageWidth\":1222,\"imageHeight\":817}]', '123', 12, NULL, '2018-10-15 11:44:08', '2018-10-15 11:44:08'),
  (967480, 3049222, '2c9fafb0656f461b0165843201f200d2', '[{\"label\":\"face\",\"shape\":\"rectangle\",\"points\":[[0.6045627376425855,0.32972604364326374],[0.6045627376425855,0.4113199715370019],[0.6489226869455006,0.32972604364326374],[0.6489226869455006,0.4113199715370019]],\"imageWidth\":1222,\"imageHeight\":817},{\"label\":\"face\",\"shape\":\"rectangle\",\"points\":[[0.3422053231939164,0.33731617647058826],[0.3422053231939164,0.4208076375711575],[0.3840304182509506,0.33731617647058826],[0.3840304182509506,0.4208076375711575]],\"imageWidth\":1222,\"imageHeight\":817},{\"label\":\"face\",\"shape\":\"rectangle\",\"points\":[[0.44106463878326996,0.34870137571157495],[0.44106463878326996,0.4208076375711575],[0.4803548795944233,0.34870137571157495],[0.4803548795944233,0.4208076375711575]],\"imageWidth\":1222,\"imageHeight\":817},{\"label\":\"face\",\"shape\":\"rectangle\",\"points\":[[0.4165707086748453,0.29852498099517377],[0.4165707086748453,0.3618474241086242],[0.45259996901273825,0.29852498099517377],[0.45259996901273825,0.3618474241086242]],\"imageWidth\":1222,\"imageHeight\":817},{\"label\":\"face\",\"shape\":\"rectangle\",\"points\":[[0.2799462380364472,0.33162805682871815],[0.2799462380364472,0.350570373170339],[0.2903657124246138,0.33162805682871815],[0.2903657124246138,0.350570373170339]],\"imageWidth\":1222,\"imageHeight\":817}]', '123', 224, NULL, '2018-09-29 06:38:04', '2018-09-29 06:38:04'),
  (657458, 3049234, '2c9fafb0656f461b0165843201f200d2', '[{\"label\":\"face\",\"shape\":\"rectangle\",\"points\":[[0.37992831541218636,0.21724524076147816],[0.37992831541218636,0.45464725643896975],[0.517921146953405,0.21724524076147816],[0.517921146953405,0.45464725643896975]],\"imageWidth\":960,\"imageHeight\":768}]', '123', 0, NULL, '2018-08-30 01:40:04', '2018-08-30 01:40:04'),
  (784904, 3049236, '2c9fafb0656f461b0165843201f200d2', '[{\"label\":\"car\",\"shape\":\"rectangle\",\"points\":[[0,0.530968090995387],[0,0.7239882326036083],[0.3173567453756471,0.530968090995387],[0.3173567453756471,0.7239882326036083]],\"imageWidth\":1024,\"imageHeight\":684},{\"label\":\"car\",\"shape\":\"rectangle\",\"points\":[[0.4375268776743393,0.4736132781456796],[0.4375268776743393,0.581063511246219],[0.5267917298494053,0.4736132781456796],[0.5267917298494053,0.581063511246219]],\"imageWidth\":1024,\"imageHeight\":684},{\"label\":\"car\",\"shape\":\"rectangle\",\"points\":[[0.8177188800009529,0.4458073440758711],[0.8177188800009529,0.5286188290114004],[0.8894685923449902,0.4458073440758711],[0.8894685923449902,0.5286188290114004]],\"imageWidth\":1024,\"imageHeight\":684},{\"label\":\"car\",\"shape\":\"rectangle\",\"points\":[[0.984352773826458,0.4425531914893617],[0.984352773826458,0.5404255319148936],[0.8975817923186344,0.4425531914893617],[0.8975817923186344,0.5404255319148936]],\"imageWidth\":1024,\"imageHeight\":684},{\"label\":\"car\",\"shape\":\"rectangle\",\"points\":[[0.9004267425320057,0.6148936170212767],[0.9004267425320057,0.9297872340425531],[0.9971550497866287,0.6148936170212767],[0.9971550497866287,0.9297872340425531]],\"imageWidth\":1024,\"imageHeight\":684},{\"label\":\"face\",\"shape\":\"rectangle\",\"points\":[[0.7930181593579239,0.43699761163592116],[0.7930181593579239,0.44815660605985774],[0.8012517329056003,0.43699761163592116],[0.8012517329056003,0.44815660605985774]],\"imageWidth\":1024,\"imageHeight\":684},{\"label\":\"face\",\"shape\":\"rectangle\",\"points\":[[0.776551012262571,0.4487439215558544],[0.776551012262571,0.46049023147578766],[0.7832162860868804,0.4487439215558544],[0.7832162860868804,0.46049023147578766]],\"imageWidth\":1024,\"imageHeight\":684}]', '123', 88, NULL, '2018-09-08 01:44:39', '2018-09-15 06:39:07'),
  (849709, 3049251, '2c9fafb0656f461b0165843201f200d2', '[{\"label\":\"car\",\"shape\":\"rectangle\",\"points\":[[0.5037042025862069,0.7504061544342507],[0.5037042025862069,0.881904625382263],[0.5778421336206897,0.7504061544342507],[0.5778421336206897,0.881904625382263]],\"imageWidth\":852,\"imageHeight\":480}]', '123', 10, NULL, '2018-09-13 09:19:16', '2018-09-13 09:19:16'),
  (681178, 3049260, '2c9fafb0656f461b0165843201f200d2', '[{\"label\":\"car\",\"shape\":\"rectangle\",\"points\":[[0.2825520833333333,0.6340425531914894],[0.2825520833333333,0.7617021276595745],[0.3697916666666667,0.6340425531914894],[0.3697916666666667,0.7617021276595745]],\"imageWidth\":1200,\"imageHeight\":735},{\"label\":\"car\",\"shape\":\"rectangle\",\"points\":[[0.4283854166666667,0.5191489361702127],[0.4283854166666667,0.6127659574468085],[0.4986979166666667,0.5191489361702127],[0.4986979166666667,0.6127659574468085]],\"imageWidth\":1200,\"imageHeight\":735},{\"label\":\"car\",\"shape\":\"rectangle\",\"points\":[[0.69140625,0.4723404255319149],[0.69140625,0.5659574468085107],[0.7825520833333334,0.4723404255319149],[0.7825520833333334,0.5659574468085107]],\"imageWidth\":1200,\"imageHeight\":735},{\"label\":\"car\",\"shape\":\"rectangle\",\"points\":[[0.622395833333333,0.35744680851063826],[0.622395833333333,0.44042553191489364],[0.6796875,0.35744680851063826],[0.6796875,0.44042553191489364]],\"imageWidth\":1200,\"imageHeight\":735},{\"label\":\"car\",\"shape\":\"rectangle\",\"points\":[[0.3619791666666667,0.19574468085106383],[0.3619791666666667,0.3021276595744681],[0.4635416666666667,0.19574468085106383],[0.4635416666666667,0.3021276595744681]],\"imageWidth\":1200,\"imageHeight\":735}]', '123', 82, NULL, '2018-09-06 09:59:35', '2018-09-06 09:59:35'),
  (657434, 3049265, '2c9fafb0656f461b0165843201f200d2', '[{\"label\":\"car\",\"shape\":\"rectangle\",\"points\":[[0.1794871794871795,0.8123791102514507],[0.1794871794871795,0.9129593810444874],[0.2720797720797721,0.8123791102514507],[0.2720797720797721,0.9129593810444874]],\"imageWidth\":1024,\"imageHeight\":754},{\"label\":\"car\",\"shape\":\"rectangle\",\"points\":[[0.2849002849002849,0.7872340425531915],[0.2849002849002849,0.9671179883945842],[0.43447293447293445,0.7872340425531915],[0.43447293447293445,0.9671179883945842]],\"imageWidth\":1024,\"imageHeight\":754},{\"label\":\"car\",\"shape\":\"rectangle\",\"points\":[[0.7207977207977208,0.8181818181818182],[0.7207977207977208,0.9381044487427466],[0.8148148148148148,0.8181818181818182],[0.8148148148148148,0.9381044487427466]],\"imageWidth\":1024,\"imageHeight\":754},{\"label\":\"car\",\"shape\":\"rectangle\",\"points\":[[0.8247863247863247,0.746615087040619],[0.8247863247863247,0.97678916827853],[0.9971509971509972,0.746615087040619],[0.9971509971509972,0.97678916827853]],\"imageWidth\":1024,\"imageHeight\":754}]', '123', 38, NULL, '2018-08-29 23:26:02', '2018-08-29 23:26:02');

INSERT INTO `d_hits` (`id`, `projectId`, `data`, `extras`, `status`, `evaluation`, `isGoldenHIT`, `goldenHITResultId`, `notes`, `created_timestamp`, `updated_timestamp`, `isURL`)
VALUES
  (3049201, '2c9fafb0656f461b0165843201f200d2', 'http://com.dataturks.a96-i23.open.s3.amazonaws.com/2c9fafb06290781d016293e1db820011/5d11ef9d-bd57-489c-b434-8fa4eab80d9f___faces_10_1-e1440596816250.jpg', NULL, 'notDone', 'NONE', 0, 0, NULL, '2018-08-29 05:40:10', '2018-08-29 05:40:10', 0),
  (3049202, '2c9fafb0656f461b0165843201f200d2', 'http://com.dataturks.a96-i23.open.s3.amazonaws.com/2c9fafb06290781d016293e1db820011/19378da7-c44a-4eca-98f9-a2594e11c8b5___faces_13bgm-PadmalathaFilm.jpg', NULL, 'notDone', 'NONE', 0, 0, NULL, '2018-08-29 05:40:10', '2018-08-29 05:40:10', 0),
  (3049207, '2c9fafb0656f461b0165843201f200d2', 'http://com.dataturks.a96-i23.open.s3.amazonaws.com/2c9fafb06290781d016293e1db820011/cd913f4c-a1b2-4787-a24e-008d37b5d74d___faces_bd-marykillspeopel.jpg', NULL, 'notDone', 'NONE', 0, 0, NULL, '2018-08-29 05:40:10', '2018-08-29 05:40:10', 0),
  (3049209, '2c9fafb0656f461b0165843201f200d2', 'http://com.dataturks.a96-i23.open.s3.amazonaws.com/2c9fafb06290781d016293e1db820011/adc0253b-76d1-462d-befb-9bea13af746b___faces_DcmI-AYXUAAAYjt.jpg', NULL, 'notDone', 'NONE', 0, 0, NULL, '2018-08-29 05:40:10', '2018-08-29 05:40:10', 0),
  (3049210, '2c9fafb0656f461b0165843201f200d2', 'http://com.dataturks.a96-i23.open.s3.amazonaws.com/2c9fafb06290781d016293e1db820011/8bc94948-d3cc-4984-ae66-54ba887f6278___faces_download%20%281%29.jpeg', NULL, 'notDone', 'NONE', 0, 0, NULL, '2018-08-29 05:40:10', '2018-08-29 05:40:10', 0),
  (3049211, '2c9fafb0656f461b0165843201f200d2', 'http://com.dataturks.a96-i23.open.s3.amazonaws.com/2c9fafb06290781d016293e1db820011/83feb05c-0f31-4c0c-b3fe-965502f3ca82___faces_fourWomenStreetShopping-900.jpg', NULL, 'notDone', 'NONE', 0, 0, NULL, '2018-08-29 05:40:10', '2018-08-29 05:40:10', 0),
  (3049212, '2c9fafb0656f461b0165843201f200d2', 'http://com.dataturks.a96-i23.open.s3.amazonaws.com/2c9fafb06290781d016293e1db820011/89e8f6f7-8636-418f-9db3-9c50c6e09cc1___faces_grocery-shopping-7d0cc82992c1b9fb.jpg', NULL, 'notDone', 'NONE', 0, 0, NULL, '2018-08-29 05:40:10', '2018-08-29 05:40:10', 0),
  (3049213, '2c9fafb0656f461b0165843201f200d2', 'http://com.dataturks.a96-i23.open.s3.amazonaws.com/2c9fafb06290781d016293e1db820011/d2e0828a-5180-4404-8f01-238209d46884___faces_Grocery-shopping-with-kids.jpg', NULL, 'notDone', 'NONE', 0, 0, NULL, '2018-08-29 05:40:10', '2018-08-29 05:40:10', 0),
  (3049214, '2c9fafb0656f461b0165843201f200d2', 'http://com.dataturks.a96-i23.open.s3.amazonaws.com/2c9fafb06290781d016293e1db820011/1dbb4849-829f-4171-9820-ad817f901a23___faces_harlem-tour2_orig.jpg', NULL, 'notDone', 'NONE', 0, 0, NULL, '2018-08-29 05:40:10', '2018-08-29 05:40:10', 0),
  (3049215, '2c9fafb0656f461b0165843201f200d2', 'http://com.dataturks.a96-i23.open.s3.amazonaws.com/2c9fafb06290781d016293e1db820011/0e6e7700-8053-4a21-9330-448720b4c435___faces_harry-meghan-15.jpg', NULL, 'notDone', 'NONE', 0, 0, NULL, '2018-08-29 05:40:10', '2018-08-29 05:40:10', 0),
  (3049216, '2c9fafb0656f461b0165843201f200d2', 'http://com.dataturks.a96-i23.open.s3.amazonaws.com/2c9fafb06290781d016293e1db820011/95237ed9-1ed1-432f-aee4-fcd3797f3afc___faces_hero1.jpg', NULL, 'notDone', 'NONE', 0, 0, NULL, '2018-08-29 05:40:10', '2018-08-29 05:40:10', 0),
  (3049217, '2c9fafb0656f461b0165843201f200d2', 'http://com.dataturks.a96-i23.open.s3.amazonaws.com/2c9fafb06290781d016293e1db820011/8340a04a-875e-424b-8208-9434aa7060da___faces_italian-youths-shop-socialize-and-party-51160461-578cb1d2a4e09.jpg', NULL, 'notDone', 'NONE', 0, 0, NULL, '2018-08-29 05:40:10', '2018-08-29 05:40:10', 0),
  (3049218, '2c9fafb0656f461b0165843201f200d2', 'http://com.dataturks.a96-i23.open.s3.amazonaws.com/2c9fafb06290781d016293e1db820011/f37059f3-0a84-45c7-904c-0aed20dbd472___faces_kl-sourviner%20%281%29.jpg', NULL, 'notDone', 'NONE', 0, 0, NULL, '2018-08-29 05:40:10', '2018-08-29 05:40:10', 0),
  (3049219, '2c9fafb0656f461b0165843201f200d2', 'http://com.dataturks.a96-i23.open.s3.amazonaws.com/2c9fafb06290781d016293e1db820011/5cd60b25-7008-45b8-9808-8f64f37a757c___faces_kl-sourviner.jpg', NULL, 'notDone', 'NONE', 0, 0, NULL, '2018-08-29 05:40:10', '2018-08-29 05:40:10', 0),
  (3049220, '2c9fafb0656f461b0165843201f200d2', 'http://com.dataturks.a96-i23.open.s3.amazonaws.com/2c9fafb06290781d016293e1db820011/1613a3b5-6792-452d-9a83-54e6405a137c___faces_kv_1.jpg', NULL, 'notDone', 'NONE', 0, 0, NULL, '2018-08-29 05:40:10', '2018-08-29 05:40:10', 0),
  (3049221, '2c9fafb0656f461b0165843201f200d2', 'http://com.dataturks.a96-i23.open.s3.amazonaws.com/2c9fafb06290781d016293e1db820011/a35fbb60-5da4-4a12-a802-5cb8221c9917___faces_laura-moser-1519399367.jpg', NULL, 'notDone', 'NONE', 0, 0, NULL, '2018-08-29 05:40:10', '2018-08-29 05:40:10', 0),
  (3049223, '2c9fafb0656f461b0165843201f200d2', 'http://com.dataturks.a96-i23.open.s3.amazonaws.com/2c9fafb06290781d016293e1db820011/5419511f-a46d-4f98-a3cc-6d9fcd0d14e6___faces_maxresdefault.jpg', NULL, 'notDone', 'NONE', 0, 0, NULL, '2018-08-29 05:40:10', '2018-08-29 05:40:10', 0),
  (3049224, '2c9fafb0656f461b0165843201f200d2', 'http://com.dataturks.a96-i23.open.s3.amazonaws.com/2c9fafb06290781d016293e1db820011/f03eda4c-47f1-4b00-8a86-c8d67f45f8af___faces_People-shopping-at-Wedding-Asia-exhibition-e1512565071761.jpg', NULL, 'notDone', 'NONE', 0, 0, NULL, '2018-08-29 05:40:10', '2018-08-29 05:40:10', 0),
  (3049225, '2c9fafb0656f461b0165843201f200d2', 'http://com.dataturks.a96-i23.open.s3.amazonaws.com/2c9fafb06290781d016293e1db820011/1e67a91f-54d4-4245-a06a-9fe604173aec___faces_photo-1502990578939-11bbc2725566.jpeg', NULL, 'notDone', 'NONE', 0, 0, NULL, '2018-08-29 05:40:10', '2018-08-29 05:40:10', 0),
  (3049226, '2c9fafb0656f461b0165843201f200d2', 'http://com.dataturks.a96-i23.open.s3.amazonaws.com/2c9fafb06290781d016293e1db820011/b6cabf93-371a-4fb0-8b89-c1a597ae2551___faces_photo-1504836054726-3e36882ddaf9.jpeg', NULL, 'notDone', 'NONE', 0, 0, NULL, '2018-08-29 05:40:10', '2018-08-29 05:40:10', 0),
  (3049227, '2c9fafb0656f461b0165843201f200d2', 'http://com.dataturks.a96-i23.open.s3.amazonaws.com/2c9fafb06290781d016293e1db820011/2a99e98b-0bd7-497b-8514-ce89e5accdbc___faces_photo-1505929475612-6673ef20e436.jpeg', NULL, 'notDone', 'NONE', 0, 0, NULL, '2018-08-29 05:40:10', '2018-08-29 05:40:10', 0),
  (3049228, '2c9fafb0656f461b0165843201f200d2', 'http://com.dataturks.a96-i23.open.s3.amazonaws.com/2c9fafb06290781d016293e1db820011/304cec0c-ced7-4d43-9632-b1ca491a1309___faces_photo-1526029964231-ca7fb5ed88af.jpeg', NULL, 'notDone', 'NONE', 0, 0, NULL, '2018-08-29 05:40:10', '2018-08-29 05:40:10', 0),
  (3049229, '2c9fafb0656f461b0165843201f200d2', 'http://com.dataturks.a96-i23.open.s3.amazonaws.com/2c9fafb06290781d016293e1db820011/f7f85145-24a5-4ef2-b18f-8b225629834d___faces_shopping-service.jpg', NULL, 'notDone', 'NONE', 0, 0, NULL, '2018-08-29 05:40:10', '2018-08-29 05:40:10', 0),
  (3049230, '2c9fafb0656f461b0165843201f200d2', 'http://com.dataturks.a96-i23.open.s3.amazonaws.com/2c9fafb06290781d016293e1db820011/5ec7eb73-83f9-427b-ba80-df4b43104db9___faces_shopping07.jpg', NULL, 'notDone', 'NONE', 0, 0, NULL, '2018-08-29 05:40:10', '2018-08-29 05:40:10', 0),
  (3049231, '2c9fafb0656f461b0165843201f200d2', 'http://com.dataturks.a96-i23.open.s3.amazonaws.com/2c9fafb06290781d016293e1db820011/7da8ed9e-835b-44c4-95b7-0cca8e5f180c___faces_Six-ways-to-create-a-successful-shopping-experience.jpg', NULL, 'notDone', 'NONE', 0, 0, NULL, '2018-08-29 05:40:10', '2018-08-29 05:40:10', 0),
  (3049232, '2c9fafb0656f461b0165843201f200d2', 'http://com.dataturks.a96-i23.open.s3.amazonaws.com/2c9fafb06290781d016293e1db820011/d85de086-1da0-495c-843f-526f5eb3898a___faces_Stages-Back--School-Shopping-Kids.jpg', NULL, 'notDone', 'NONE', 0, 0, NULL, '2018-08-29 05:40:10', '2018-08-29 05:40:10', 0),
  (3049233, '2c9fafb0656f461b0165843201f200d2', 'http://com.dataturks.a96-i23.open.s3.amazonaws.com/2c9fafb06290781d016293e1db820011/3bc5b4f2-0df1-4460-be7f-4cea94e51154___faces_Step2-Little-Helpers-Kids-Shopping-Cart.jpg', NULL, 'notDone', 'NONE', 0, 0, NULL, '2018-08-29 05:40:10', '2018-08-29 05:40:10', 0),
  (3049235, '2c9fafb0656f461b0165843201f200d2', 'http://com.dataturks.a96-i23.open.s3.amazonaws.com/2c9fafb06290781d016293e1db820011/d8db40f8-4a04-4921-a792-df63859c8740___cars_018075allnew2013bmw6seriesgrancoupe.2lg.jpg', NULL, 'notDone', 'NONE', 0, 0, NULL, '2018-08-29 05:40:10', '2018-08-29 05:40:10', 0),
  (3049237, '2c9fafb0656f461b0165843201f200d2', 'http://com.dataturks.a96-i23.open.s3.amazonaws.com/2c9fafb06290781d016293e1db820011/79316ed1-644f-46f9-bb49-28a13b84d6d9___cars_2014-Impreza.jpg', NULL, 'notDone', 'NONE', 0, 0, NULL, '2018-08-29 05:40:10', '2018-08-29 05:40:10', 0),
  (3049238, '2c9fafb0656f461b0165843201f200d2', 'http://com.dataturks.a96-i23.open.s3.amazonaws.com/2c9fafb06290781d016293e1db820011/8f2e8e1e-d5dc-494d-9a72-6f8b5b238317___cars_5-steps-before-taking-your-car-on-a-road-trip.jpg', NULL, 'notDone', 'NONE', 0, 0, NULL, '2018-08-29 05:40:10', '2018-08-29 05:40:10', 0),
  (3049239, '2c9fafb0656f461b0165843201f200d2', 'http://com.dataturks.a96-i23.open.s3.amazonaws.com/2c9fafb06290781d016293e1db820011/57094e87-a4e2-4065-99e4-777700827607___cars_Beta_public_roads_edit.0.0.jpg', NULL, 'notDone', 'NONE', 0, 0, NULL, '2018-08-29 05:40:10', '2018-08-29 05:40:10', 0),
  (3049240, '2c9fafb0656f461b0165843201f200d2', 'http://com.dataturks.a96-i23.open.s3.amazonaws.com/2c9fafb06290781d016293e1db820011/78344495-6522-4036-a802-f57db31fc190___cars_camera-1391325_960_720.jpg', NULL, 'notDone', 'NONE', 0, 0, NULL, '2018-08-29 05:40:10', '2018-08-29 05:40:10', 0),
  (3049241, '2c9fafb0656f461b0165843201f200d2', 'http://com.dataturks.a96-i23.open.s3.amazonaws.com/2c9fafb06290781d016293e1db820011/81bb1a65-110a-4f08-a721-4beed2a309f5___cars_car-1835506_960_720.jpg', NULL, 'notDone', 'NONE', 0, 0, NULL, '2018-08-29 05:40:10', '2018-08-29 05:40:10', 0),
  (3049242, '2c9fafb0656f461b0165843201f200d2', 'http://com.dataturks.a96-i23.open.s3.amazonaws.com/2c9fafb06290781d016293e1db820011/ff0cf8a7-be9c-4d85-afeb-d1179dc925a6___cars_emergency-service-big_2cb026c3-22d6-4350-9236-cc20cd087eef.jpg', NULL, 'notDone', 'NONE', 0, 0, NULL, '2018-08-29 05:40:10', '2018-08-29 05:40:10', 0),
  (3049243, '2c9fafb0656f461b0165843201f200d2', 'http://com.dataturks.a96-i23.open.s3.amazonaws.com/2c9fafb06290781d016293e1db820011/d1518295-2dbd-4f1d-a1c8-e151ca0fc0ae___cars_images.jpeg', NULL, 'notDone', 'NONE', 0, 0, NULL, '2018-08-29 05:40:10', '2018-08-29 05:40:10', 0),
  (3049244, '2c9fafb0656f461b0165843201f200d2', 'http://com.dataturks.a96-i23.open.s3.amazonaws.com/2c9fafb06290781d016293e1db820011/713c339b-fdf5-4201-9225-b5f36cb3951a___cars_Maruti-Baleno-16.jpg', NULL, 'notDone', 'NONE', 0, 0, NULL, '2018-08-29 05:40:10', '2018-08-29 05:40:10', 0),
  (3049245, '2c9fafb0656f461b0165843201f200d2', 'http://com.dataturks.a96-i23.open.s3.amazonaws.com/2c9fafb06290781d016293e1db820011/29f6d9a6-a013-4e44-9aab-7ec4ac7bc990___cars_the-fastest-road-cars-on-the-planet-2015.jpg', NULL, 'notDone', 'NONE', 0, 0, NULL, '2018-08-29 05:40:10', '2018-08-29 05:40:10', 0),
  (3049246, '2c9fafb0656f461b0165843201f200d2', 'http://com.dataturks.a96-i23.open.s3.amazonaws.com/2c9fafb06290781d016293e1db820011/c26a9eea-9764-4575-b588-ffc85b8e17e9___cars_vehicle-prototype.jpg', NULL, 'notDone', 'NONE', 0, 0, NULL, '2018-08-29 05:40:10', '2018-08-29 05:40:10', 0),
  (3049247, '2c9fafb0656f461b0165843201f200d2', 'http://com.dataturks.a96-i23.open.s3.amazonaws.com/2c9fafb06290781d016293e1db820011/12575572-6320-4af9-8a9b-eac128f0f424___cars_vintage-road-trip-720x340.jpg', NULL, 'notDone', 'NONE', 0, 0, NULL, '2018-08-29 05:40:10', '2018-08-29 05:40:10', 0),
  (3049248, '2c9fafb0656f461b0165843201f200d2', 'http://com.dataturks.a96-i23.open.s3.amazonaws.com/2c9fafb06290781d016293e1db820011/0e558331-0d76-432d-84e1-600744431c7a___cars_1078702682_5738679948001_5733065553001-vs.jpg', NULL, 'notDone', 'NONE', 0, 0, NULL, '2018-08-29 05:40:10', '2018-08-29 05:40:10', 0);


INSERT INTO `d_hits` (`id`, `projectId`, `data`, `extras`, `status`, `evaluation`, `isGoldenHIT`, `goldenHITResultId`, `notes`, `created_timestamp`, `updated_timestamp`, `isURL`)
VALUES
  (3052503, '2c9fafb0656f461b0165843c734c00d3', 'http://com.dataturks.a96-i23.open.s3.amazonaws.com/2c9fafb06290781d016293e1db820011/d2e0828a-5180-4404-8f01-238209d46884___faces_Grocery-shopping-with-kids.jpg', NULL, 'done', 'CORRECT', 0, 0, NULL, '2018-08-29 05:51:42', '2018-08-29 05:51:42', 0),
  (3052507, '2c9fafb0656f461b0165843c734c00d3', 'http://com.dataturks.a96-i23.open.s3.amazonaws.com/2c9fafb06290781d016293e1db820011/8340a04a-875e-424b-8208-9434aa7060da___faces_italian-youths-shop-socialize-and-party-51160461-578cb1d2a4e09.jpg', NULL, 'done', 'NONE', 0, 0, NULL, '2018-08-29 05:51:42', '2018-08-29 05:51:42', 0),
  (3052536, '2c9fafb0656f461b0165843c734c00d3', 'http://com.dataturks.a96-i23.open.s3.amazonaws.com/2c9fafb06290781d016293e1db820011/c26a9eea-9764-4575-b588-ffc85b8e17e9___cars_vehicle-prototype.jpg', NULL, 'done', 'NONE', 0, 0, NULL, '2018-08-29 05:51:42', '2018-08-29 05:51:42', 0),
  (3052566, '2c9fafb0656f461b0165843c734c00d3', 'http://com.dataturks.a96-i23.open.s3.amazonaws.com/2c9fafb06290781d016293e1db820011/daed6c31-8e55-41e2-8ce4-b2d6fadebe2d___airplanes_32079eb5-49f0-49cb-ae18-2d2b73395d43.jpg', NULL, 'done', 'NONE', 0, 0, NULL, '2018-08-29 05:51:43', '2018-08-29 05:51:43', 0),
  (3052567, '2c9fafb0656f461b0165843c734c00d3', 'http://com.dataturks.a96-i23.open.s3.amazonaws.com/2c9fafb06290781d016293e1db820011/720b1657-f7a6-4b85-a924-dde379d64482___airplanes_355981-terminator22.jpg', NULL, 'done', 'NONE', 0, 0, NULL, '2018-08-29 05:51:43', '2018-08-29 05:51:43', 0),
  (3052573, '2c9fafb0656f461b0165843c734c00d3', 'http://com.dataturks.a96-i23.open.s3.amazonaws.com/2c9fafb06290781d016293e1db820011/4db1d6b1-5991-4a70-a6bb-9fd3fb468154___airplanes_ears-pop-airplanes.jpg', NULL, 'done', 'NONE', 0, 0, NULL, '2018-08-29 05:51:43', '2018-08-29 05:51:43', 0),
  (3052595, '2c9fafb0656f461b0165843c734c00d3', 'http://com.dataturks.a96-i23.open.s3.amazonaws.com/2c9fafb06290781d016293e1db820011/83feb05c-0f31-4c0c-b3fe-965502f3ca82___faces_fourWomenStreetShopping-900.jpg', NULL, 'done', 'NONE', 0, 0, NULL, '2018-08-29 05:51:43', '2018-08-29 05:51:43', 0),
  (3052610, '2c9fafb0656f461b0165843c734c00d3', 'http://com.dataturks.a96-i23.open.s3.amazonaws.com/2c9fafb06290781d016293e1db820011/b6cabf93-371a-4fb0-8b89-c1a597ae2551___faces_photo-1504836054726-3e36882ddaf9.jpeg', NULL, 'done', 'NONE', 0, 0, NULL, '2018-08-29 05:51:43', '2018-08-29 05:51:43', 0),
  (3052620, '2c9fafb0656f461b0165843c734c00d3', 'http://com.dataturks.a96-i23.open.s3.amazonaws.com/2c9fafb06290781d016293e1db820011/78baf946-28e9-49c5-80d6-b70a434bbd28___cars_0pxEk.jpg', NULL, 'done', 'NONE', 0, 0, NULL, '2018-08-29 05:51:43', '2018-08-29 05:51:43', 0),
  (3052642, '2c9fafb0656f461b0165843c734c00d3', 'http://com.dataturks.a96-i23.open.s3.amazonaws.com/2c9fafb06290781d016293e1db820011/43cd47ab-5d0e-449f-ad23-5061da032f9c___cars_downtown-traffic.jpg', NULL, 'done', 'NONE', 0, 0, NULL, '2018-08-29 05:51:43', '2018-08-29 05:51:43', 0);

INSERT INTO `d_hits_result` (`id`, `hitId`, `projectId`, `result`, `userId`, `timeTakenToLabelInSec`, `notes`, `created_timestamp`, `updated_timestamp`)
VALUES
  (870381, 3052503, '2c9fafb0656f461b0165843c734c00d3', '[{\"label\":[\"face\"],\"shape\":\"polygon\",\"points\":[[0.4696352581668979,0.32475883874434386],[0.4502556605184882,0.3075089866182713],[0.43956346871246915,0.27387177497243],[0.43354911082158337,0.24282204114549946],[0.42953953889432617,0.2091848294996581],[0.42953953889432617,0.1651977065781732],[0.4422365166639739,0.14104791360167174],[0.47164004413052646,0.13587295796384996],[0.4910196417789361,0.1375979431764572],[0.5170818593061077,0.14967283966470799],[0.5324518850272602,0.17296014003490587],[0.5438123388211554,0.20055990343662186],[0.5484901727362889,0.2436845337518031],[0.5498266967120412,0.2704218045472155],[0.5344566709908888,0.2911216270985025],[0.5237644791848696,0.31009646443718225],[0.49837052364557427,0.32907130177586197],[0.4823322359365456,0.33165877959477286]],\"notes\":\"Testing\",\"imageWidth\":1000,\"imageHeight\":775},{\"label\":[\"face\"],\"shape\":\"polygon\",\"points\":[[0.817131491862519,0.4480952814457623],[0.7997566801777379,0.43515789235120783],[0.7883962263838427,0.4170455476188317],[0.7790405585535759,0.391170769429723],[0.7763675106020711,0.34977112432714896],[0.7710214146990615,0.32303385353173664],[0.7736944626505664,0.28249670103546626],[0.7937423222868523,0.2514469672085357],[0.8204728018019001,0.2402345633265886],[0.8565589491472144,0.2410970559328922],[0.8746020228198718,0.2514469672085357],[0.8839576906501385,0.2704218045472155],[0.8979911923955385,0.2980215679489315],[0.9006642403470433,0.32475883874434386],[0.9073468602258052,0.35149610953975624],[0.9080151222136814,0.37478340990995407],[0.9026690263106719,0.3920332620360266],[0.8879672625773957,0.41273308458731356],[0.8752702848077478,0.42739545889447517],[0.8592319970987192,0.4377453701701187],[0.837847613486681,0.4506827592646731]],\"notes\":\"\",\"imageWidth\":1000,\"imageHeight\":775}]', '123', 0, NULL, '2018-09-13 18:17:22', '2018-10-09 09:46:55'),
  (678408, 3052507, '2c9fafb0656f461b0165843c734c00d3', '[{\"label\":\"face\",\"shape\":\"polygon\",\"points\":[[0.4829201211734694,0.264827806122449],[0.4714405293367347,0.2015625],[0.47654257015306123,0.1321747448979592],[0.4969507334183674,0.05870535714285714],[0.5403180803571429,0.03829719387755102],[0.5632772640306123,0.04646045918367347],[0.5773078762755102,0.07707270408163265],[0.5862364477040817,0.164827806122449],[0.5760323660714286,0.22809311224489795],[0.5415935905612245,0.26278698979591836],[0.5046037946428571,0.2831951530612245]],\"imageWidth\":960,\"imageHeight\":600},{\"label\":\"face\",\"shape\":\"polygon\",\"points\":[[0.6997568558673469,0.1811543367346939],[0.7431242028061223,0.1178890306122449],[0.7890425701530612,0.11176658163265306],[0.8196548150510204,0.1505420918367347],[0.8132772640306121,0.21380739795918366],[0.8145527742346937,0.26890943877550993],[0.8005221619897958,0.2933992346938773],[0.7852160395408162,0.31992984693877524],[0.7456752232142856,0.3280931122448977],[0.7265425701530611,0.3321747448979589],[0.706134406887755,0.3076849489795916],[0.7048588966836733,0.252582908163265]],\"imageWidth\":960,\"imageHeight\":600},{\"label\":\"face\",\"shape\":\"polygon\",\"points\":[[0.0007772640306122449,0.29135841836734694],[0.0020527742346938774,0.021970663265306122],[0.12450175382653061,0.015848214285714285],[0.15766501913265307,0.0852359693877551],[0.16149154974489796,0.15666454081632653],[0.15766501913265307,0.21176658163265305],[0.16786910076530612,0.2525829081632653],[0.1436344068877551,0.2668686224489796],[0.14618542729591838,0.29135841836734694],[0.12450175382653061,0.2995216836734694],[0.13725685586734693,0.32401147959183674],[0.12450175382653061,0.35666454081632654],[0.1002670599489796,0.36482780612244897],[0.06710379464285714,0.36074617346938775],[0.021185427295918366,0.3444196428571429]],\"imageWidth\":960,\"imageHeight\":600},{\"label\":\"person\",\"shape\":\"polygon\",\"points\":[[0.2622568558673469,0.5219706632653062],[0.3464405293367347,0.5178890306122449],[0.3693997130102041,0.49339923469387753],[0.39108338647959184,0.3076849489795918],[0.41659359056122447,0.2668686224489796],[0.45485889668367346,0.2525829081632653],[0.48036910076530615,0.12197066326530612],[0.49057318239795916,0.0689094387755102],[0.5186344068877551,0.04237882653061224],[0.5581752232142857,0.03829719387755102],[0.5900629783163265,0.11992984693877551],[0.5964405293367347,0.2015625],[0.6066446109693877,0.27299107142857143],[0.6206752232142857,0.32809311224489796],[0.6398078762755102,0.37503188775510204],[0.6283282844387755,0.5015625],[0.6283282844387755,0.5607461734693877],[0.6245017538265306,0.6260522959183673],[0.6168486926020408,0.6689094387755102],[0.6398078762755102,0.7342155612244898],[0.6002670599489796,0.7464604591836734],[0.5722058354591837,0.6954400510204082],[0.5377670599489796,0.6913584183673469],[0.4676139987244898,0.6974808673469388],[0.4255221619897959,0.6913584183673469],[0.4255221619897959,0.5811543367346939],[0.4255221619897959,0.464827806122449],[0.421695631377551,0.3852359693877551],[0.40383848852040816,0.5199298469387755],[0.36557318239795916,0.5709502551020408],[0.32985889668367346,0.5831951530612245],[0.29414461096938777,0.5893176020408163]],\"imageWidth\":960,\"imageHeight\":600}]', '123', 130, NULL, '2018-09-05 07:44:00', '2018-09-10 10:52:51'),
  (1091873, 3052536, '2c9fafb0656f461b0165843c734c00d3', '[{\"label\":[\"cars\"],\"shape\":\"polygon\",\"points\":[[0.6485195797516714,0.3853868194842407],[0.7134670487106017,0.46418338108882523],[0.7440305635148042,0.7048710601719198],[0.7497612225405922,0.8982808022922636],[0.6962750716332379,0.8610315186246418],[0.6466093600764088,0.8653295128939829],[0.6255969436485196,0.9197707736389685],[0.565425023877746,0.8853868194842407],[0.35912129894937916,0.8638968481375359],[0.3342884431709647,0.9183381088825215],[0.29703915950334286,0.9097421203438395],[0.2808022922636103,0.8409742120343839],[0.27602674307545366,0.7521489971346705],[0.3037249283667622,0.5787965616045845],[0.3018147086914995,0.5343839541547278],[0.3018147086914995,0.5085959885386819],[0.3333333333333333,0.5085959885386819],[0.3868194842406877,0.40974212034383956],[0.5071633237822349,0.36962750716332377],[0.5195797516714422,0.30802292263610315],[0.5472779369627507,0.2979942693409742],[0.5635148042024832,0.332378223495702],[0.5682903533906399,0.3681948424068768]],\"notes\":\"\",\"imageWidth\":1172,\"imageHeight\":781}]', '123', 0, NULL, '2018-10-16 03:21:56', '2018-10-16 03:21:56'),
  (1036143, 3052566, '2c9fafb0656f461b0165843c734c00d3', '[{\"label\":[\"airplane\"],\"shape\":\"polygon\",\"points\":[[0.40515463917525774,0.5013020833333334],[0.45670103092783504,0.46350139604810997],[0.4247422680412371,0.3913364475945017],[0.5618556701030928,0.41539143041237114],[0.5278350515463918,0.4909928049828179],[0.5309278350515464,0.5769034579037801],[0.5082474226804123,0.5786216709621993],[0.4845360824742268,0.5184842139175257],[0.4195876288659794,0.583776310137457]],\"notes\":\"\",\"imageWidth\":970,\"imageHeight\":582}]', '123', 0, NULL, '2018-10-09 11:27:49', '2018-10-09 11:27:49'),
  (682302, 3052567, '2c9fafb0656f461b0165843c734c00d3', '[{\"label\":\"airplane\",\"shape\":\"rectangle\",\"points\":[[0.10536910076530612,0.40768494897959184],[0.10536910076530612,0.6015625],[0.4727160395408163,0.40768494897959184],[0.4727160395408163,0.6015625]],\"imageWidth\":1280,\"imageHeight\":800}]', '123', 49, NULL, '2018-09-07 09:19:20', '2018-09-10 11:21:17'),
  (674476, 3052573, '2c9fafb0656f461b0165843c734c00d3', '[{\"label\":\"airplane\",\"shape\":\"polygon\",\"points\":[[0.3746341463414634,0.3879941434846267],[0.3951219512195122,0.3997071742313324],[0.40487804878048783,0.4348462664714495],[0.38926829268292684,0.5051244509516837],[0.3951219512195122,0.5153733528550513],[0.5990243902439024,0.5124450951683748],[0.6068292682926829,0.5197657393850659],[0.551219512195122,0.5300146412884333],[0.5326829268292683,0.5534407027818448],[0.48585365853658535,0.5431918008784773],[0.48,0.5622254758418741],[0.46634146341463417,0.5431918008784773],[0.4497560975609756,0.5768667642752562],[0.43902439024390244,0.5812591508052708],[0.43121951219512195,0.5695461200585651],[0.42048780487804877,0.5534407027818448],[0.41853658536585364,0.554904831625183],[0.4165853658536585,0.5724743777452416],[0.41268292682926827,0.5797950219619327],[0.41268292682926827,0.5871156661786237],[0.41853658536585364,0.5885797950219619],[0.42341463414634145,0.6149341142020498],[0.4195121951219512,0.6207906295754027],[0.4165853658536585,0.6207906295754027],[0.41268292682926827,0.6105417276720351],[0.4058536585365854,0.6105417276720351],[0.40487804878048783,0.6178623718887262],[0.4029268292682927,0.6178623718887262],[0.2809756097560976,0.6207906295754027],[0.2253658536585366,0.582723279648609],[0.08097560975609756,0.5021961932650073],[0.3180487804878049,0.5109809663250365],[0.3170731707317073,0.4407027818448024],[0.3258536585365854,0.4787701317715959],[0.35024390243902437,0.4011713030746705],[0.3746341463414634,0.3879941434846267]],\"imageWidth\":3888,\"imageHeight\":2592}]', '123', 0, NULL, '2018-09-03 11:42:43', '2018-09-03 11:42:43'),
  (1009068, 3052595, '2c9fafb0656f461b0165843c734c00d3', '[{\"label\":[\"face\"],\"shape\":\"rectangle\",\"points\":[[0.42333333333333334,0.10333333333333333],[0.42333333333333334,0.2816666666666667],[0.54,0.10333333333333333],[0.54,0.2816666666666667]],\"notes\":\"\",\"imageWidth\":900,\"imageHeight\":600},{\"label\":[\"face\"],\"shape\":\"rectangle\",\"points\":[[0.2588888888888889,0.065],[0.2588888888888889,0.2866666666666667],[0.3877777777777778,0.065],[0.3877777777777778,0.2866666666666667]],\"notes\":\"\",\"imageWidth\":900,\"imageHeight\":600},{\"label\":[\"face\"],\"shape\":\"point\",\"points\":[[0.5566666666666666,0.1]],\"notes\":\"\",\"imageWidth\":900,\"imageHeight\":600}]', '123', 0, NULL, '2018-10-03 14:05:11', '2018-10-03 14:05:11'),
  (980439, 3052610, '2c9fafb0656f461b0165843c734c00d3', '[{\"label\":[\"person\"],\"shape\":\"polygon\",\"points\":[[0.5357033331453839,0.7855818466575464],[0.5219544788832391,0.7429994290751288],[0.5182881177466672,0.6935488796245793],[0.5228710691673821,0.6028895389652387],[0.5265374303039541,0.5781642642399639],[0.5219544788832391,0.5493181103938101],[0.532953562292955,0.5177247038004034],[0.5512853679758147,0.4833840444597432],[0.5586180902489586,0.4490433851190838],[0.5549517291123867,0.4243181103938091],[0.5632010416696736,0.38448294555864426],[0.5787830765001044,0.3405269016026003],[0.599864653035393,0.3212961323718311],[0.6246125907072537,0.3254170114927102],[0.6447775769583995,0.3556367917124904],[0.6530268895156864,0.38585657193227063],[0.6530268895156864,0.4243181103938091],[0.6521102992315434,0.4888785499542487],[0.6856327531577281,0.5188050590431694],[0.698235433893885,0.5848929203347082],[0.7109961600628798,0.650778571587665],[0.7235621368925766,0.7082916144112286],[0.7181282009662207,0.7576612175429596],[0.710656539067482,0.7546074276585226],[0.708958434090496,0.7632598323310942],[0.7133735070306597,0.7734391319458842],[0.7120150230490709,0.7892170463488087],[0.7038641191595378,0.7973604860406408],[0.700807530200963,0.7958335910984223],[0.7028452561733463,0.8065218556939519],[0.7126942650398653,0.8222997700968763],[0.728316830828137,0.8355328595961033],[0.6811095124679247,0.82891631484649],[0.6237135642457962,0.8426583693264564],[0.6111475874160993,0.8329880346924058],[0.6067325144759356,0.8222997700968763],[0.5357517264379185,0.8340059646538849],[0.5228461286128244,0.8238266650390949]],\"notes\":\"\",\"imageWidth\":1000,\"imageHeight\":667}]', '123', 0, NULL, '2018-10-01 07:36:36', '2018-10-01 07:36:36'),
  (990398, 3052620, '2c9fafb0656f461b0165843c734c00d3', '', '123', 0, NULL, '2018-10-02 07:08:54', '2018-10-02 07:08:54'),
  (899770, 3052642, '2c9fafb0656f461b0165843c734c00d3', '[{\"label\":\"cars\",\"shape\":\"rectangle\",\"points\":[[0.5134024545797898,0.7292717236377768],[0.5134024545797898,0.8520739347600815],[0.6079921519593786,0.7292717236377768],[0.6079921519593786,0.8520739347600815]],\"imageWidth\":1000,\"imageHeight\":549}]', '123', 0, NULL, '2018-09-19 11:26:47', '2018-09-19 11:26:47');


INSERT INTO `d_hits` (`id`, `projectId`, `data`, `extras`, `status`, `evaluation`, `isGoldenHIT`, `goldenHITResultId`, `notes`, `created_timestamp`, `updated_timestamp`, `isURL`)
VALUES
  (3052490, '2c9fafb0656f461b0165843c734c00d3', 'http://com.dataturks.a96-i23.open.s3.amazonaws.com/2c9fafb06290781d016293e1db820011/8d4c5b11-c686-437f-8f78-b26ac37685db___faces_061215-biz-online-shop.jpg', NULL, 'notDone', 'NONE', 0, 0, NULL, '2018-08-29 05:51:42', '2018-08-29 05:51:42', 0),
  (3052491, '2c9fafb0656f461b0165843c734c00d3', 'http://com.dataturks.a96-i23.open.s3.amazonaws.com/2c9fafb06290781d016293e1db820011/5d11ef9d-bd57-489c-b434-8fa4eab80d9f___faces_10_1-e1440596816250.jpg', NULL, 'notDone', 'NONE', 0, 0, NULL, '2018-08-29 05:51:42', '2018-08-29 05:51:42', 0),
  (3052492, '2c9fafb0656f461b0165843c734c00d3', 'http://com.dataturks.a96-i23.open.s3.amazonaws.com/2c9fafb06290781d016293e1db820011/19378da7-c44a-4eca-98f9-a2594e11c8b5___faces_13bgm-PadmalathaFilm.jpg', NULL, 'notDone', 'NONE', 0, 0, NULL, '2018-08-29 05:51:42', '2018-08-29 05:51:42', 0),
  (3052493, '2c9fafb0656f461b0165843c734c00d3', 'http://com.dataturks.a96-i23.open.s3.amazonaws.com/2c9fafb06290781d016293e1db820011/e6f26635-9540-41f3-889f-cbf5590d43ee___faces_27.jpg', NULL, 'notDone', 'NONE', 0, 0, NULL, '2018-08-29 05:51:42', '2018-08-29 05:51:42', 0),
  (3052494, '2c9fafb0656f461b0165843c734c00d3', 'http://com.dataturks.a96-i23.open.s3.amazonaws.com/2c9fafb06290781d016293e1db820011/35e8014d-91c1-4763-983c-663be174a7f1___faces_380866139-shopping-center-consumption-handshake-indian-ethnicity.jpg', NULL, 'notDone', 'NONE', 0, 0, NULL, '2018-08-29 05:51:42', '2018-08-29 05:51:42', 0),
  (3052495, '2c9fafb0656f461b0165843c734c00d3', 'http://com.dataturks.a96-i23.open.s3.amazonaws.com/2c9fafb06290781d016293e1db820011/60a5c5b1-43bf-4575-8a80-103169e43c93___faces_831522834-shopping-center-consumption-indian-ethnicity-family.jpg', NULL, 'notDone', 'NONE', 0, 0, NULL, '2018-08-29 05:51:42', '2018-08-29 05:51:42', 0),
  (3052496, '2c9fafb0656f461b0165843c734c00d3', 'http://com.dataturks.a96-i23.open.s3.amazonaws.com/2c9fafb06290781d016293e1db820011/5156c897-90e8-4859-a79f-c7736758b295___faces_AdobeStock_84411094-1024x683.jpeg', NULL, 'notDone', 'NONE', 0, 0, NULL, '2018-08-29 05:51:42', '2018-08-29 05:51:42', 0),
  (3052497, '2c9fafb0656f461b0165843c734c00d3', 'http://com.dataturks.a96-i23.open.s3.amazonaws.com/2c9fafb06290781d016293e1db820011/cd913f4c-a1b2-4787-a24e-008d37b5d74d___faces_bd-marykillspeopel.jpg', NULL, 'notDone', 'NONE', 0, 0, NULL, '2018-08-29 05:51:42', '2018-08-29 05:51:42', 0),
  (3052498, '2c9fafb0656f461b0165843c734c00d3', 'http://com.dataturks.a96-i23.open.s3.amazonaws.com/2c9fafb06290781d016293e1db820011/f20ab9ab-a150-4283-b72c-35c06a49a4a1___faces_cc8687c89952cb79f291460ca873ed17.jpg', NULL, 'notDone', 'NONE', 0, 0, NULL, '2018-08-29 05:51:42', '2018-08-29 05:51:42', 0),
  (3052499, '2c9fafb0656f461b0165843c734c00d3', 'http://com.dataturks.a96-i23.open.s3.amazonaws.com/2c9fafb06290781d016293e1db820011/adc0253b-76d1-462d-befb-9bea13af746b___faces_DcmI-AYXUAAAYjt.jpg', NULL, 'notDone', 'NONE', 0, 0, NULL, '2018-08-29 05:51:42', '2018-08-29 05:51:42', 0),
  (3052500, '2c9fafb0656f461b0165843c734c00d3', 'http://com.dataturks.a96-i23.open.s3.amazonaws.com/2c9fafb06290781d016293e1db820011/8bc94948-d3cc-4984-ae66-54ba887f6278___faces_download%20%281%29.jpeg', NULL, 'notDone', 'NONE', 0, 0, NULL, '2018-08-29 05:51:42', '2018-08-29 05:51:42', 0),
  (3052501, '2c9fafb0656f461b0165843c734c00d3', 'http://com.dataturks.a96-i23.open.s3.amazonaws.com/2c9fafb06290781d016293e1db820011/83feb05c-0f31-4c0c-b3fe-965502f3ca82___faces_fourWomenStreetShopping-900.jpg', NULL, 'notDone', 'NONE', 0, 0, NULL, '2018-08-29 05:51:42', '2018-08-29 05:51:42', 0),
  (3052502, '2c9fafb0656f461b0165843c734c00d3', 'http://com.dataturks.a96-i23.open.s3.amazonaws.com/2c9fafb06290781d016293e1db820011/89e8f6f7-8636-418f-9db3-9c50c6e09cc1___faces_grocery-shopping-7d0cc82992c1b9fb.jpg', NULL, 'notDone', 'NONE', 0, 0, NULL, '2018-08-29 05:51:42', '2018-08-29 05:51:42', 0),
  (3052504, '2c9fafb0656f461b0165843c734c00d3', 'http://com.dataturks.a96-i23.open.s3.amazonaws.com/2c9fafb06290781d016293e1db820011/1dbb4849-829f-4171-9820-ad817f901a23___faces_harlem-tour2_orig.jpg', NULL, 'notDone', 'NONE', 0, 0, NULL, '2018-08-29 05:51:42', '2018-08-29 05:51:42', 0),
  (3052505, '2c9fafb0656f461b0165843c734c00d3', 'http://com.dataturks.a96-i23.open.s3.amazonaws.com/2c9fafb06290781d016293e1db820011/0e6e7700-8053-4a21-9330-448720b4c435___faces_harry-meghan-15.jpg', NULL, 'notDone', 'NONE', 0, 0, NULL, '2018-08-29 05:51:42', '2018-08-29 05:51:42', 0),
  (3052506, '2c9fafb0656f461b0165843c734c00d3', 'http://com.dataturks.a96-i23.open.s3.amazonaws.com/2c9fafb06290781d016293e1db820011/95237ed9-1ed1-432f-aee4-fcd3797f3afc___faces_hero1.jpg', NULL, 'notDone', 'NONE', 0, 0, NULL, '2018-08-29 05:51:42', '2018-08-29 05:51:42', 0),
  (3052508, '2c9fafb0656f461b0165843c734c00d3', 'http://com.dataturks.a96-i23.open.s3.amazonaws.com/2c9fafb06290781d016293e1db820011/f37059f3-0a84-45c7-904c-0aed20dbd472___faces_kl-sourviner%20%281%29.jpg', NULL, 'notDone', 'NONE', 0, 0, NULL, '2018-08-29 05:51:42', '2018-08-29 05:51:42', 0),
  (3052509, '2c9fafb0656f461b0165843c734c00d3', 'http://com.dataturks.a96-i23.open.s3.amazonaws.com/2c9fafb06290781d016293e1db820011/5cd60b25-7008-45b8-9808-8f64f37a757c___faces_kl-sourviner.jpg', NULL, 'notDone', 'NONE', 0, 0, NULL, '2018-08-29 05:51:42', '2018-08-29 05:51:42', 0),
  (3052510, '2c9fafb0656f461b0165843c734c00d3', 'http://com.dataturks.a96-i23.open.s3.amazonaws.com/2c9fafb06290781d016293e1db820011/1613a3b5-6792-452d-9a83-54e6405a137c___faces_kv_1.jpg', NULL, 'notDone', 'NONE', 0, 0, NULL, '2018-08-29 05:51:42', '2018-08-29 05:51:42', 0),
  (3052511, '2c9fafb0656f461b0165843c734c00d3', 'http://com.dataturks.a96-i23.open.s3.amazonaws.com/2c9fafb06290781d016293e1db820011/a35fbb60-5da4-4a12-a802-5cb8221c9917___faces_laura-moser-1519399367.jpg', NULL, 'notDone', 'NONE', 0, 0, NULL, '2018-08-29 05:51:42', '2018-08-29 05:51:42', 0),
  (3052513, '2c9fafb0656f461b0165843c734c00d3', 'http://com.dataturks.a96-i23.open.s3.amazonaws.com/2c9fafb06290781d016293e1db820011/5419511f-a46d-4f98-a3cc-6d9fcd0d14e6___faces_maxresdefault.jpg', NULL, 'notDone', 'NONE', 0, 0, NULL, '2018-08-29 05:51:42', '2018-08-29 05:51:42', 0),
  (3052514, '2c9fafb0656f461b0165843c734c00d3', 'http://com.dataturks.a96-i23.open.s3.amazonaws.com/2c9fafb06290781d016293e1db820011/f03eda4c-47f1-4b00-8a86-c8d67f45f8af___faces_People-shopping-at-Wedding-Asia-exhibition-e1512565071761.jpg', NULL, 'notDone', 'NONE', 0, 0, NULL, '2018-08-29 05:51:42', '2018-08-29 05:51:42', 0),
  (3052515, '2c9fafb0656f461b0165843c734c00d3', 'http://com.dataturks.a96-i23.open.s3.amazonaws.com/2c9fafb06290781d016293e1db820011/1e67a91f-54d4-4245-a06a-9fe604173aec___faces_photo-1502990578939-11bbc2725566.jpeg', NULL, 'notDone', 'NONE', 0, 0, NULL, '2018-08-29 05:51:42', '2018-08-29 05:51:42', 0),
  (3052516, '2c9fafb0656f461b0165843c734c00d3', 'http://com.dataturks.a96-i23.open.s3.amazonaws.com/2c9fafb06290781d016293e1db820011/b6cabf93-371a-4fb0-8b89-c1a597ae2551___faces_photo-1504836054726-3e36882ddaf9.jpeg', NULL, 'notDone', 'NONE', 0, 0, NULL, '2018-08-29 05:51:42', '2018-08-29 05:51:42', 0),
  (3052517, '2c9fafb0656f461b0165843c734c00d3', 'http://com.dataturks.a96-i23.open.s3.amazonaws.com/2c9fafb06290781d016293e1db820011/2a99e98b-0bd7-497b-8514-ce89e5accdbc___faces_photo-1505929475612-6673ef20e436.jpeg', NULL, 'notDone', 'NONE', 0, 0, NULL, '2018-08-29 05:51:42', '2018-08-29 05:51:42', 0),
  (3052518, '2c9fafb0656f461b0165843c734c00d3', 'http://com.dataturks.a96-i23.open.s3.amazonaws.com/2c9fafb06290781d016293e1db820011/304cec0c-ced7-4d43-9632-b1ca491a1309___faces_photo-1526029964231-ca7fb5ed88af.jpeg', NULL, 'notDone', 'NONE', 0, 0, NULL, '2018-08-29 05:51:42', '2018-08-29 05:51:42', 0),
  (3052520, '2c9fafb0656f461b0165843c734c00d3', 'http://com.dataturks.a96-i23.open.s3.amazonaws.com/2c9fafb06290781d016293e1db820011/5ec7eb73-83f9-427b-ba80-df4b43104db9___faces_shopping07.jpg', NULL, 'notDone', 'NONE', 0, 0, NULL, '2018-08-29 05:51:42', '2018-08-29 05:51:42', 0),
  (3052521, '2c9fafb0656f461b0165843c734c00d3', 'http://com.dataturks.a96-i23.open.s3.amazonaws.com/2c9fafb06290781d016293e1db820011/7da8ed9e-835b-44c4-95b7-0cca8e5f180c___faces_Six-ways-to-create-a-successful-shopping-experience.jpg', NULL, 'notDone', 'NONE', 0, 0, NULL, '2018-08-29 05:51:42', '2018-08-29 05:51:42', 0),
  (3052522, '2c9fafb0656f461b0165843c734c00d3', 'http://com.dataturks.a96-i23.open.s3.amazonaws.com/2c9fafb06290781d016293e1db820011/d85de086-1da0-495c-843f-526f5eb3898a___faces_Stages-Back--School-Shopping-Kids.jpg', NULL, 'notDone', 'NONE', 0, 0, NULL, '2018-08-29 05:51:42', '2018-08-29 05:51:42', 0),
  (3052523, '2c9fafb0656f461b0165843c734c00d3', 'http://com.dataturks.a96-i23.open.s3.amazonaws.com/2c9fafb06290781d016293e1db820011/3bc5b4f2-0df1-4460-be7f-4cea94e51154___faces_Step2-Little-Helpers-Kids-Shopping-Cart.jpg', NULL, 'notDone', 'NONE', 0, 0, NULL, '2018-08-29 05:51:42', '2018-08-29 05:51:42', 0),
  (3052524, '2c9fafb0656f461b0165843c734c00d3', 'http://com.dataturks.a96-i23.open.s3.amazonaws.com/2c9fafb06290781d016293e1db820011/132add8b-7935-4b8c-93f8-d5dc1d38f7dc___faces_Supermarket-Shopping-With-Kids1.jpg', NULL, 'notDone', 'NONE', 0, 0, NULL, '2018-08-29 05:51:42', '2018-08-29 05:51:42', 0),
  (3052525, '2c9fafb0656f461b0165843c734c00d3', 'http://com.dataturks.a96-i23.open.s3.amazonaws.com/2c9fafb06290781d016293e1db820011/d8db40f8-4a04-4921-a792-df63859c8740___cars_018075allnew2013bmw6seriesgrancoupe.2lg.jpg', NULL, 'notDone', 'NONE', 0, 0, NULL, '2018-08-29 05:51:42', '2018-08-29 05:51:42', 0),
  (3052526, '2c9fafb0656f461b0165843c734c00d3', 'http://com.dataturks.a96-i23.open.s3.amazonaws.com/2c9fafb06290781d016293e1db820011/78baf946-28e9-49c5-80d6-b70a434bbd28___cars_0pxEk.jpg', NULL, 'notDone', 'NONE', 0, 0, NULL, '2018-08-29 05:51:42', '2018-08-29 05:51:42', 0),
  (3052527, '2c9fafb0656f461b0165843c734c00d3', 'http://com.dataturks.a96-i23.open.s3.amazonaws.com/2c9fafb06290781d016293e1db820011/79316ed1-644f-46f9-bb49-28a13b84d6d9___cars_2014-Impreza.jpg', NULL, 'notDone', 'NONE', 0, 0, NULL, '2018-08-29 05:51:42', '2018-08-29 05:51:42', 0),
  (3052528, '2c9fafb0656f461b0165843c734c00d3', 'http://com.dataturks.a96-i23.open.s3.amazonaws.com/2c9fafb06290781d016293e1db820011/8f2e8e1e-d5dc-494d-9a72-6f8b5b238317___cars_5-steps-before-taking-your-car-on-a-road-trip.jpg', NULL, 'notDone', 'NONE', 0, 0, NULL, '2018-08-29 05:51:42', '2018-08-29 05:51:42', 0),
  (3052529, '2c9fafb0656f461b0165843c734c00d3', 'http://com.dataturks.a96-i23.open.s3.amazonaws.com/2c9fafb06290781d016293e1db820011/57094e87-a4e2-4065-99e4-777700827607___cars_Beta_public_roads_edit.0.0.jpg', NULL, 'notDone', 'NONE', 0, 0, NULL, '2018-08-29 05:51:42', '2018-08-29 05:51:42', 0),
  (3052530, '2c9fafb0656f461b0165843c734c00d3', 'http://com.dataturks.a96-i23.open.s3.amazonaws.com/2c9fafb06290781d016293e1db820011/78344495-6522-4036-a802-f57db31fc190___cars_camera-1391325_960_720.jpg', NULL, 'notDone', 'NONE', 0, 0, NULL, '2018-08-29 05:51:42', '2018-08-29 05:51:42', 0),
  (3052532, '2c9fafb0656f461b0165843c734c00d3', 'http://com.dataturks.a96-i23.open.s3.amazonaws.com/2c9fafb06290781d016293e1db820011/ff0cf8a7-be9c-4d85-afeb-d1179dc925a6___cars_emergency-service-big_2cb026c3-22d6-4350-9236-cc20cd087eef.jpg', NULL, 'notDone', 'NONE', 0, 0, NULL, '2018-08-29 05:51:42', '2018-08-29 05:51:42', 0),
  (3052533, '2c9fafb0656f461b0165843c734c00d3', 'http://com.dataturks.a96-i23.open.s3.amazonaws.com/2c9fafb06290781d016293e1db820011/d1518295-2dbd-4f1d-a1c8-e151ca0fc0ae___cars_images.jpeg', NULL, 'notDone', 'NONE', 0, 0, NULL, '2018-08-29 05:51:42', '2018-08-29 05:51:42', 0),
  (3052534, '2c9fafb0656f461b0165843c734c00d3', 'http://com.dataturks.a96-i23.open.s3.amazonaws.com/2c9fafb06290781d016293e1db820011/713c339b-fdf5-4201-9225-b5f36cb3951a___cars_Maruti-Baleno-16.jpg', NULL, 'notDone', 'NONE', 0, 0, NULL, '2018-08-29 05:51:42', '2018-08-29 05:51:42', 0);


INSERT INTO `d_hits` (`id`, `projectId`, `data`, `extras`, `status`, `evaluation`, `isGoldenHIT`, `goldenHITResultId`, `notes`, `created_timestamp`, `updated_timestamp`, `isURL`)
VALUES
  (3096773, '2c9fafb0656f461b016589a1ccdf0125', 'https://storage.googleapis.com/bonsai-b808c.appspot.com/dataturks/website/uploads/vidoes/Pexels%20Videos%201153258.mp4', NULL, 'done', 'NONE', 0, 0, NULL, '2018-08-30 07:00:14', '2018-08-30 07:00:14', 0),
  (3096786, '2c9fafb0656f461b016589a1ccdf0125', 'https://storage.googleapis.com/bonsai-b808c.appspot.com/dataturks/website/uploads/vidoes/Pexels%20Videos%201069804.mp4', NULL, 'done', 'NONE', 0, 0, NULL, '2018-08-30 07:00:14', '2018-08-30 07:00:14', 0),
  (3096791, '2c9fafb0656f461b016589a1ccdf0125', 'https://storage.googleapis.com/bonsai-b808c.appspot.com/dataturks/website/uploads/vidoes/Wind%20Turbine%20on%20a%20Field%20at%20Sunrise.mp4', NULL, 'done', 'NONE', 0, 0, NULL, '2018-08-30 07:00:14', '2018-08-30 07:00:14', 0),
  (3096793, '2c9fafb0656f461b016589a1ccdf0125', 'https://storage.googleapis.com/bonsai-b808c.appspot.com/dataturks/website/uploads/vidoes/Pexels%20Videos%201069804.mp4', NULL, 'done', 'NONE', 0, 0, NULL, '2018-08-30 07:00:14', '2018-08-30 07:00:14', 0),
  (3096803, '2c9fafb0656f461b016589a1ccdf0125', 'https://storage.googleapis.com/bonsai-b808c.appspot.com/dataturks/website/uploads/vidoes/Pexels%20Videos%201153278.mp4', NULL, 'done', 'NONE', 0, 0, NULL, '2018-08-30 07:00:14', '2018-08-30 07:00:14', 0),
  (3096804, '2c9fafb0656f461b016589a1ccdf0125', 'https://storage.googleapis.com/bonsai-b808c.appspot.com/dataturks/website/uploads/vidoes/Pexels%20Videos%201234170.mp4', NULL, 'done', 'NONE', 0, 0, NULL, '2018-08-30 07:00:14', '2018-08-30 07:00:14', 0),
  (3970238, '2c9fafb0656f461b016589a1ccdf0125', 'https://storage.googleapis.com/bonsai-b808c.appspot.com/dataturks/website/videos/project_items/Video%20Of%20People%20Walking.mp4', NULL, 'done', 'NONE', 0, 0, NULL, '2018-10-05 06:11:30', '2018-10-05 06:11:30', 1),
  (3970248, '2c9fafb0656f461b016589a1ccdf0125', 'https://storage.googleapis.com/bonsai-b808c.appspot.com/dataturks/website/videos/project_items/City%20During%20Snowtime.mp4', NULL, 'done', 'NONE', 0, 0, NULL, '2018-10-05 06:11:30', '2018-10-05 06:11:30', 1),
  (3970280, '2c9fafb0656f461b016589a1ccdf0125', 'https://storage.googleapis.com/bonsai-b808c.appspot.com/dataturks/website/videos/project_items/Pexels%20Videos%202689.mp4', NULL, 'done', 'NONE', 0, 0, NULL, '2018-10-05 06:11:30', '2018-10-05 06:11:30', 1),
  (3970493, '2c9fafb0656f461b016589a1ccdf0125', 'https://storage.googleapis.com/bonsai-b808c.appspot.com/dataturks/website/videos/project_items/Pexels%20Videos%201171461.mp4', NULL, 'done', 'NONE', 0, 0, NULL, '2018-10-05 06:11:30', '2018-10-05 06:11:30', 1);

INSERT INTO `d_hits_result` (`id`, `hitId`, `projectId`, `result`, `userId`, `timeTakenToLabelInSec`, `notes`, `created_timestamp`, `updated_timestamp`)
VALUES
  (1030984, 3096773, '2c9fafb0656f461b016589a1ccdf0125', '{\"labels\":[\"House\",\"Mountains\"],\"note\":\"\"}', '123', 0, NULL, '2018-10-08 15:33:40', '2018-10-11 11:16:30'),
  (657910, 3096786, '2c9fafb0656f461b016589a1ccdf0125', '{\"labels\":[\"Car\",\"Street\"],\"note\":\"\"}', '123', 6, NULL, '2018-08-30 07:24:29', '2018-08-30 07:24:29'),
  (657909, 3096791, '2c9fafb0656f461b016589a1ccdf0125', '{\"labels\":[\"Farm\"],\"note\":\"\"}', '123', 0, NULL, '2018-08-30 07:24:21', '2018-08-30 07:24:21'),
  (657912, 3096793, '2c9fafb0656f461b016589a1ccdf0125', '{\"labels\":[\"Street\",\"Car\"],\"note\":\"\"}', '123', 7, NULL, '2018-08-30 07:24:43', '2018-08-30 07:24:43'),
  (657911, 3096803, '2c9fafb0656f461b016589a1ccdf0125', '{\"labels\":[\"Mountains\"],\"note\":\"\"}', '123', 5, NULL, '2018-08-30 07:24:35', '2018-08-30 07:24:35'),
  (657913, 3096804, '2c9fafb0656f461b016589a1ccdf0125', '{\"labels\":[\"Farm\"],\"note\":\"\"}', '123', 4, NULL, '2018-08-30 07:24:49', '2018-08-30 07:24:49'),
  (1086661, 3970238, '2c9fafb0656f461b016589a1ccdf0125', '{\"labels\":[\"Farm\",\"Mountains\",\"Car\",\"Street\"],\"note\":\"\"}', '123', 0, NULL, '2018-10-13 19:04:07', '2018-10-13 19:04:07'),
  (1045241, 3970248, '2c9fafb0656f461b016589a1ccdf0125', '{\"labels\":[\"Mountains\",\"Street\"],\"note\":\"\"}', '123', 13, NULL, '2018-10-10 10:53:25', '2018-10-10 10:53:25'),
  (1088161, 3970280, '2c9fafb0656f461b016589a1ccdf0125', '{\"labels\":[\"Car\"],\"note\":\"car\"}', '123', 0, NULL, '2018-10-14 19:03:05', '2018-10-14 19:03:05'),
  (1036331, 3970493, '2c9fafb0656f461b016589a1ccdf0125', '{\"labels\":[\"Street\"],\"note\":\"car\"}', '123', 0, NULL, '2018-10-09 12:27:55', '2018-10-09 12:27:55');

INSERT INTO `d_hits` (`id`, `projectId`, `data`, `extras`, `status`, `evaluation`, `isGoldenHIT`, `goldenHITResultId`, `notes`, `created_timestamp`, `updated_timestamp`, `isURL`)
VALUES
  (3096758, '2c9fafb0656f461b016589a1ccdf0125', 'https://storage.googleapis.com/bonsai-b808c.appspot.com/dataturks/website/uploads/vidoes/Pexels%20Videos%201069804.mp4', NULL, 'notDone', 'NONE', 0, 0, NULL, '2018-08-30 07:00:13', '2018-08-30 07:00:13', 0),
  (3096759, '2c9fafb0656f461b016589a1ccdf0125', 'https://storage.googleapis.com/bonsai-b808c.appspot.com/dataturks/website/uploads/vidoes/Pexels%20Videos%201153258.mp4', NULL, 'notDone', 'NONE', 0, 0, NULL, '2018-08-30 07:00:13', '2018-08-30 07:00:13', 0),
  (3096760, '2c9fafb0656f461b016589a1ccdf0125', 'https://storage.googleapis.com/bonsai-b808c.appspot.com/dataturks/website/uploads/vidoes/Pexels%20Videos%201153274.mp4', NULL, 'notDone', 'NONE', 0, 0, NULL, '2018-08-30 07:00:13', '2018-08-30 07:00:13', 0),
  (3096761, '2c9fafb0656f461b016589a1ccdf0125', 'https://storage.googleapis.com/bonsai-b808c.appspot.com/dataturks/website/uploads/vidoes/Pexels%20Videos%201153278.mp4', NULL, 'notDone', 'NONE', 0, 0, NULL, '2018-08-30 07:00:13', '2018-08-30 07:00:13', 0),
  (3096762, '2c9fafb0656f461b016589a1ccdf0125', 'https://storage.googleapis.com/bonsai-b808c.appspot.com/dataturks/website/uploads/vidoes/Pexels%20Videos%201234170.mp4', NULL, 'notDone', 'NONE', 0, 0, NULL, '2018-08-30 07:00:13', '2018-08-30 07:00:13', 0),
  (3096763, '2c9fafb0656f461b016589a1ccdf0125', 'https://storage.googleapis.com/bonsai-b808c.appspot.com/dataturks/website/uploads/vidoes/Wind%20Turbine%20on%20a%20Field%20at%20Sunrise.mp4', NULL, 'notDone', 'NONE', 0, 0, NULL, '2018-08-30 07:00:13', '2018-08-30 07:00:13', 0),
  (3096764, '2c9fafb0656f461b016589a1ccdf0125', 'https://storage.googleapis.com/bonsai-b808c.appspot.com/dataturks/website/uploads/vidoes/Pexels%20Videos%201153258.mp4', NULL, 'notDone', 'NONE', 0, 0, NULL, '2018-08-30 07:00:13', '2018-08-30 07:00:13', 0),
  (3096765, '2c9fafb0656f461b016589a1ccdf0125', 'https://storage.googleapis.com/bonsai-b808c.appspot.com/dataturks/website/uploads/vidoes/Pexels%20Videos%201069804.mp4', NULL, 'notDone', 'NONE', 0, 0, NULL, '2018-08-30 07:00:13', '2018-08-30 07:00:13', 0),
  (3096766, '2c9fafb0656f461b016589a1ccdf0125', 'https://storage.googleapis.com/bonsai-b808c.appspot.com/dataturks/website/uploads/vidoes/Pexels%20Videos%201153258.mp4', NULL, 'notDone', 'NONE', 0, 0, NULL, '2018-08-30 07:00:13', '2018-08-30 07:00:13', 0),
  (3096767, '2c9fafb0656f461b016589a1ccdf0125', 'https://storage.googleapis.com/bonsai-b808c.appspot.com/dataturks/website/uploads/vidoes/Pexels%20Videos%201153274.mp4', NULL, 'notDone', 'NONE', 0, 0, NULL, '2018-08-30 07:00:13', '2018-08-30 07:00:13', 0),
  (3096768, '2c9fafb0656f461b016589a1ccdf0125', 'https://storage.googleapis.com/bonsai-b808c.appspot.com/dataturks/website/uploads/vidoes/Pexels%20Videos%201153278.mp4', NULL, 'notDone', 'NONE', 0, 0, NULL, '2018-08-30 07:00:13', '2018-08-30 07:00:13', 0),
  (3096769, '2c9fafb0656f461b016589a1ccdf0125', 'https://storage.googleapis.com/bonsai-b808c.appspot.com/dataturks/website/uploads/vidoes/Pexels%20Videos%201234170.mp4', NULL, 'notDone', 'NONE', 0, 0, NULL, '2018-08-30 07:00:13', '2018-08-30 07:00:13', 0),
  (3096770, '2c9fafb0656f461b016589a1ccdf0125', 'https://storage.googleapis.com/bonsai-b808c.appspot.com/dataturks/website/uploads/vidoes/Wind%20Turbine%20on%20a%20Field%20at%20Sunrise.mp4', NULL, 'notDone', 'NONE', 0, 0, NULL, '2018-08-30 07:00:14', '2018-08-30 07:00:14', 0),
  (3096771, '2c9fafb0656f461b016589a1ccdf0125', 'https://storage.googleapis.com/bonsai-b808c.appspot.com/dataturks/website/uploads/vidoes/Pexels%20Videos%201153258.mp4', NULL, 'notDone', 'NONE', 0, 0, NULL, '2018-08-30 07:00:14', '2018-08-30 07:00:14', 0),
  (3096772, '2c9fafb0656f461b016589a1ccdf0125', 'https://storage.googleapis.com/bonsai-b808c.appspot.com/dataturks/website/uploads/vidoes/Pexels%20Videos%201069804.mp4', NULL, 'notDone', 'NONE', 0, 0, NULL, '2018-08-30 07:00:14', '2018-08-30 07:00:14', 0),
  (3096774, '2c9fafb0656f461b016589a1ccdf0125', 'https://storage.googleapis.com/bonsai-b808c.appspot.com/dataturks/website/uploads/vidoes/Pexels%20Videos%201153274.mp4', NULL, 'notDone', 'NONE', 0, 0, NULL, '2018-08-30 07:00:14', '2018-08-30 07:00:14', 0),
  (3096775, '2c9fafb0656f461b016589a1ccdf0125', 'https://storage.googleapis.com/bonsai-b808c.appspot.com/dataturks/website/uploads/vidoes/Pexels%20Videos%201153278.mp4', NULL, 'notDone', 'NONE', 0, 0, NULL, '2018-08-30 07:00:14', '2018-08-30 07:00:14', 0),
  (3096776, '2c9fafb0656f461b016589a1ccdf0125', 'https://storage.googleapis.com/bonsai-b808c.appspot.com/dataturks/website/uploads/vidoes/Pexels%20Videos%201234170.mp4', NULL, 'notDone', 'NONE', 0, 0, NULL, '2018-08-30 07:00:14', '2018-08-30 07:00:14', 0),
  (3096777, '2c9fafb0656f461b016589a1ccdf0125', 'https://storage.googleapis.com/bonsai-b808c.appspot.com/dataturks/website/uploads/vidoes/Wind%20Turbine%20on%20a%20Field%20at%20Sunrise.mp4', NULL, 'notDone', 'NONE', 0, 0, NULL, '2018-08-30 07:00:14', '2018-08-30 07:00:14', 0),
  (3096778, '2c9fafb0656f461b016589a1ccdf0125', 'https://storage.googleapis.com/bonsai-b808c.appspot.com/dataturks/website/uploads/vidoes/Pexels%20Videos%201153258.mp4', NULL, 'notDone', 'NONE', 0, 0, NULL, '2018-08-30 07:00:14', '2018-08-30 07:00:14', 0),
  (3096779, '2c9fafb0656f461b016589a1ccdf0125', 'https://storage.googleapis.com/bonsai-b808c.appspot.com/dataturks/website/uploads/vidoes/Pexels%20Videos%201069804.mp4', NULL, 'notDone', 'NONE', 0, 0, NULL, '2018-08-30 07:00:14', '2018-08-30 07:00:14', 0),
  (3096780, '2c9fafb0656f461b016589a1ccdf0125', 'https://storage.googleapis.com/bonsai-b808c.appspot.com/dataturks/website/uploads/vidoes/Pexels%20Videos%201153258.mp4', NULL, 'notDone', 'NONE', 0, 0, NULL, '2018-08-30 07:00:14', '2018-08-30 07:00:14', 0),
  (3096781, '2c9fafb0656f461b016589a1ccdf0125', 'https://storage.googleapis.com/bonsai-b808c.appspot.com/dataturks/website/uploads/vidoes/Pexels%20Videos%201153274.mp4', NULL, 'notDone', 'NONE', 0, 0, NULL, '2018-08-30 07:00:14', '2018-08-30 07:00:14', 0),
  (3096782, '2c9fafb0656f461b016589a1ccdf0125', 'https://storage.googleapis.com/bonsai-b808c.appspot.com/dataturks/website/uploads/vidoes/Pexels%20Videos%201153278.mp4', NULL, 'notDone', 'NONE', 0, 0, NULL, '2018-08-30 07:00:14', '2018-08-30 07:00:14', 0),
  (3096783, '2c9fafb0656f461b016589a1ccdf0125', 'https://storage.googleapis.com/bonsai-b808c.appspot.com/dataturks/website/uploads/vidoes/Pexels%20Videos%201234170.mp4', NULL, 'notDone', 'NONE', 0, 0, NULL, '2018-08-30 07:00:14', '2018-08-30 07:00:14', 0),
  (3096784, '2c9fafb0656f461b016589a1ccdf0125', 'https://storage.googleapis.com/bonsai-b808c.appspot.com/dataturks/website/uploads/vidoes/Wind%20Turbine%20on%20a%20Field%20at%20Sunrise.mp4', NULL, 'notDone', 'NONE', 0, 0, NULL, '2018-08-30 07:00:14', '2018-08-30 07:00:14', 0),
  (3096785, '2c9fafb0656f461b016589a1ccdf0125', 'https://storage.googleapis.com/bonsai-b808c.appspot.com/dataturks/website/uploads/vidoes/Pexels%20Videos%201153258.mp4', NULL, 'notDone', 'NONE', 0, 0, NULL, '2018-08-30 07:00:14', '2018-08-30 07:00:14', 0),
  (3096787, '2c9fafb0656f461b016589a1ccdf0125', 'https://storage.googleapis.com/bonsai-b808c.appspot.com/dataturks/website/uploads/vidoes/Pexels%20Videos%201153258.mp4', NULL, 'notDone', 'NONE', 0, 0, NULL, '2018-08-30 07:00:14', '2018-08-30 07:00:14', 0),
  (3096788, '2c9fafb0656f461b016589a1ccdf0125', 'https://storage.googleapis.com/bonsai-b808c.appspot.com/dataturks/website/uploads/vidoes/Pexels%20Videos%201153274.mp4', NULL, 'notDone', 'NONE', 0, 0, NULL, '2018-08-30 07:00:14', '2018-08-30 07:00:14', 0),
  (3096789, '2c9fafb0656f461b016589a1ccdf0125', 'https://storage.googleapis.com/bonsai-b808c.appspot.com/dataturks/website/uploads/vidoes/Pexels%20Videos%201153278.mp4', NULL, 'notDone', 'NONE', 0, 0, NULL, '2018-08-30 07:00:14', '2018-08-30 07:00:14', 0),
  (3096790, '2c9fafb0656f461b016589a1ccdf0125', 'https://storage.googleapis.com/bonsai-b808c.appspot.com/dataturks/website/uploads/vidoes/Pexels%20Videos%201234170.mp4', NULL, 'notDone', 'NONE', 0, 0, NULL, '2018-08-30 07:00:14', '2018-08-30 07:00:14', 0),
  (3096792, '2c9fafb0656f461b016589a1ccdf0125', 'https://storage.googleapis.com/bonsai-b808c.appspot.com/dataturks/website/uploads/vidoes/Pexels%20Videos%201153258.mp4', NULL, 'notDone', 'NONE', 0, 0, NULL, '2018-08-30 07:00:14', '2018-08-30 07:00:14', 0),
  (3096794, '2c9fafb0656f461b016589a1ccdf0125', 'https://storage.googleapis.com/bonsai-b808c.appspot.com/dataturks/website/uploads/vidoes/Pexels%20Videos%201153258.mp4', NULL, 'notDone', 'NONE', 0, 0, NULL, '2018-08-30 07:00:14', '2018-08-30 07:00:14', 0),
  (3096795, '2c9fafb0656f461b016589a1ccdf0125', 'https://storage.googleapis.com/bonsai-b808c.appspot.com/dataturks/website/uploads/vidoes/Pexels%20Videos%201153274.mp4', NULL, 'notDone', 'NONE', 0, 0, NULL, '2018-08-30 07:00:14', '2018-08-30 07:00:14', 0),
  (3096796, '2c9fafb0656f461b016589a1ccdf0125', 'https://storage.googleapis.com/bonsai-b808c.appspot.com/dataturks/website/uploads/vidoes/Pexels%20Videos%201153278.mp4', NULL, 'notDone', 'NONE', 0, 0, NULL, '2018-08-30 07:00:14', '2018-08-30 07:00:14', 0),
  (3096797, '2c9fafb0656f461b016589a1ccdf0125', 'https://storage.googleapis.com/bonsai-b808c.appspot.com/dataturks/website/uploads/vidoes/Pexels%20Videos%201234170.mp4', NULL, 'notDone', 'NONE', 0, 0, NULL, '2018-08-30 07:00:14', '2018-08-30 07:00:14', 0),
  (3096798, '2c9fafb0656f461b016589a1ccdf0125', 'https://storage.googleapis.com/bonsai-b808c.appspot.com/dataturks/website/uploads/vidoes/Wind%20Turbine%20on%20a%20Field%20at%20Sunrise.mp4', NULL, 'notDone', 'NONE', 0, 0, NULL, '2018-08-30 07:00:14', '2018-08-30 07:00:14', 0),
  (3096799, '2c9fafb0656f461b016589a1ccdf0125', 'https://storage.googleapis.com/bonsai-b808c.appspot.com/dataturks/website/uploads/vidoes/Pexels%20Videos%201153258.mp4', NULL, 'notDone', 'NONE', 0, 0, NULL, '2018-08-30 07:00:14', '2018-08-30 07:00:14', 0),
  (3096800, '2c9fafb0656f461b016589a1ccdf0125', 'https://storage.googleapis.com/bonsai-b808c.appspot.com/dataturks/website/uploads/vidoes/Pexels%20Videos%201069804.mp4', NULL, 'notDone', 'NONE', 0, 0, NULL, '2018-08-30 07:00:14', '2018-08-30 07:00:14', 0),
  (3096801, '2c9fafb0656f461b016589a1ccdf0125', 'https://storage.googleapis.com/bonsai-b808c.appspot.com/dataturks/website/uploads/vidoes/Pexels%20Videos%201153258.mp4', NULL, 'notDone', 'NONE', 0, 0, NULL, '2018-08-30 07:00:14', '2018-08-30 07:00:14', 0);
